date,tmin_c,tmin_time,tmax_c,tmax_time,source_file,source_page
2016-05-01,,,,,TEMPERATURE OBSERVATION 2016.pdf,1
2016-05-02,27.8,6:15 am,36.0,1:50 pm,TEMPERATURE OBSERVATION 2016.pdf,1
2016-05-03,27.6,6:00 am,36.2,1:15 pm,TEMPERATURE OBSERVATION 2016.pdf,1
2016-05-04,27.8,6:25 am,36.8,2:15 pm,TEMPERATURE OBSERVATION 2016.pdf,1
2016-05-05,26.0,6:00 am,36.5,2:30 pm,TEMPERATURE OBSERVATION 2016.pdf,1
2016-05-06,28.0,6:00 am,35.8,3:00 pm,TEMPERATURE OBSERVATION 2016.pdf,1
2016-05-07,27.0,6:30 am,35.5,2:00 pm,TEMPERATURE OBSERVATION 2016.pdf,1
2016-05-08,27.8,6:30 am,35.0,3:30 pm,TEMPERATURE OBSERVATION 2016.pdf,1
2016-05-09,26.8,6:00 am,36.8,1:50 pm,TEMPERATURE OBSERVATION 2016.pdf,1
2016-05-10,26.9,6:30 am,34.5,2:15 pm,TEMPERATURE OBSERVATION 2016.pdf,1
2016-05-11,28.0,6:00 am,35.0,2:00 pm,TEMPERATURE OBSERVATION 2016.pdf,1
2016-05-12,27.8,5:35 am,35.1,12:35 pm,TEMPERATURE OBSERVATION 2016.pdf,1
2016-05-13,27.4,6:00 am,36.0,3:30 pm,TEMPERATURE OBSERVATION 2016.pdf,1
2016-05-14,27.4,6:00 am,35.6,2:00 pm,TEMPERATURE OBSERVATION 2016.pdf,1
2016-05-15,27.6,5:30 am,35.7,1:00 pm,TEMPERATURE OBSERVATION 2016.pdf,1
2016-05-16,26.8,6:00 am,35.9,2:20 pm,TEMPERATURE OBSERVATION 2016.pdf,1
2016-05-17,25.2,6:25 am,35.0,1:55 pm,TEMPERATURE OBSERVATION 2016.pdf,1
2016-05-18,26.0,6:00 am,34.6,3:00 pm,TEMPERATURE OBSERVATION 2016.pdf,1
2016-05-19,25.8,6:00 am,33.7,12:00 pm,TEMPERATURE OBSERVATION 2016.pdf,1
2016-05-20,25.8,6:00 am,33.0,1:20 pm,TEMPERATURE OBSERVATION 2016.pdf,1
2016-05-21,26.4,4:00 am,34.9,2:00 pm,TEMPERATURE OBSERVATION 2016.pdf,1
2016-05-22,26.8,6:15 am,33.8,1:30 pm,TEMPERATURE OBSERVATION 2016.pdf,1
2016-05-23,27.0,6:00 am,31.7,3:25 pm,TEMPERATURE OBSERVATION 2016.pdf,1
2016-05-24,25.8,6:00 am,32.0,2:00 pm,TEMPERATURE OBSERVATION 2016.pdf,1
2016-05-25,26.1,5:00 am,33.4,2:00 pm,TEMPERATURE OBSERVATION 2016.pdf,1
2016-05-26,26.0,6:00 am,32.9,3:00 pm,TEMPERATURE OBSERVATION 2016.pdf,1
2016-05-27,26.7,6:00 am,34.6,2:15 pm,TEMPERATURE OBSERVATION 2016.pdf,1
2016-05-28,25.2,6:15 am,33.5,1:30 pm,TEMPERATURE OBSERVATION 2016.pdf,1
2016-05-29,25.4,6:00 am,34.0,2:00 pm,TEMPERATURE OBSERVATION 2016.pdf,1
2016-05-30,25.7,6:04 am,33.5,2:15 pm,TEMPERATURE OBSERVATION 2016.pdf,1
2016-05-31,25.1,6:15 am,33.4,2:50 pm,TEMPERATURE OBSERVATION 2016.pdf,1
2016-06-01,24.8,6:30 am,32.4,2:00 pm,TEMPERATURE OBSERVATION 2016.pdf,2
2016-06-02,25.8,6:00 am,33.2,12:30 pm,TEMPERATURE OBSERVATION 2016.pdf,2
2016-06-03,25.0,6:20 am,33.6,1:30 pm,TEMPERATURE OBSERVATION 2016.pdf,2
2016-06-04,26.0,6:00 am,32.9,1:00 pm,TEMPERATURE OBSERVATION 2016.pdf,2
2016-06-05,26.2,6:00 am,33.2,1:30 pm,TEMPERATURE OBSERVATION 2016.pdf,2
2016-06-06,26.2,7:00 am,31.8,1:00 pm,TEMPERATURE OBSERVATION 2016.pdf,2
2016-06-07,25.4,6:30 am,33.0,2:00 pm,TEMPERATURE OBSERVATION 2016.pdf,2
2016-06-08,24.7,6:00 am,32.7,12:05 pm,TEMPERATURE OBSERVATION 2016.pdf,2
2016-06-09,25.0,6:20 am,33.3,12:30 pm,TEMPERATURE OBSERVATION 2016.pdf,2
2016-06-10,25.4,6:00 am,34.0,2:00 pm,TEMPERATURE OBSERVATION 2016.pdf,2
2016-06-11,25.4,6:00 am,33.6,2:00 pm,TEMPERATURE OBSERVATION 2016.pdf,2
2016-06-12,25.8,6:20 am,33.3,2:00 pm,TEMPERATURE OBSERVATION 2016.pdf,2
2016-06-13,25.0,6:15 am,33.2,12:20 pm,TEMPERATURE OBSERVATION 2016.pdf,2
2016-06-14,26.0,5:00 am,34.2,3:00 pm,TEMPERATURE OBSERVATION 2016.pdf,2
2016-06-15,25.8,6:00 am,34.5,3:15 pm,TEMPERATURE OBSERVATION 2016.pdf,2
2016-06-16,25.0,6:00 am,33.2,2:00 pm,TEMPERATURE OBSERVATION 2016.pdf,2
2016-06-17,27.8,5:00 am,35.2,5:00 pm,TEMPERATURE OBSERVATION 2016.pdf,2
2016-06-18,27.5,6:30 am,34.0,1:00 pm,TEMPERATURE OBSERVATION 2016.pdf,2
2016-06-19,26.2,6:30 am,35.0,2:30 pm,TEMPERATURE OBSERVATION 2016.pdf,2
2016-06-20,24.8,5:00 am,33.0,2:00 pm,TEMPERATURE OBSERVATION 2016.pdf,2
2016-06-21,25.6,6:00 am,29.8,12:15 pm,TEMPERATURE OBSERVATION 2016.pdf,2
2016-06-22,25.0,6:00 am,30.0,2:00 pm,TEMPERATURE OBSERVATION 2016.pdf,2
2016-06-23,25.0,5:00 am,31.4,2:00 pm,TEMPERATURE OBSERVATION 2016.pdf,2
2016-06-24,25.0,6:30 am,31.0,2:15 pm,TEMPERATURE OBSERVATION 2016.pdf,2
2016-06-25,25.0,6:00 am,31.8,2:00 pm,TEMPERATURE OBSERVATION 2016.pdf,2
2016-06-26,25.0,6:00 am,30.3,2:10 pm,TEMPERATURE OBSERVATION 2016.pdf,2
2016-06-27,25.2,2:00 am,30.2,2:45 pm,TEMPERATURE OBSERVATION 2016.pdf,2
2016-06-28,24.0,6:00 am,31.7,3:00 pm,TEMPERATURE OBSERVATION 2016.pdf,2
2016-06-29,25.0,5:00 am,31.0,12:00 pm,TEMPERATURE OBSERVATION 2016.pdf,2
2016-06-30,25.1,6:15 am,30.0,11:15 am,TEMPERATURE OBSERVATION 2016.pdf,2
2016-07-01,25.0,6:00 am,31.0,5:00 pm,TEMPERATURE OBSERVATION 2016.pdf,4
2016-07-02,26.0,6:00 am,31.0,1:00 pm,TEMPERATURE OBSERVATION 2016.pdf,4
2016-07-03,24.8,6:00 am,31.2,12:30 pm,TEMPERATURE OBSERVATION 2016.pdf,4
2016-07-04,25.0,6:00 am,30.0,2:00 pm,TEMPERATURE OBSERVATION 2016.pdf,4
2016-07-05,26.8,1:00 am,30.0,12:30 pm,TEMPERATURE OBSERVATION 2016.pdf,4
2016-07-06,25.0,7:00 pm,30.2,12:30 pm,TEMPERATURE OBSERVATION 2016.pdf,4
2016-07-07,25.0,6:40 am,29.8,3:20 pm,TEMPERATURE OBSERVATION 2016.pdf,4
2016-07-08,24.3,4:00 am,28.4,10:00 am,TEMPERATURE OBSERVATION 2016.pdf,4
2016-07-09,25.7,6:30 am,28.9,1:30 pm,TEMPERATURE OBSERVATION 2016.pdf,4
2016-07-10,25.1,6:20 am,31.0,4:00 pm,TEMPERATURE OBSERVATION 2016.pdf,4
2016-07-11,25.2,6:00 am,31.8,4:00 pm,TEMPERATURE OBSERVATION 2016.pdf,4
2016-07-12,24.7,6:45 am,32.3,2:00 pm,TEMPERATURE OBSERVATION 2016.pdf,4
2016-07-13,26.0,6:00 am,31.0,1:00 pm,TEMPERATURE OBSERVATION 2016.pdf,4
2016-07-14,25.0,6:00 am,30.0,1:00 pm,TEMPERATURE OBSERVATION 2016.pdf,4
2016-07-15,26.3,6:30 am,32.4,4:15 pm,TEMPERATURE OBSERVATION 2016.pdf,4
2016-07-16,25.2,6:00 am,32.5,1:30 pm,TEMPERATURE OBSERVATION 2016.pdf,4
2016-07-17,25.0,6:30 am,33.0,3:00 pm,TEMPERATURE OBSERVATION 2016.pdf,4
2016-07-18,26.0,5:45 am,32.5,2:15 pm,TEMPERATURE OBSERVATION 2016.pdf,4
2016-07-19,24.8,6:00 am,33.2,1:40 pm,TEMPERATURE OBSERVATION 2016.pdf,4
2016-07-20,25.9,5:30 am,33.8,2:20 pm,TEMPERATURE OBSERVATION 2016.pdf,4
2016-07-21,26.6,6:20 am,33.9,2:30 pm,TEMPERATURE OBSERVATION 2016.pdf,4
2016-07-22,25.8,6:10 am,32.3,2:40 pm,TEMPERATURE OBSERVATION 2016.pdf,4
2016-07-23,25.0,5:00 am,33.0,2:00 pm,TEMPERATURE OBSERVATION 2016.pdf,4
2016-07-24,25.0,6:00 am,32.4,3:00 pm,TEMPERATURE OBSERVATION 2016.pdf,4
2016-07-25,26.0,6:00 am,33.0,3:00 pm,TEMPERATURE OBSERVATION 2016.pdf,4
2016-07-26,25.8,6:00 am,32.2,3:00 pm,TEMPERATURE OBSERVATION 2016.pdf,4
2016-07-27,25.2,6:30 am,33.7,2:50 pm,TEMPERATURE OBSERVATION 2016.pdf,4
2016-07-28,26.0,6:00 am,32.5,2:50 pm,TEMPERATURE OBSERVATION 2016.pdf,4
2016-07-29,25.3,6:30 am,29.0,2:00 pm,TEMPERATURE OBSERVATION 2016.pdf,4
2016-07-30,25.0,6:00 am,30.0,2:00 pm,TEMPERATURE OBSERVATION 2016.pdf,4
2016-07-31,25.0,5:30 am,30.0,2:00 pm,TEMPERATURE OBSERVATION 2016.pdf,4
2016-08-01,24.5,6:00 am,29.0,1:00 pm,TEMPERATURE OBSERVATION 2016.pdf,6
2016-08-02,24.9,6:00 am,29.5,12:20 pm,TEMPERATURE OBSERVATION 2016.pdf,6
2016-08-03,24.9,7:00 am,31.0,2:00 pm,TEMPERATURE OBSERVATION 2016.pdf,6
2016-08-04,25.7,6:45 am,31.2,2:00 pm,TEMPERATURE OBSERVATION 2016.pdf,6
2016-08-05,25.8,12:00 NN,31.6,2:00 pm,TEMPERATURE OBSERVATION 2016.pdf,6
2016-08-06,24.9,9:00 pm,30.0,12:30 pm,TEMPERATURE OBSERVATION 2016.pdf,6
2016-08-07,25.6,10:30 pm,30.0,4:00 pm,TEMPERATURE OBSERVATION 2016.pdf,6
2016-08-08,24.6,1:00 am,30.2,12:45 pm,TEMPERATURE OBSERVATION 2016.pdf,6
2016-08-09,24.9,7:00 am,30.0,2:00 pm,TEMPERATURE OBSERVATION 2016.pdf,6
2016-08-10,25.0,6:30 am,29.5,1:00 pm,TEMPERATURE OBSERVATION 2016.pdf,6
2016-08-11,27.8,2:00 am,30.0,1:00 pm,TEMPERATURE OBSERVATION 2016.pdf,6
2016-08-12,26.8,9:30 am,29.4,2:30 pm,TEMPERATURE OBSERVATION 2016.pdf,6
2016-08-13,27.0,5:00 am,28.5,8:00 am,TEMPERATURE OBSERVATION 2016.pdf,6
2016-08-14,26.8,6:00 am,30.6,1:30 pm,TEMPERATURE OBSERVATION 2016.pdf,6
2016-08-15,28.0,7:00 am,30.2,1:30 pm,TEMPERATURE OBSERVATION 2016.pdf,6
2016-08-16,28.1,6:30 am,31.5,1:00 pm,TEMPERATURE OBSERVATION 2016.pdf,6
2016-08-17,27.8,6:00 am,31.3,2:00 pm,TEMPERATURE OBSERVATION 2016.pdf,6
2016-08-18,25.6,6:00 am,31.5,2:30 pm,TEMPERATURE OBSERVATION 2016.pdf,6
2016-08-19,28.0,7:00 am,31.6,1:00 pm,TEMPERATURE OBSERVATION 2016.pdf,6
2016-08-20,25.0,11:30 pm,31.0,10:00 am,TEMPERATURE OBSERVATION 2016.pdf,6
2016-08-21,25.2,5:00 pm,30.0,12:00 NN,TEMPERATURE OBSERVATION 2016.pdf,6
2016-08-22,25.8,12:00 am,30.0,2:00 pm,TEMPERATURE OBSERVATION 2016.pdf,6
2016-08-23,25.7,11:30 am,30.6,3:15 pm,TEMPERATURE OBSERVATION 2016.pdf,6
2016-08-24,26.8,4:00 am,31.2,2:15 pm,TEMPERATURE OBSERVATION 2016.pdf,6
2016-08-25,27.6,6:00 am,30.9,3:00 pm,TEMPERATURE OBSERVATION 2016.pdf,6
2016-08-26,25.4,10:45 pm,31.0,3:00 pm,TEMPERATURE OBSERVATION 2016.pdf,6
2016-08-27,25.9,6:00 am,29.6,1:00 pm,TEMPERATURE OBSERVATION 2016.pdf,6
2016-08-28,25.8,7:00 am,31.1,2:30 pm,TEMPERATURE OBSERVATION 2016.pdf,6
2016-08-29,25.8,6:00 am,30.9,2:30 pm,TEMPERATURE OBSERVATION 2016.pdf,6
2016-08-30,24.4,6:20 am,31.1,3:00 pm,TEMPERATURE OBSERVATION 2016.pdf,6
2016-08-31,24.6,6:30 am,31.0,2:00 pm,TEMPERATURE OBSERVATION 2016.pdf,6
2016-09-01,24.5,6:40 am,30.2,2:20PM,TEMPERATURE OBSERVATION 2016.pdf,8
2016-09-02,23.0,7:00 am,30.0,3:00 pm,TEMPERATURE OBSERVATION 2016.pdf,8
2016-09-03,24.3,6:40 am,30.4,4:00 pm,TEMPERATURE OBSERVATION 2016.pdf,8
2016-09-04,24.0,1:00 am,30.3,2:00 pm,TEMPERATURE OBSERVATION 2016.pdf,8
2016-09-05,24.8,6:30 am,29.5,2:00 pm,TEMPERATURE OBSERVATION 2016.pdf,8
2016-09-06,23.0,6:00 am,28.6,1:00 pm,TEMPERATURE OBSERVATION 2016.pdf,8
2016-09-07,24.7,4:00 am,29.7,1:30 pm,TEMPERATURE OBSERVATION 2016.pdf,8
2016-09-08,23.0,6:00 am,27.2,12:00 NN,TEMPERATURE OBSERVATION 2016.pdf,8
2016-09-09,24.6,8:30 pm,28.9,1:20 pm,TEMPERATURE OBSERVATION 2016.pdf,8
2016-09-10,23.0,6:30 am,28.3,2:30 pm,TEMPERATURE OBSERVATION 2016.pdf,8
2016-09-11,24.8,6:20 am,28.5,12:30 pm,TEMPERATURE OBSERVATION 2016.pdf,8
2016-09-12,23.0,6:30 am,29.2,12:00 NN,TEMPERATURE OBSERVATION 2016.pdf,8
2016-09-13,25.3,4:00 am,29.2,11:00 am,TEMPERATURE OBSERVATION 2016.pdf,8
2016-09-14,24.3,6:00 am,29.6,2:00 pm,TEMPERATURE OBSERVATION 2016.pdf,8
2016-09-15,24.6,5:00 am,30.0,1:00 pm,TEMPERATURE OBSERVATION 2016.pdf,8
2016-09-16,24.2,6:00 am,28.8,3:00 pm,TEMPERATURE OBSERVATION 2016.pdf,8
2016-09-17,25.1,6:40 am,29.0,2:00 pm,TEMPERATURE OBSERVATION 2016.pdf,8
2016-09-18,23.0,1:00 am,29.2,1:00 pm,TEMPERATURE OBSERVATION 2016.pdf,8
2016-09-19,24.4,5:30 am,28.0,12:00 pm,TEMPERATURE OBSERVATION 2016.pdf,8
2016-09-20,23.4,6:00 am,29.0,1:15 pm,TEMPERATURE OBSERVATION 2016.pdf,8
2016-09-21,24.6,6:00 am,29.0,2:30 pm,TEMPERATURE OBSERVATION 2016.pdf,8
2016-09-22,22.5,5:30 am,30.0,2:00 pm,TEMPERATURE OBSERVATION 2016.pdf,8
2016-09-23,24.1,7:00 am,29.0,1:10 pm,TEMPERATURE OBSERVATION 2016.pdf,8
2016-09-24,23.0,6:00 am,31.8,1:30 pm,TEMPERATURE OBSERVATION 2016.pdf,8
2016-09-25,24.0,6:30 am,28.0,11:20 am,TEMPERATURE OBSERVATION 2016.pdf,8
2016-09-26,23.0,11:00 pm,29.0,12:00 NN,TEMPERATURE OBSERVATION 2016.pdf,8
2016-09-27,24.8,3:00 am,29.0,1:30 pm,TEMPERATURE OBSERVATION 2016.pdf,8
2016-09-28,24.6,7:00 am,29.6,2:00 pm,TEMPERATURE OBSERVATION 2016.pdf,8
2016-09-29,24.0,6:15 am,30.0,12:45 pm,TEMPERATURE OBSERVATION 2016.pdf,8
2016-09-30,24.0,6:00 am,30.8,2:00 pm,TEMPERATURE OBSERVATION 2016.pdf,8
2016-10-01,24.1,6:00 am,30.2,2:00 pm,TEMPERATURE OBSERVATION 2016.pdf,10
2016-10-02,24.8,6:30 am,30.0,12:00 NN,TEMPERATURE OBSERVATION 2016.pdf,10
2016-10-03,25.2,inappropriate no of days selection,,,TEMPERATURE OBSERVATION 2016.pdf,10
2016-10-04,25.6,3:00 am,29.3,11:00 am,TEMPERATURE OBSERVATION 2016.pdf,10
2016-10-05,23.9,3:45 am,29.4,11:00 am,TEMPERATURE OBSERVATION 2016.pdf,10
2016-10-06,24.5,6:00 am,29.3,1:00 pm,TEMPERATURE OBSERVATION 2016.pdf,10
2016-10-07,24.9,6:20 am,30.5,2:00 pm,TEMPERATURE OBSERVATION 2016.pdf,10
2016-10-08,24.2,6:00 am,31.3,1:00 pm,TEMPERATURE OBSERVATION 2016.pdf,10
2016-10-09,25.3,6:00 am,31.2,2:00 pm,TEMPERATURE OBSERVATION 2016.pdf,10
2016-10-10,24.7,6:15 am,31.2,3:00 pm,TEMPERATURE OBSERVATION 2016.pdf,10
2016-10-11,24.6,6:00 am,30.0,3:00 pm,TEMPERATURE OBSERVATION 2016.pdf,10
2016-10-12,24.4,6:00 am,29.2,2:00 pm,TEMPERATURE OBSERVATION 2016.pdf,10
2016-10-13,24.5,6:15 am,30.0,1:30 pm,TEMPERATURE OBSERVATION 2016.pdf,10
2016-10-14,24.2,2:00 am,27.2,11:00 am,TEMPERATURE OBSERVATION 2016.pdf,10
2016-10-15,26.0,6:30 am,29.6,1:00 pm,TEMPERATURE OBSERVATION 2016.pdf,10
2016-10-16,24.4,7:00 am,28.3,10:00 am,TEMPERATURE OBSERVATION 2016.pdf,10
2016-10-17,24.3,6:30 am,30.6,2:00 pm,TEMPERATURE OBSERVATION 2016.pdf,10
2016-10-18,24.4,6:30 am,31.4,12:30 pm,TEMPERATURE OBSERVATION 2016.pdf,10
2016-10-19,25.4,1:30 am,30.6,1:00 pm,TEMPERATURE OBSERVATION 2016.pdf,10
2016-10-20,24.1,6:40 am,29.4,12:30 pm,TEMPERATURE OBSERVATION 2016.pdf,10
2016-10-21,24.6,6:50 am,30.1,12:00 pm,TEMPERATURE OBSERVATION 2016.pdf,10
2016-10-22,25.5,6:30 am,31.9,2:30 pm,TEMPERATURE OBSERVATION 2016.pdf,10
2016-10-23,25.6,6:00 am,32.0,2:00 pm,TEMPERATURE OBSERVATION 2016.pdf,10
2016-10-24,25.3,6:30 am,31.4,2:10 pm,TEMPERATURE OBSERVATION 2016.pdf,10
2016-10-25,25.0,5:00 am,31.8,2:30 pm,TEMPERATURE OBSERVATION 2016.pdf,10
2016-10-26,25.6,6:00 am,31.6,2:30 pm,TEMPERATURE OBSERVATION 2016.pdf,10
2016-10-27,25.8,5:00 am,30.2,3:00 pm,TEMPERATURE OBSERVATION 2016.pdf,10
2016-10-28,25.5,6:00 am,30.4,3:00 pm,TEMPERATURE OBSERVATION 2016.pdf,10
2016-10-29,24.2,6:40 am,30.0,2:00 pm,TEMPERATURE OBSERVATION 2016.pdf,10
2016-10-30,25.5,4:00 am,28.8,4:30 pm,TEMPERATURE OBSERVATION 2016.pdf,10
2016-10-31,23.8,5:00 am,29.6,10:00 am,TEMPERATURE OBSERVATION 2016.pdf,10
2016-11-01,25.4,7:00 am,29.6,1:30 pm,TEMPERATURE OBSERVATION 2016.pdf,12
2016-11-02,25.0,7:30 am,29.2,3:00 pm,TEMPERATURE OBSERVATION 2016.pdf,12
2016-11-03,25.0,6:30 am,28.5,2:00 pm,TEMPERATURE OBSERVATION 2016.pdf,12
2016-11-04,24.0,6:00 am,29.0,12:00 pm,TEMPERATURE OBSERVATION 2016.pdf,12
2016-11-05,24.4,,,,TEMPERATURE OBSERVATION 2016.pdf,12
2016-11-06,23.8,6:00 am,30.2,1:20 pm,TEMPERATURE OBSERVATION 2016.pdf,12
2016-11-07,24.2,6:00 am,30.6,2:10 pm,TEMPERATURE OBSERVATION 2016.pdf,12
2016-11-08,22.0,6:15 am,30.2,2:15 pm,TEMPERATURE OBSERVATION 2016.pdf,12
2016-11-09,23.2,6:30 am,29.9,1:10 pm,TEMPERATURE OBSERVATION 2016.pdf,12
2016-11-10,22.0,6:00 am,30.4,3:00 pm,TEMPERATURE OBSERVATION 2016.pdf,12
2016-11-11,23.8,6:10 am,30.4,2:30 pm,TEMPERATURE OBSERVATION 2016.pdf,12
2016-11-12,24.0,7:00 am,30.3,1:15 pm,TEMPERATURE OBSERVATION 2016.pdf,12
2016-11-13,25.3,3:30 am,31.4,3:30 pm,TEMPERATURE OBSERVATION 2016.pdf,12
2016-11-14,24.2,6:00 am,30.0,2:00 pm,TEMPERATURE OBSERVATION 2016.pdf,12
2016-11-15,25.1,6:45 am,31.0,2:30 pm,TEMPERATURE OBSERVATION 2016.pdf,12
2016-11-16,26.0,6:00 am,33.0,2:30 pm,TEMPERATURE OBSERVATION 2016.pdf,12
2016-11-17,25.3,6:00 am,29.1,12:00 pm,TEMPERATURE OBSERVATION 2016.pdf,12
2016-11-18,25.7,5:00 am,29.8,3:00 pm,TEMPERATURE OBSERVATION 2016.pdf,12
2016-11-19,25.9,6:30 am,31.4,2:45 pm,TEMPERATURE OBSERVATION 2016.pdf,12
2016-11-20,25.0,6:30 am,31.8,2:50 pm,TEMPERATURE OBSERVATION 2016.pdf,12
2016-11-21,25.3,6:30 am,31.0,2:00 pm,TEMPERATURE OBSERVATION 2016.pdf,12
2016-11-22,25.8,6:00 am,32.0,2:30 pm,TEMPERATURE OBSERVATION 2016.pdf,12
2016-11-23,25.0,6:30 am,31.6,2:00 pm,TEMPERATURE OBSERVATION 2016.pdf,12
2016-11-24,23.9,6:00 am,29.0,2:10 pm,TEMPERATURE OBSERVATION 2016.pdf,12
2016-11-25,23.5,6:30 am,26.4,10:40 am,TEMPERATURE OBSERVATION 2016.pdf,12
2016-11-26,25.1,7:30 am,30.8,3:30 pm,TEMPERATURE OBSERVATION 2016.pdf,12
2016-11-27,25.6,6:00 am,31.8,3:10 pm,TEMPERATURE OBSERVATION 2016.pdf,12
2016-11-28,25.5,6:30 am,31.9,3:30 pm,TEMPERATURE OBSERVATION 2016.pdf,12
2016-11-29,25.5,2:30 am,31.6,2:10 pm,TEMPERATURE OBSERVATION 2016.pdf,12
2016-11-30,25.5,6:30 am,31.4,2:30 pm,TEMPERATURE OBSERVATION 2016.pdf,12
2016-12-01,25.3,6:00 am,30.6,12:30 pm,TEMPERATURE OBSERVATION 2016.pdf,14
2016-12-02,24.6,6:00 am,31.9,3:00 pm,TEMPERATURE OBSERVATION 2016.pdf,14
2016-12-03,25.1,5:30 am,30.2,5:00 pm,TEMPERATURE OBSERVATION 2016.pdf,14
2016-12-04,25.5,7:30 am,30.0,1:50 pm,TEMPERATURE OBSERVATION 2016.pdf,14
2016-12-05,25.5,6:30 am,31.0,2:00 pm,TEMPERATURE OBSERVATION 2016.pdf,14
2016-12-06,25.0,6:00 am,30.0,1:00 pm,TEMPERATURE OBSERVATION 2016.pdf,14
2016-12-07,25.5,6:30 am,31.4,1:40 pm,TEMPERATURE OBSERVATION 2016.pdf,14
2016-12-08,24.0,6:30 am,29.6,3:00 pm,TEMPERATURE OBSERVATION 2016.pdf,14
2016-12-09,25.7,7:00 am,31.0,4:10 pm,TEMPERATURE OBSERVATION 2016.pdf,14
2016-12-10,24.7,6:00 am,30.0,4:40 pm,TEMPERATURE OBSERVATION 2016.pdf,14
2016-12-11,25.0,7:30 am,30.8,2:30 pm,TEMPERATURE OBSERVATION 2016.pdf,14
2016-12-12,24.0,9:00 am,31.2,3:00 pm,TEMPERATURE OBSERVATION 2016.pdf,14
2016-12-13,24.3,6:30 am,30.0,12:10 pm,TEMPERATURE OBSERVATION 2016.pdf,14
2016-12-14,24.0,6:25 am,30.3,3:00 pm,TEMPERATURE OBSERVATION 2016.pdf,14
2016-12-15,24.5,6:00 am,30.3,3:40 pm,TEMPERATURE OBSERVATION 2016.pdf,14
2016-12-16,23.7,6:15 am,30.0,12:20 pm,TEMPERATURE OBSERVATION 2016.pdf,14
2016-12-17,24.5,6:30 am,29.0,3:20 pm,TEMPERATURE OBSERVATION 2016.pdf,14
2016-12-18,25.0,7:00 am,30.7,3:00 pm,TEMPERATURE OBSERVATION 2016.pdf,14
2016-12-19,24.6,4:30 am,28.5,2:30 pm,TEMPERATURE OBSERVATION 2016.pdf,14
2016-12-20,24.0,6:00 am,29.3,1:40 pm,TEMPERATURE OBSERVATION 2016.pdf,14
2016-12-21,24.8,6:00 am,30.3,1:30 pm,TEMPERATURE OBSERVATION 2016.pdf,14
2016-12-22,24.8,6:30 am,29.2,1:10 pm,TEMPERATURE OBSERVATION 2016.pdf,14
2016-12-23,24.1,6:30 am,28.8,1:30 pm,TEMPERATURE OBSERVATION 2016.pdf,14
2016-12-24,24.8,6:00 am,29.0,2:00 pm,TEMPERATURE OBSERVATION 2016.pdf,14
2016-12-25,26.0,6:40 am,29.9,1:30 pm,TEMPERATURE OBSERVATION 2016.pdf,14
2016-12-26,25.8,6:45 am,31.2,2:00 pm,TEMPERATURE OBSERVATION 2016.pdf,14
2016-12-27,24.7,7:00 am,31.8,2:20 pm,TEMPERATURE OBSERVATION 2016.pdf,14
2016-12-28,25.0,6:30 am,31.9,2:10 pm,TEMPERATURE OBSERVATION 2016.pdf,14
2016-12-29,25.0,7:00 am,31.7,3:20 pm,TEMPERATURE OBSERVATION 2016.pdf,14
2016-12-30,25.0,6:00 am,31.0,3:00 pm,TEMPERATURE OBSERVATION 2016.pdf,14
2016-12-31,25.0,6:55 am,31.0,3:00 pm,TEMPERATURE OBSERVATION 2016.pdf,14
2017-01-01,24.8,6:50 am,29.5,2:00 pm,TEMPERATURE OBSERVATION 2017.pdf,1
2017-01-02,24.0,6:30 am,30.4,12:40 pm,TEMPERATURE OBSERVATION 2017.pdf,1
2017-01-03,24.3,7:00 am,30.0,3:00 pm,TEMPERATURE OBSERVATION 2017.pdf,1
2017-01-04,25.1,5:50 am,30.4,12:40 pm,TEMPERATURE OBSERVATION 2017.pdf,1
2017-01-05,23.2,6:30 am,30.1,5:00 pm,TEMPERATURE OBSERVATION 2017.pdf,1
2017-01-06,24.0,7:30 am,29.4,2:00 pm,TEMPERATURE OBSERVATION 2017.pdf,1
2017-01-07,24.2,7:30 am,28.7,1:50 pm,TEMPERATURE OBSERVATION 2017.pdf,1
2017-01-08,23.9,7:00 am,27.0,1:00 pm,TEMPERATURE OBSERVATION 2017.pdf,1
2017-01-09,24.1,10:20 am,25.4,10:30 pm,TEMPERATURE OBSERVATION 2017.pdf,1
2017-01-10,24.0,7:00 am,27.3,10:40 pm,TEMPERATURE OBSERVATION 2017.pdf,1
2017-01-11,24.0,6:30 am,27.1,3:00 pm,TEMPERATURE OBSERVATION 2017.pdf,1
2017-01-12,24.0,6:00 am,29.1,12:40 pm,TEMPERATURE OBSERVATION 2017.pdf,1
2017-01-13,24.3,7:00 am,28.9,1:30 pm,TEMPERATURE OBSERVATION 2017.pdf,1
2017-01-14,24.1,1:30 am,26.8,2:20 pm,TEMPERATURE OBSERVATION 2017.pdf,1
2017-01-15,23.9,7:50 am,28.7,3:20 pm,TEMPERATURE OBSERVATION 2017.pdf,1
2017-01-16,22.0,4:00 am,23.1,8:05 pm,TEMPERATURE OBSERVATION 2017.pdf,1
2017-01-17,22.7,6:30 am,26.2,1:00 pm,TEMPERATURE OBSERVATION 2017.pdf,1
2017-01-18,23.9,6:30 am,29.0,2:30 pm,TEMPERATURE OBSERVATION 2017.pdf,1
2017-01-19,23.7,6:20 am,28.5,1:40 pm,TEMPERATURE OBSERVATION 2017.pdf,1
2017-01-20,23.3,4:30 am,28.4,1:10 pm,TEMPERATURE OBSERVATION 2017.pdf,1
2017-01-21,24.3,6:30 am,27.6,1:40 pm,TEMPERATURE OBSERVATION 2017.pdf,1
2017-01-22,24.0,6:00 am,30.8,4:00 pm,TEMPERATURE OBSERVATION 2017.pdf,1
2017-01-23,23.7,6:30 am,29.1,2:30 pm,TEMPERATURE OBSERVATION 2017.pdf,1
2017-01-24,23.1,6:00 am,29.2,2:30 pm,TEMPERATURE OBSERVATION 2017.pdf,1
2017-01-25,22.5,7:00 am,29.5,1:00 pm,TEMPERATURE OBSERVATION 2017.pdf,1
2017-01-26,23.0,6:50 am,29.3,3:00 pm,TEMPERATURE OBSERVATION 2017.pdf,1
2017-01-27,23.2,5:30 am,29.3,1:30 pm,TEMPERATURE OBSERVATION 2017.pdf,1
2017-01-28,24.5,6:30 am,29.9,1:30 pm,TEMPERATURE OBSERVATION 2017.pdf,1
2017-01-29,24.8,5:00 am,29.2,4:20 pm,TEMPERATURE OBSERVATION 2017.pdf,1
2017-01-30,24.7,6:30 am,29.3,12:30 pm,TEMPERATURE OBSERVATION 2017.pdf,1
2017-01-31,24.7,6:00 am,31.1,2:00 pm,TEMPERATURE OBSERVATION 2017.pdf,1
2017-02-01,23.3,7:00 am,30.9,1:30 pm,TEMPERATURE OBSERVATION 2017.pdf,3
2017-02-02,23.8,6:00 am,30.0,12:50 pm,TEMPERATURE OBSERVATION 2017.pdf,3
2017-02-03,23.3,7:00 am,29.2,1:30 pm,TEMPERATURE OBSERVATION 2017.pdf,3
2017-02-04,22.5,7:00 am,27.0,12:00 pm,TEMPERATURE OBSERVATION 2017.pdf,3
2017-02-05,22.3,7:00 am,29.2,2:30 pm,TEMPERATURE OBSERVATION 2017.pdf,3
2017-02-06,22.1,6:30 am,30.8,12:50 pm,TEMPERATURE OBSERVATION 2017.pdf,3
2017-02-07,24.0,7:00 am,29.8,4:00 pm,TEMPERATURE OBSERVATION 2017.pdf,3
2017-02-08,22.7,7:00 am,31.0,1:30 pm,TEMPERATURE OBSERVATION 2017.pdf,3
2017-02-09,23.0,6:30 am,29.2,12:00 pm,TEMPERATURE OBSERVATION 2017.pdf,3
2017-02-10,22.4,6:30 am,29.1,2:00 pm,TEMPERATURE OBSERVATION 2017.pdf,3
2017-02-11,21.6,6:30 am,28.9,11:40 am,TEMPERATURE OBSERVATION 2017.pdf,3
2017-02-12,20.4,5:30 am,28.2,2:40 pm,TEMPERATURE OBSERVATION 2017.pdf,3
2017-02-13,20.5,5:30 am,28.0,1:00 pm,TEMPERATURE OBSERVATION 2017.pdf,3
2017-02-14,21.0,5:00 am,28.3,12:40 pm,TEMPERATURE OBSERVATION 2017.pdf,3
2017-02-15,22.6,6:00 am,28.0,12:00 NN,TEMPERATURE OBSERVATION 2017.pdf,3
2017-02-16,22.8,11:00 am,26.2,12:00 NN,TEMPERATURE OBSERVATION 2017.pdf,3
2017-02-17,24.3,6:30 am,30.5,2:00 pm,TEMPERATURE OBSERVATION 2017.pdf,3
2017-02-18,24.6,6:50 am,32.1,1:10 pm,TEMPERATURE OBSERVATION 2017.pdf,3
2017-02-19,24.1,4:30 am,29.9,1:00 pm,TEMPERATURE OBSERVATION 2017.pdf,3
2017-02-20,24.6,7:00 am,29.8,12:40 pm,TEMPERATURE OBSERVATION 2017.pdf,3
2017-02-21,23.8,6:00 am,31.0,1:00 pm,TEMPERATURE OBSERVATION 2017.pdf,3
2017-02-22,24.8,3:30 am,31.0,2:20 pm,TEMPERATURE OBSERVATION 2017.pdf,3
2017-02-23,23.8,7:00 am,27.1,11:00 am,TEMPERATURE OBSERVATION 2017.pdf,3
2017-02-24,24.5,7:00 am,31.0,2:30 pm,TEMPERATURE OBSERVATION 2017.pdf,3
2017-02-25,24.2,6:50 am,30.5,2:30 pm,TEMPERATURE OBSERVATION 2017.pdf,3
2017-02-26,24.0,7:00 am,31.2,4:00 pm,TEMPERATURE OBSERVATION 2017.pdf,3
2017-02-27,24.1,7:00 am,31.5,1:30 pm,TEMPERATURE OBSERVATION 2017.pdf,3
2017-02-28,24.2,6:30 am,31.5,3:10 pm,TEMPERATURE OBSERVATION 2017.pdf,3
2017-03-01,24.3,6:20 am,32.0,2:30 pm,TEMPERATURE OBSERVATION 2017.pdf,5
2017-03-02,32.0,7:00 am,31.0,2:00 pm,TEMPERATURE OBSERVATION 2017.pdf,5
2017-03-03,23.2,7:00 am,31.1,1:30 pm,TEMPERATURE OBSERVATION 2017.pdf,5
2017-03-04,22.8,7:00 am,31.2,3:30 pm,TEMPERATURE OBSERVATION 2017.pdf,5
2017-03-05,22.6,7:00 am,31.2,4:00 pm,TEMPERATURE OBSERVATION 2017.pdf,5
2017-03-06,24.8,4:30 am,30.9,1:40 pm,TEMPERATURE OBSERVATION 2017.pdf,5
2017-03-07,24.0,7:00 am,28.2,3:00 pm,TEMPERATURE OBSERVATION 2017.pdf,5
2017-03-08,24.6,8:00 am,31.2,3:10 pm,TEMPERATURE OBSERVATION 2017.pdf,5
2017-03-09,23.8,7:00 am,26.8,5:00 pm,TEMPERATURE OBSERVATION 2017.pdf,5
2017-03-10,24.8,6:30 am,29.7,2:30 pm,TEMPERATURE OBSERVATION 2017.pdf,5
2017-03-11,24.3,6:30 am,29.5,11:50 am,TEMPERATURE OBSERVATION 2017.pdf,5
2017-03-12,25.0,7:00 am,30.2,2:00 pm,TEMPERATURE OBSERVATION 2017.pdf,5
2017-03-13,22.3,7:00 am,29.9,11:00 am,TEMPERATURE OBSERVATION 2017.pdf,5
2017-03-14,24.0,7:00 am,30.5,2:00 pm,TEMPERATURE OBSERVATION 2017.pdf,5
2017-03-15,24.0,6:00 am,31.0,3:00 pm,TEMPERATURE OBSERVATION 2017.pdf,5
2017-03-16,23.7,6:30 am,29.4,1:50 pm,TEMPERATURE OBSERVATION 2017.pdf,5
2017-03-17,23.5,6:50 am,30.5,12:20 pm,TEMPERATURE OBSERVATION 2017.pdf,5
2017-03-18,23.0,6:30 am,31.2,3:00 pm,TEMPERATURE OBSERVATION 2017.pdf,5
2017-03-19,23.0,7:00 am,31.1,2:30 pm,TEMPERATURE OBSERVATION 2017.pdf,5
2017-03-20,24.0,5:50 am,30.6,12:20 pm,TEMPERATURE OBSERVATION 2017.pdf,5
2017-03-21,24.0,6:00 am,31.1,4:00 pm,TEMPERATURE OBSERVATION 2017.pdf,5
2017-03-22,25.3,6:30 am,32.8,2:00 pm,TEMPERATURE OBSERVATION 2017.pdf,5
2017-03-23,23.3,3:30 am,32.9,2:00 pm,TEMPERATURE OBSERVATION 2017.pdf,5
2017-03-24,25.2,6:30 am,33.1,3:00 pm,TEMPERATURE OBSERVATION 2017.pdf,5
2017-03-25,24.6,6:30 am,37.0,2:00 pm,TEMPERATURE OBSERVATION 2017.pdf,5
2017-03-26,25.5,6:30 am,33.6,2:00 pm,TEMPERATURE OBSERVATION 2017.pdf,5
2017-03-27,25.0,5:00 am,32.7,2:00 pm,TEMPERATURE OBSERVATION 2017.pdf,5
2017-03-28,23.0,3:30 am,30.8,2:00 pm,TEMPERATURE OBSERVATION 2017.pdf,5
2017-03-29,24.0,6:00 am,30.0,2:00 pm,TEMPERATURE OBSERVATION 2017.pdf,5
2017-03-30,23.9,6:00 am,30.1,12:40 pm,TEMPERATURE OBSERVATION 2017.pdf,5
2017-03-31,23.2,7:00 am,29.2,1:30 pm,TEMPERATURE OBSERVATION 2017.pdf,5
2017-04-01,24.3,6:00 am,30.4,2:00 pm,TEMPERATURE OBSERVATION 2017.pdf,7
2017-04-02,23.8,4:00 am,30.2,3:00 pm,TEMPERATURE OBSERVATION 2017.pdf,7
2017-04-03,23.5,6:30 am,29.0,11:00 am,TEMPERATURE OBSERVATION 2017.pdf,7
2017-04-04,23.2,4:00 am,28.0,12:30 pm,TEMPERATURE OBSERVATION 2017.pdf,7
2017-04-05,24.0,6:00 am,29.8,1:15 pm,TEMPERATURE OBSERVATION 2017.pdf,7
2017-04-06,23.5,6:00 am,29.2,1:30 pm,TEMPERATURE OBSERVATION 2017.pdf,7
2017-04-07,25.1,6:00 am,32.0,3:00 pm,TEMPERATURE OBSERVATION 2017.pdf,7
2017-04-08,25.2,6:00 am,33.2,3:00 pm,TEMPERATURE OBSERVATION 2017.pdf,7
2017-04-09,24.2,6:30 am,33.1,2:30 pm,TEMPERATURE OBSERVATION 2017.pdf,7
2017-04-10,21.5,6:30 am,31.3,1:20 pm,TEMPERATURE OBSERVATION 2017.pdf,7
2017-04-11,23.0,6:30 am,32.0,2:00 pm,TEMPERATURE OBSERVATION 2017.pdf,7
2017-04-12,25.2,6:15 am,33.9,2:30 pm,TEMPERATURE OBSERVATION 2017.pdf,7
2017-04-13,24.8,6:30 am,32.8,4:10 pm,TEMPERATURE OBSERVATION 2017.pdf,7
2017-04-14,24.8,6:20 am,32.0,2:30 pm,TEMPERATURE OBSERVATION 2017.pdf,7
2017-04-15,25.5,6:30 am,30.8,3:20 pm,TEMPERATURE OBSERVATION 2017.pdf,7
2017-04-16,24.1,6:20 am,28.0,3:30 am,TEMPERATURE OBSERVATION 2017.pdf,7
2017-04-17,24.6,6:30 am,32.4,2:00 pm,TEMPERATURE OBSERVATION 2017.pdf,7
2017-04-18,24.3,6:15 am,33.1,2:30 pm,TEMPERATURE OBSERVATION 2017.pdf,7
2017-04-19,24.5,6:30 am,32.2,2:20 pm,TEMPERATURE OBSERVATION 2017.pdf,7
2017-04-20,24.8,6:15 am,32.1,2:30 pm,TEMPERATURE OBSERVATION 2017.pdf,7
2017-04-21,24.3,6:15 am,33.5,2:30 pm,TEMPERATURE OBSERVATION 2017.pdf,7
2017-04-22,24.0,6:30 am,33.4,2:10 pm,TEMPERATURE OBSERVATION 2017.pdf,7
2017-04-23,24.6,6:45 am,33.4,3:30 pm,TEMPERATURE OBSERVATION 2017.pdf,7
2017-04-24,25.1,4:00 am,33.4,2:00 pm,TEMPERATURE OBSERVATION 2017.pdf,7
2017-04-25,25.0,5:30 am,33.4,1:30 pm,TEMPERATURE OBSERVATION 2017.pdf,7
2017-04-26,24.0,6:00 am,32.0,3:00 pm,TEMPERATURE OBSERVATION 2017.pdf,7
2017-04-27,24.1,6:35 am,32.3,2:40 pm,TEMPERATURE OBSERVATION 2017.pdf,7
2017-04-28,24.0,6:30 am,33.3,2:20 pm,TEMPERATURE OBSERVATION 2017.pdf,7
2017-04-29,23.9,6:45 am,34.2,3:40 pm,TEMPERATURE OBSERVATION 2017.pdf,7
2017-04-30,25.1,6:45 am,34.1,3:30 pm,TEMPERATURE OBSERVATION 2017.pdf,7
2017-05-01,25.0,6:30 am,33.4,12:10 pm,TEMPERATURE OBSERVATION 2017.pdf,9
2017-05-02,24.9,5:00 am,33.7,3:00 pm,TEMPERATURE OBSERVATION 2017.pdf,9
2017-05-03,24.0,6:00 am,32.0,1:00 pm,TEMPERATURE OBSERVATION 2017.pdf,9
2017-05-04,25.1,6:30 am,32.9,3:30 pm,TEMPERATURE OBSERVATION 2017.pdf,9
2017-05-05,25.1,6:30 am,33.9,2:40 pm,TEMPERATURE OBSERVATION 2017.pdf,9
2017-05-06,26.0,7:00 am,33.3,3:00 pm,TEMPERATURE OBSERVATION 2017.pdf,9
2017-05-07,26.0,4:00 am,33.0,2:00 pm,TEMPERATURE OBSERVATION 2017.pdf,9
2017-05-08,26.3,5:30 am,33.8,1:50 pm,TEMPERATURE OBSERVATION 2017.pdf,9
2017-05-09,23.8,1:30 am,33.0,3:00 pm,TEMPERATURE OBSERVATION 2017.pdf,9
2017-05-10,26.0,6:00 am,33.0,2:00 pm,TEMPERATURE OBSERVATION 2017.pdf,9
2017-05-11,26.1,6:00 am,33.1,2:30 pm,TEMPERATURE OBSERVATION 2017.pdf,9
2017-05-12,26.1,4:10 am,31.5,3:50 pm,TEMPERATURE OBSERVATION 2017.pdf,9
2017-05-13,26.8,6:00 am,31.1,2:00 pm,TEMPERATURE OBSERVATION 2017.pdf,9
2017-05-14,26.7,6:00 am,34.0,3:00 pm,TEMPERATURE OBSERVATION 2017.pdf,9
2017-05-15,26.8,6:30 am,32.0,12:30 pm,TEMPERATURE OBSERVATION 2017.pdf,9
2017-05-16,25.2,6:30 am,32.1,1:30 pm,TEMPERATURE OBSERVATION 2017.pdf,9
2017-05-17,25.1,6:30 am,33.0,2:00 pm,TEMPERATURE OBSERVATION 2017.pdf,9
2017-05-18,26.0,6:15 am,33.2,3:00 pm,TEMPERATURE OBSERVATION 2017.pdf,9
2017-05-19,26.0,6:00 am,33.7,2:30 pm,TEMPERATURE OBSERVATION 2017.pdf,9
2017-05-20,24.5,6:15 am,33.5,1:00 pm,TEMPERATURE OBSERVATION 2017.pdf,9
2017-05-21,26.5,4:30 am,31.9,12:30 pm,TEMPERATURE OBSERVATION 2017.pdf,9
2017-05-22,26.0,5:00 pm,32.1,3:00 pm,TEMPERATURE OBSERVATION 2017.pdf,9
2017-05-23,25.1,6:30 am,31.4,11:30 pm,TEMPERATURE OBSERVATION 2017.pdf,9
2017-05-24,26.0,6:30 am,32.8,1:15 pm,TEMPERATURE OBSERVATION 2017.pdf,9
2017-05-25,25.5,6:30 am,32.5,2:00 pm,TEMPERATURE OBSERVATION 2017.pdf,9
2017-05-26,25.6,7:00 am,31.6,3:00 pm,TEMPERATURE OBSERVATION 2017.pdf,9
2017-05-27,25.0,6:30 am,32.4,3:30 pm,TEMPERATURE OBSERVATION 2017.pdf,9
2017-05-28,25.8,5:30 am,32.1,1:30 pm,TEMPERATURE OBSERVATION 2017.pdf,9
2017-05-29,25.5,6:00 am,34.0,2:30 pm,TEMPERATURE OBSERVATION 2017.pdf,9
2017-05-30,25.8,6:00 am,33.8,2:00 pm,TEMPERATURE OBSERVATION 2017.pdf,9
2017-05-31,25.3,6:00 am,32.9,2:00 pm,TEMPERATURE OBSERVATION 2017.pdf,9
2017-06-01,26.2,6:15 am,33.2,3:05 pm,TEMPERATURE OBSERVATION 2017.pdf,11
2017-06-02,26.0,6:30 am,32.0,4:00 pm,TEMPERATURE OBSERVATION 2017.pdf,11
2017-06-03,26.0,6:30 am,32.3,2:40 pm,TEMPERATURE OBSERVATION 2017.pdf,11
2017-06-04,24.2,7:30 am,32.9,2:00 pm,TEMPERATURE OBSERVATION 2017.pdf,11
2017-06-05,25.4,1:00 am,33.8,1:55 pm,TEMPERATURE OBSERVATION 2017.pdf,11
2017-06-06,25.0,5:30 am,31.3,1:30 pm,TEMPERATURE OBSERVATION 2017.pdf,11
2017-06-07,24.7,6:00 am,31.7,1:00 pm,TEMPERATURE OBSERVATION 2017.pdf,11
2017-06-08,24.4,7:00 am,32.0,12:30 pm,TEMPERATURE OBSERVATION 2017.pdf,11
2017-06-09,24.9,6:30 am,29.9,12:30 pm,TEMPERATURE OBSERVATION 2017.pdf,11
2017-06-10,24.8,6:10 am,32.2,2:10 pm,TEMPERATURE OBSERVATION 2017.pdf,11
2017-06-11,25.8,6:00 am,32.1,2:00 pm,TEMPERATURE OBSERVATION 2017.pdf,11
2017-06-12,24.9,6:30 am,32.4,2:00 pm,TEMPERATURE OBSERVATION 2017.pdf,11
2017-06-13,24.8,6:30 am,30.1,2:00 pm,TEMPERATURE OBSERVATION 2017.pdf,11
2017-06-14,25.2,6:00 am,31.4,3:00 pm,TEMPERATURE OBSERVATION 2017.pdf,11
2017-06-15,23.3,6:30 am,30.8,2:00 pm,TEMPERATURE OBSERVATION 2017.pdf,11
2017-06-16,24.5,6:00 am,32.4,2:30 pm,TEMPERATURE OBSERVATION 2017.pdf,11
2017-06-17,23.4,6:00 am,30.8,2:10 pm,TEMPERATURE OBSERVATION 2017.pdf,11
2017-06-18,24.6,6:30 am,30.2,2:40 pm,TEMPERATURE OBSERVATION 2017.pdf,11
2017-06-19,25.0,6:00 am,30.6,2:00 pm,TEMPERATURE OBSERVATION 2017.pdf,11
2017-06-20,25.0,5:30 am,31.5,2:00 pm,TEMPERATURE OBSERVATION 2017.pdf,11
2017-06-21,24.8,6:00 am,30.9,11:30 am,TEMPERATURE OBSERVATION 2017.pdf,11
2017-06-22,25.0,7:50 am,31.0,11:30 am,TEMPERATURE OBSERVATION 2017.pdf,11
2017-06-23,24.2,6:30 am,30.6,1:30 pm,TEMPERATURE OBSERVATION 2017.pdf,11
2017-06-24,26.1,6:15 am,31.8,3:30 pm,TEMPERATURE OBSERVATION 2017.pdf,11
2017-06-25,25.2,6:30 am,33.0,2:00 pm,TEMPERATURE OBSERVATION 2017.pdf,11
2017-06-26,24.4,7:30 am,30.6,11:30 am,TEMPERATURE OBSERVATION 2017.pdf,11
2017-06-27,25.7,6:00 am,31.6,2:30 pm,TEMPERATURE OBSERVATION 2017.pdf,11
2017-06-28,24.0,5:00 am,31.8,1:30 pm,TEMPERATURE OBSERVATION 2017.pdf,11
2017-06-29,25.0,5:30 am,31.0,12:30 pm,TEMPERATURE OBSERVATION 2017.pdf,11
2017-06-30,24.7,6:00 am,32.0,2:10 pm,TEMPERATURE OBSERVATION 2017.pdf,11
2017-07-01,24.6,6:00 am,31.2,2:30 pm,TEMPERATURE OBSERVATION 2017.pdf,13
2017-07-02,24.5,4:00 am,30.4,2:00 pm,TEMPERATURE OBSERVATION 2017.pdf,13
2017-07-03,25.1,6:00 am,29.9,3:00 pm,TEMPERATURE OBSERVATION 2017.pdf,13
2017-07-04,25.0,6:10 am,29.4,3:00 pm,TEMPERATURE OBSERVATION 2017.pdf,13
2017-07-05,24.0,6:20 am,32.2,3:00 pm,TEMPERATURE OBSERVATION 2017.pdf,13
2017-07-06,26.0,5:00 am,32.0,12:00 pm,TEMPERATURE OBSERVATION 2017.pdf,13
2017-07-07,25.5,5:30 am,31.3,4:00 pm,TEMPERATURE OBSERVATION 2017.pdf,13
2017-07-08,24.5,6:20 am,30.4,11:00 am,TEMPERATURE OBSERVATION 2017.pdf,13
2017-07-09,24.9,6:00 am,31.0,1:30 pm,TEMPERATURE OBSERVATION 2017.pdf,13
2017-07-10,24.8,6:00 am,29.3,4:00 pm,TEMPERATURE OBSERVATION 2017.pdf,13
2017-07-11,25.0,6:30 am,29.1,2:00 pm,TEMPERATURE OBSERVATION 2017.pdf,13
2017-07-12,25.0,5:00 am,30.4,2:00 pm,TEMPERATURE OBSERVATION 2017.pdf,13
2017-07-13,24.9,6:30 am,29.7,2:00 pm,TEMPERATURE OBSERVATION 2017.pdf,13
2017-07-14,25.6,6:00 am,29.6,1:00 pm,TEMPERATURE OBSERVATION 2017.pdf,13
2017-07-15,25.1,6:00 am,29.5,3:30 pm,TEMPERATURE OBSERVATION 2017.pdf,13
2017-07-16,24.6,6:30 am,30.7,2:30 pm,TEMPERATURE OBSERVATION 2017.pdf,13
2017-07-17,25.6,7:30 am,32.2,3:30 pm,TEMPERATURE OBSERVATION 2017.pdf,13
2017-07-18,24.5,7:00 am,29.5,2:00 pm,TEMPERATURE OBSERVATION 2017.pdf,13
2017-07-19,24.8,6:30 am,30.4,3:00 pm,TEMPERATURE OBSERVATION 2017.pdf,13
2017-07-20,25.0,6:00 am,29.8,3:00 pm,TEMPERATURE OBSERVATION 2017.pdf,13
2017-07-21,24.9,6:30 am,29.7,10:30 am,TEMPERATURE OBSERVATION 2017.pdf,13
2017-07-22,26.0,4:00 am,29.6,12:00 NN,TEMPERATURE OBSERVATION 2017.pdf,13
2017-07-23,24.8,7:00 am,27.4,3:00 pm,TEMPERATURE OBSERVATION 2017.pdf,13
2017-07-24,25.5,4:40 am,30.8,1:30 pm,TEMPERATURE OBSERVATION 2017.pdf,13
2017-07-25,25.2,4:20 am,31.0,3:00 pm,TEMPERATURE OBSERVATION 2017.pdf,13
2017-07-26,25.0,4:45 am,30.0,2:00 pm,TEMPERATURE OBSERVATION 2017.pdf,13
2017-07-27,25.5,2:00 am,30.2,2:30 pm,TEMPERATURE OBSERVATION 2017.pdf,13
2017-07-28,25.2,2:30 am,29.5,5:30 pm,TEMPERATURE OBSERVATION 2017.pdf,13
2017-07-29,26.7,5:00 am,29.5,2:00 pm,TEMPERATURE OBSERVATION 2017.pdf,13
2017-07-30,27.4,6:00 am,31.0,1:00 pm,TEMPERATURE OBSERVATION 2017.pdf,13
2017-07-31,27.0,1:40 am,31.1,1:30 pm,TEMPERATURE OBSERVATION 2017.pdf,13
2017-08-01,26.0,6:40 am,30.8,2:00 pm,TEMPERATURE OBSERVATION 2017.pdf,15
2017-08-02,26.0,7:00 am,29.9,12:30 pm,TEMPERATURE OBSERVATION 2017.pdf,15
2017-08-03,25.9,7:30 am,30.1,12:30 pm,TEMPERATURE OBSERVATION 2017.pdf,15
2017-08-04,23.1,6:30 am,26.1,7:55 am,TEMPERATURE OBSERVATION 2017.pdf,15
2017-08-05,24.4,6:30 am,30.2,4:00 pm,TEMPERATURE OBSERVATION 2017.pdf,15
2017-08-06,24.2,6:30 am,31.6,2:30 pm,TEMPERATURE OBSERVATION 2017.pdf,15
2017-08-07,25.7,7:00 am,32.4,3:30 pm,TEMPERATURE OBSERVATION 2017.pdf,15
2017-08-08,25.1,7:30 am,32.8,3:45 pm,TEMPERATURE OBSERVATION 2017.pdf,15
2017-08-09,25.3,7:30 am,31.7,2:00 pm,TEMPERATURE OBSERVATION 2017.pdf,15
2017-08-10,24.7,7:30 am,32.0,2:00 pm,TEMPERATURE OBSERVATION 2017.pdf,15
2017-08-11,25.5,7:00 am,32.6,4:00 pm,TEMPERATURE OBSERVATION 2017.pdf,15
2017-08-12,25.4,6:00 am,31.0,2:00 pm,TEMPERATURE OBSERVATION 2017.pdf,15
2017-08-13,24.4,6:30 am,31.8,1:30 pm,TEMPERATURE OBSERVATION 2017.pdf,15
2017-08-14,24.9,6:00 am,31.2,1:15 pm,TEMPERATURE OBSERVATION 2017.pdf,15
2017-08-15,24.1,6:30 am,31.7,3:00 pm,TEMPERATURE OBSERVATION 2017.pdf,15
2017-08-16,24.2,6:30 am,30.8,1:30 pm,TEMPERATURE OBSERVATION 2017.pdf,15
2017-08-17,24.2,6:30 am,31.6,2:40 pm,TEMPERATURE OBSERVATION 2017.pdf,15
2017-08-18,24.8,6:30 am,31.5,2:00 pm,TEMPERATURE OBSERVATION 2017.pdf,15
2017-08-19,24.7,6:00 am,30.2,2:00 pm,TEMPERATURE OBSERVATION 2017.pdf,15
2017-08-20,26.2,2:30 am,30.9,3:00 pm,TEMPERATURE OBSERVATION 2017.pdf,15
2017-08-21,23.8,3:40 am,30.2,11:00 am,TEMPERATURE OBSERVATION 2017.pdf,15
2017-08-22,24.4,5:30 am,31.1,11:50 am,TEMPERATURE OBSERVATION 2017.pdf,15
2017-08-23,24.8,4:00 am,29.0,1:00 pm,TEMPERATURE OBSERVATION 2017.pdf,15
2017-08-24,24.0,12:00 am,29.1,1:30 pm,TEMPERATURE OBSERVATION 2017.pdf,15
2017-08-25,24.8,6:20 am,28.8,2:00 pm,TEMPERATURE OBSERVATION 2017.pdf,15
2017-08-26,24.3,7:00 am,31.0,5:00 pm,TEMPERATURE OBSERVATION 2017.pdf,15
2017-08-27,25.5,6:00 am,32.0,2:00 pm,TEMPERATURE OBSERVATION 2017.pdf,15
2017-08-28,23.5,6:30 am,31.1,2:30 pm,TEMPERATURE OBSERVATION 2017.pdf,15
2017-08-29,24.7,6:00 am,29.9,1:00 pm,TEMPERATURE OBSERVATION 2017.pdf,15
2017-08-30,25.1,4:30 am,30.0,2:00 pm,TEMPERATURE OBSERVATION 2017.pdf,15
2017-08-31,24.5,6:30 am,30.0,13:30,TEMPERATURE OBSERVATION 2017.pdf,15
2017-09-01,26.5,6:45 am,30.9,2:15 pm,TEMPERATURE OBSERVATION 2017.pdf,17
2017-09-02,25.4,7:00 am,31.3,2:00 pm,TEMPERATURE OBSERVATION 2017.pdf,17
2017-09-03,25.0,7:00 am,31.2,2:00 pm,TEMPERATURE OBSERVATION 2017.pdf,17
2017-09-04,25.0,6:00 am,31.8,3:00 pm,TEMPERATURE OBSERVATION 2017.pdf,17
2017-09-05,23.7,7:00 am,31.0,1:30 pm,TEMPERATURE OBSERVATION 2017.pdf,17
2017-09-06,24.8,6:40 am,31.4,1:20 pm,TEMPERATURE OBSERVATION 2017.pdf,17
2017-09-07,25.0,7:00 am,31.3,1:00 pm,TEMPERATURE OBSERVATION 2017.pdf,17
2017-09-08,26.0,6:00 am,32.2,2:00 pm,TEMPERATURE OBSERVATION 2017.pdf,17
2017-09-09,24.2,6:00 am,31.0,1:00 pm,TEMPERATURE OBSERVATION 2017.pdf,17
2017-09-10,25.1,7:00 am,31.8,1:30 pm,TEMPERATURE OBSERVATION 2017.pdf,17
2017-09-11,24.2,4:30 am,30.6,11:40 am,TEMPERATURE OBSERVATION 2017.pdf,17
2017-09-12,24.0,8:00 am,26.0,8:00 pm,TEMPERATURE OBSERVATION 2017.pdf,17
2017-09-13,26.0,6:30 am,30.9,2:10 pm,TEMPERATURE OBSERVATION 2017.pdf,17
2017-09-14,25.5,7:00 am,31.3,3:00 pm,TEMPERATURE OBSERVATION 2017.pdf,17
2017-09-15,24.4,6:00 am,32.2,2:30 pm,TEMPERATURE OBSERVATION 2017.pdf,17
2017-09-16,25.0,3:30 am,30.0,9:50 am,TEMPERATURE OBSERVATION 2017.pdf,17
2017-09-17,24.7,7:00 am,29.0,3:30 pm,TEMPERATURE OBSERVATION 2017.pdf,17
2017-09-18,25.0,3:30 am,30.0,9:50 am,TEMPERATURE OBSERVATION 2017.pdf,17
2017-09-19,24.7,7:00 am,29.0,3:30 pm,TEMPERATURE OBSERVATION 2017.pdf,17
2017-09-20,24.0,6:20 am,29.0,12:00 NN,TEMPERATURE OBSERVATION 2017.pdf,17
2017-09-21,25.4,4:00 am,30.8,1:00 pm,TEMPERATURE OBSERVATION 2017.pdf,17
2017-09-22,22.8,1:00 am,30.0,12:00 NN,TEMPERATURE OBSERVATION 2017.pdf,17
2017-09-23,23.9,6:30 am,29.8,2:30 pm,TEMPERATURE OBSERVATION 2017.pdf,17
2017-09-24,25.0,7:00 am,31.0,2:00 pm,TEMPERATURE OBSERVATION 2017.pdf,17
2017-09-25,24.1,5:30 am,28.8,1:15 pm,TEMPERATURE OBSERVATION 2017.pdf,17
2017-09-26,24.2,6:10 am,29.1,3:10 pm,TEMPERATURE OBSERVATION 2017.pdf,17
2017-09-27,24.9,6:00 am,31.1,1:00 pm,TEMPERATURE OBSERVATION 2017.pdf,17
2017-09-28,24.0,6:30 am,31.0,2:00 pm,TEMPERATURE OBSERVATION 2017.pdf,17
2017-09-29,24.0,6:30 am,30.2,12:00 NN,TEMPERATURE OBSERVATION 2017.pdf,17
2017-09-30,23.9,6:40 am,29.8,12:30 pm,TEMPERATURE OBSERVATION 2017.pdf,17
2017-10-01,24.8,6:00 am,32.5,3:45 pm,TEMPERATURE OBSERVATION 2017.pdf,19
2017-10-02,23.5,6:30 am,31.8,3:00 pm,TEMPERATURE OBSERVATION 2017.pdf,19
2017-10-03,24.0,6:30 am,30.0,2:00 pm,TEMPERATURE OBSERVATION 2017.pdf,19
2017-10-04,23.9,6:30 am,31.0,1:00 pm,TEMPERATURE OBSERVATION 2017.pdf,19
2017-10-05,24.0,6:00 am,32.4,3:00 pm,TEMPERATURE OBSERVATION 2017.pdf,19
2017-10-06,24.2,6:40 am,31.3,2:00 pm,TEMPERATURE OBSERVATION 2017.pdf,19
2017-10-07,24.1,1:30 am,30.8,12:00 pm,TEMPERATURE OBSERVATION 2017.pdf,19
2017-10-08,24.1,1:30 am,30.8,12:00 pm,TEMPERATURE OBSERVATION 2017.pdf,19
2017-10-09,24.5,6:00 am,29.1,12:00 pm,TEMPERATURE OBSERVATION 2017.pdf,19
2017-10-10,25.4,6:15 am,32.0,1:00 pm,TEMPERATURE OBSERVATION 2017.pdf,19
2017-10-11,26.0,6:00 am,33.1,1:30 pm,TEMPERATURE OBSERVATION 2017.pdf,19
2017-10-12,26.4,4:20 am,30.8,1:50 PM,TEMPERATURE OBSERVATION 2017.pdf,19
2017-10-13,24.8,12:45 pm,30.3,11:00 AM,TEMPERATURE OBSERVATION 2017.pdf,19
2017-10-14,24.8,6:15 am,27.0,8:00 am,TEMPERATURE OBSERVATION 2017.pdf,19
2017-10-15,24.9,6:00 am,30.5,12:00 pm,TEMPERATURE OBSERVATION 2017.pdf,19
2017-10-16,24.9,5:50 am,29.8,10:50 am,TEMPERATURE OBSERVATION 2017.pdf,19
2017-10-17,25.0,6:30 am,29.7,12:00 pm,TEMPERATURE OBSERVATION 2017.pdf,19
2017-10-18,24.6,6:00 am,29.4,2:00 pm,TEMPERATURE OBSERVATION 2017.pdf,19
2017-10-19,24.9,8:00 pm,29.0,8:00 am,TEMPERATURE OBSERVATION 2017.pdf,19
2017-10-20,26.0,5:00 pm,29.8,8:20 am,TEMPERATURE OBSERVATION 2017.pdf,19
2017-10-21,25.0,7:30 pm,28.9,12:10 pm,TEMPERATURE OBSERVATION 2017.pdf,19
2017-10-22,24.6,6:30 am,29.6,2:00 pm,TEMPERATURE OBSERVATION 2017.pdf,19
2017-10-23,25.2,6:00 am,31.8,2:00 pm,TEMPERATURE OBSERVATION 2017.pdf,19
2017-10-24,24.5,6:00 am,28.2,3:15 pm,TEMPERATURE OBSERVATION 2017.pdf,19
2017-10-25,24.5,6:00 am,30.0,2:30 pm,TEMPERATURE OBSERVATION 2017.pdf,19
2017-10-26,25.5,6:00 am,31.0,12:30 pm,TEMPERATURE OBSERVATION 2017.pdf,19
2017-10-27,24.2,6:00 am,31.0,12:15 pm,TEMPERATURE OBSERVATION 2017.pdf,19
2017-10-28,24.5,6:30 am,23.0,2:00 pm,TEMPERATURE OBSERVATION 2017.pdf,19
2017-10-29,24.8,6:00 am,31.0,2:00 pm,TEMPERATURE OBSERVATION 2017.pdf,19
2017-10-30,24.8,6:00 am,31.3,2:00 pm,TEMPERATURE OBSERVATION 2017.pdf,19
2017-10-31,23.8,7:00 am,27.8,2:00 pm,TEMPERATURE OBSERVATION 2017.pdf,19
2017-11-01,24.0,3:00 am,29.5,1:00 pm,TEMPERATURE OBSERVATION 2017.pdf,21
2017-11-02,25.4,2:00 am,30.3,2:00PM,TEMPERATURE OBSERVATION 2017.pdf,21
2017-11-03,25.0,6:00 am,32.3,3:00PM,TEMPERATURE OBSERVATION 2017.pdf,21
2017-11-04,25.5,6:00 am,31.5,1:30PM,TEMPERATURE OBSERVATION 2017.pdf,21
2017-11-05,26.5,6:30 am,33.0,2:00PM,TEMPERATURE OBSERVATION 2017.pdf,21
2017-11-06,26.1,6:50 am,33.2,1:50PM,TEMPERATURE OBSERVATION 2017.pdf,21
2017-11-07,24.0,2:00 am,30.8,2:00PM,TEMPERATURE OBSERVATION 2017.pdf,21
2017-11-08,26.2,6:00 am,31.8,2:00PM,TEMPERATURE OBSERVATION 2017.pdf,21
2017-11-09,24.0,6:10 am,28.4,4:10PM,TEMPERATURE OBSERVATION 2017.pdf,21
2017-11-10,25.0,6:30 am,31.4,2:00PM,TEMPERATURE OBSERVATION 2017.pdf,21
2017-11-11,25.6,6:00 am,31.8,2:00PM,TEMPERATURE OBSERVATION 2017.pdf,21
2017-11-12,26.0,6:00AM,31.9,1:00PM,TEMPERATURE OBSERVATION 2017.pdf,21
2017-11-13,26.0,6:20AM,32.6,2:30PM,TEMPERATURE OBSERVATION 2017.pdf,21
2017-11-14,26.1,6:30AM,32.8,3:00PM,TEMPERATURE OBSERVATION 2017.pdf,21
2017-11-15,26.0,6:00AM,32.0,3:00PM,TEMPERATURE OBSERVATION 2017.pdf,21
2017-11-16,25.0,6:30AM,29.5,1:00PM,TEMPERATURE OBSERVATION 2017.pdf,21
2017-11-17,25.1,6:20AM,30.2,3:00PM,TEMPERATURE OBSERVATION 2017.pdf,21
2017-11-18,26.4,6:30AM,32.0,2:00PM,TEMPERATURE OBSERVATION 2017.pdf,21
2017-11-19,26.9,2:00AM,32.5,2:00PM,TEMPERATURE OBSERVATION 2017.pdf,21
2017-11-20,26.0,6:30AM,32.8,3:00PM,TEMPERATURE OBSERVATION 2017.pdf,21
2017-11-21,25.8,6:20AM,32.6,2:00PM,TEMPERATURE OBSERVATION 2017.pdf,21
2017-11-22,25.1,2:00AM,31.4,2:00PM,TEMPERATURE OBSERVATION 2017.pdf,21
2017-11-23,25.6,6:30AM,31.3,3:00PM,TEMPERATURE OBSERVATION 2017.pdf,21
2017-11-24,25.1,4:30AM,31.8,4:00PM,TEMPERATURE OBSERVATION 2017.pdf,21
2017-11-25,25.7,6:00AM,30.8,2:30PM,TEMPERATURE OBSERVATION 2017.pdf,21
2017-11-26,25.3,6:30AM,31.2,1:45PM,TEMPERATURE OBSERVATION 2017.pdf,21
2017-11-27,24.7,5:00AM,31.0,2:00PM,TEMPERATURE OBSERVATION 2017.pdf,21
2017-11-28,25.6,5:00AM,30.8,12:00PM,TEMPERATURE OBSERVATION 2017.pdf,21
2017-11-29,24.8,5:30AM,27.2,3:00PM,TEMPERATURE OBSERVATION 2017.pdf,21
2017-11-30,25.1,6:00AM,31.2,2:00PM,TEMPERATURE OBSERVATION 2017.pdf,21
2017-12-01,25.2,6:30 am,31.7,2:45 pm,TEMPERATURE OBSERVATION 2017.pdf,23
2017-12-02,25.8,6:30 am,31.8,3:00 pm,TEMPERATURE OBSERVATION 2017.pdf,23
2017-12-03,25.0,6:20 am,31.2,1:00 pm,TEMPERATURE OBSERVATION 2017.pdf,23
2017-12-04,24.8,6:00 am,31.6,2:00 pm,TEMPERATURE OBSERVATION 2017.pdf,23
2017-12-05,24.2,5:00 am,30.2,2:15PM,TEMPERATURE OBSERVATION 2017.pdf,23
2017-12-06,24.2,6:00 am,30.0,2:30 pm,TEMPERATURE OBSERVATION 2017.pdf,23
2017-12-07,24.3,6:40 am,30.9,2:40 pm,TEMPERATURE OBSERVATION 2017.pdf,23
2017-12-08,24.4,6:30 am,30.6,1:10 pm,TEMPERATURE OBSERVATION 2017.pdf,23
2017-12-09,24.5,6:32 am,31.0,4:00 pm,TEMPERATURE OBSERVATION 2017.pdf,23
2017-12-10,24.8,7:00 am,31.1,1:30 pm,TEMPERATURE OBSERVATION 2017.pdf,23
2017-12-11,24.9,6:00 am,30.8,12:30 pm,TEMPERATURE OBSERVATION 2017.pdf,23
2017-12-12,24.2,5:00 am,27.0,2:00 pm,TEMPERATURE OBSERVATION 2017.pdf,23
2017-12-13,24.7,6:30 am,28.1,1:00 pm,TEMPERATURE OBSERVATION 2017.pdf,23
2017-12-14,23.1,6:50 am,26.5,1:00 pm,TEMPERATURE OBSERVATION 2017.pdf,23
2017-12-15,22.4,7:00 am,24.0,2:00 pm,TEMPERATURE OBSERVATION 2017.pdf,23
2017-12-16,23.0,1:00 pm,22.0,6:00 am,TEMPERATURE OBSERVATION 2017.pdf,23
2017-12-17,26.0,4:00 am,23.0,8:00 am,TEMPERATURE OBSERVATION 2017.pdf,23
2017-12-18,24.2,6:00 am,29.4,2:00 pm,TEMPERATURE OBSERVATION 2017.pdf,23
2017-12-19,25.1,6:00 am,30.6,2:30 pm,TEMPERATURE OBSERVATION 2017.pdf,23
2017-12-20,24.9,6:40 am,30.2,3:30 pm,TEMPERATURE OBSERVATION 2017.pdf,23
2017-12-21,23.8,12:05 am,29.4,2:00 pm,TEMPERATURE OBSERVATION 2017.pdf,23
2017-12-22,24.4,4:00 am,26.1,3:30 pm,TEMPERATURE OBSERVATION 2017.pdf,23
2017-12-23,24.8,6:10 am,29.5,1:00 pm,TEMPERATURE OBSERVATION 2017.pdf,23
2017-12-24,25.0,6:30 am,30.8,1:00 pm,TEMPERATURE OBSERVATION 2017.pdf,23
2017-12-25,24.7,6:00 am,30.3,2:00 pm,TEMPERATURE OBSERVATION 2017.pdf,23
2017-12-26,24.9,6:00 am,30.9,2:00 pm,TEMPERATURE OBSERVATION 2017.pdf,23
2017-12-27,24.8,7:00 am,28.7,2:30 pm,TEMPERATURE OBSERVATION 2017.pdf,23
2017-12-28,24.0,7:00 am,30.0,12:30 pm,TEMPERATURE OBSERVATION 2017.pdf,23
2017-12-29,23.3,5:00 am,29.4,1:30 pm,TEMPERATURE OBSERVATION 2017.pdf,23
2017-12-30,23.0,7:00 am,26.9,1:30 pm,TEMPERATURE OBSERVATION 2017.pdf,23
2017-12-31,22.7,6:30 am,25.5,4:00 pm,TEMPERATURE OBSERVATION 2017.pdf,23
2018-01-01,23.3,2:00 am,26.9,1:00 pm,TEMPERATURE OBSERVATION 2018.pdf,1
2018-01-02,24.0,6:00 am,26.0,4:00 pm,TEMPERATURE OBSERVATION 2018.pdf,1
2018-01-03,24.1,6:30 am,29.9,3:30 pm,TEMPERATURE OBSERVATION 2018.pdf,1
2018-01-04,25.1,2:30 am,30.2,3:30 pm,TEMPERATURE OBSERVATION 2018.pdf,1
2018-01-05,24.2,4:00 am,29.0,4:00 pm,TEMPERATURE OBSERVATION 2018.pdf,1
2018-01-06,24.0,5:00 am,30.2,4:00 pm,TEMPERATURE OBSERVATION 2018.pdf,1
2018-01-07,23.9,3:30 am,29.0,2:00 pm,TEMPERATURE OBSERVATION 2018.pdf,1
2018-01-08,24.4,6:00 am,30.4,2:40 pm,TEMPERATURE OBSERVATION 2018.pdf,1
2018-01-09,24.5,3:30 am,29.8,12:30 pm,TEMPERATURE OBSERVATION 2018.pdf,1
2018-01-10,24.0,1:00 am,29.6,2:00 pm,TEMPERATURE OBSERVATION 2018.pdf,1
2018-01-11,24.0,6:30 am,28.9,1:00 pm,TEMPERATURE OBSERVATION 2018.pdf,1
2018-01-12,23.4,5:30 am,27.5,12:30 pm,TEMPERATURE OBSERVATION 2018.pdf,1
2018-01-13,22.9,1:00 am,27.2,1:00 pm,TEMPERATURE OBSERVATION 2018.pdf,1
2018-01-14,22.8,6:00 am,26.0,1:08 pm,TEMPERATURE OBSERVATION 2018.pdf,1
2018-01-15,22.4,7:00 am,25.5,2:30 pm,TEMPERATURE OBSERVATION 2018.pdf,1
2018-01-16,23.0,4:00 am,27.2,12:10 pm,TEMPERATURE OBSERVATION 2018.pdf,1
2018-01-17,23.5,6:00 am,27.8,3:00 pm,TEMPERATURE OBSERVATION 2018.pdf,1
2018-01-18,24.5,6:30 am,30.0,3:00 pm,TEMPERATURE OBSERVATION 2018.pdf,1
2018-01-19,24.1,7:00 am,28.4,3:30 pm,TEMPERATURE OBSERVATION 2018.pdf,1
2018-01-20,24.5,6:00 am,28.8,2:50 pm,TEMPERATURE OBSERVATION 2018.pdf,1
2018-01-21,23.4,4:30 am,27.8,12:00 pm,TEMPERATURE OBSERVATION 2018.pdf,1
2018-01-22,23.3,3:30 pm,29.3,1:30 pm,TEMPERATURE OBSERVATION 2018.pdf,1
2018-01-23,23.8,4:00 am,30.8,2:00 pm,TEMPERATURE OBSERVATION 2018.pdf,1
2018-01-24,24.2,6:00 am,30.0,12:00 pm,TEMPERATURE OBSERVATION 2018.pdf,1
2018-01-25,24.6,3:00 am,30.6,2:00 pm,TEMPERATURE OBSERVATION 2018.pdf,1
2018-01-26,24.8,6:30 am,30.4,3:00 pm,TEMPERATURE OBSERVATION 2018.pdf,1
2018-01-27,23.6,6:30 am,31.2,1:00 pm,TEMPERATURE OBSERVATION 2018.pdf,1
2018-01-28,23.8,5:00 am,26.0,3:00 pm,TEMPERATURE OBSERVATION 2018.pdf,1
2018-01-29,23.2,7:00 am,30.2,2:30 pm,TEMPERATURE OBSERVATION 2018.pdf,1
2018-01-30,22.8,6:30 am,29.6,3:00 pm,TEMPERATURE OBSERVATION 2018.pdf,1
2018-01-31,23.3,7:00 am,30.3,1:00 pm,TEMPERATURE OBSERVATION 2018.pdf,1
2018-02-01,24.4,7:00 am,30.2,4:00 pm,TEMPERATURE OBSERVATION 2018.pdf,2
2018-02-02,24.1,7:00 am,29.2,1:00 pm,TEMPERATURE OBSERVATION 2018.pdf,2
2018-02-03,23.0,6:30 am,27.3,11:30 am,TEMPERATURE OBSERVATION 2018.pdf,2
2018-02-04,23.3,4:00 am,28.1,11:00 am,TEMPERATURE OBSERVATION 2018.pdf,2
2018-02-05,23.5,6:00 am,28.4,2:00 pm,TEMPERATURE OBSERVATION 2018.pdf,2
2018-02-06,21.8,6:30 am,29.0,1:30 pm,TEMPERATURE OBSERVATION 2018.pdf,2
2018-02-07,21.3,6:30 am,29.8,3:30 pm,TEMPERATURE OBSERVATION 2018.pdf,2
2018-02-08,17.6,6:30 am,28.3,12:30 pm,TEMPERATURE OBSERVATION 2018.pdf,2
2018-02-09,21.0,6:00 am,29.0,4:00 pm,TEMPERATURE OBSERVATION 2018.pdf,2
2018-02-10,21.7,7:00 am,29.4,3:00 pm,TEMPERATURE OBSERVATION 2018.pdf,2
2018-02-11,23.0,8:00 am,28.8,12:00 NN,TEMPERATURE OBSERVATION 2018.pdf,2
2018-02-12,23.9,6:00 am,27.7,2:00 pm,TEMPERATURE OBSERVATION 2018.pdf,2
2018-02-13,23.8,1:30 am,25.2,1:30 pm,TEMPERATURE OBSERVATION 2018.pdf,2
2018-02-14,24.2,6:30 am,29.0,2:00 pm,TEMPERATURE OBSERVATION 2018.pdf,2
2018-02-15,24.0,6:00 am,30.0,2:00 pm,TEMPERATURE OBSERVATION 2018.pdf,2
2018-02-16,23.8,6:00 am,30.4,4:30 pm,TEMPERATURE OBSERVATION 2018.pdf,2
2018-02-17,23.5,6:45 am,30.6,12:00 pm,TEMPERATURE OBSERVATION 2018.pdf,2
2018-02-18,24.9,5:30 am,31.9,3:30 pm,TEMPERATURE OBSERVATION 2018.pdf,2
2018-02-19,24.0,6:30 am,32.4,4:00 pm,TEMPERATURE OBSERVATION 2018.pdf,2
2018-02-20,25.2,5:30 am,32.2,4:30 pm,TEMPERATURE OBSERVATION 2018.pdf,2
2018-02-21,24.7,6:30 pm,32.8,12:30 pm,TEMPERATURE OBSERVATION 2018.pdf,2
2018-02-22,24.5,5:30 am,32.9,3:00 pm,TEMPERATURE OBSERVATION 2018.pdf,2
2018-02-23,24.2,5:00 am,32.0,4:00 pm,TEMPERATURE OBSERVATION 2018.pdf,2
2018-02-24,24.8,4:00 am,31.0,3:00 pm,TEMPERATURE OBSERVATION 2018.pdf,2
2018-02-25,24.9,6:00 am,30.2,2:00 pm,TEMPERATURE OBSERVATION 2018.pdf,2
2018-02-26,25.1,5:30 am,31.9,2:30 pm,TEMPERATURE OBSERVATION 2018.pdf,2
2018-02-27,25.0,6:00 am,32.8,2:00 pm,TEMPERATURE OBSERVATION 2018.pdf,2
2018-02-28,25.7,6:30 am,33.1,2:00 pm,TEMPERATURE OBSERVATION 2018.pdf,2
2018-03-01,24.6,6:10 am,33.0,12:30 pm,TEMPERATURE OBSERVATION 2018.pdf,3
2018-03-02,25.5,6:30 am,33.1,3:00PM,TEMPERATURE OBSERVATION 2018.pdf,3
2018-03-03,25.2,5:00 am,32.8,4:15 pm,TEMPERATURE OBSERVATION 2018.pdf,3
2018-03-04,24.5,6:30 am,31.6,1:30 pm,TEMPERATURE OBSERVATION 2018.pdf,3
2018-03-05,25.0,6:00 am,33.2,3:00 pm,TEMPERATURE OBSERVATION 2018.pdf,3
2018-03-06,24.5,6:30 am,32.5,3:00 pm,TEMPERATURE OBSERVATION 2018.pdf,3
2018-03-07,24.2,6:00 am,31.8,3:00 pm,TEMPERATURE OBSERVATION 2018.pdf,3
2018-03-08,23.5,6:30 am,32.1,2:30 pm,TEMPERATURE OBSERVATION 2018.pdf,3
2018-03-09,23.4,6:30 am,32.2,3:30 pm,TEMPERATURE OBSERVATION 2018.pdf,3
2018-03-10,22.5,7:30 am,31.9,4:30 pm,TEMPERATURE OBSERVATION 2018.pdf,3
2018-03-11,23.5,6:00 am,29.4,1:00 pm,TEMPERATURE OBSERVATION 2018.pdf,3
2018-03-12,22.5,2:00 am,27.3,1:00 pm,TEMPERATURE OBSERVATION 2018.pdf,3
2018-03-13,23.8,6:00 am,28.4,1:40 pm,TEMPERATURE OBSERVATION 2018.pdf,3
2018-03-14,22.8,5:30 am,29.9,3:00 pm,TEMPERATURE OBSERVATION 2018.pdf,3
2018-03-15,23.8,6:10 am,31.3,3:20 pm,TEMPERATURE OBSERVATION 2018.pdf,3
2018-03-16,25.0,6:30 am,32.0,3:00 pm,TEMPERATURE OBSERVATION 2018.pdf,3
2018-03-17,24.0,6:30 am,32.0,2:30 pm,TEMPERATURE OBSERVATION 2018.pdf,3
2018-03-18,23.5,5:30 am,31.8,4:00 pm,TEMPERATURE OBSERVATION 2018.pdf,3
2018-03-19,24.3,6:00 am,31.6,3:15 pm,TEMPERATURE OBSERVATION 2018.pdf,3
2018-03-20,23.0,6:30 am,32.0,3:00 pm,TEMPERATURE OBSERVATION 2018.pdf,3
2018-03-21,23.6,6:00 am,32.0,1:30 pm,TEMPERATURE OBSERVATION 2018.pdf,3
2018-03-22,23.5,5:30 am,31.5,2:30 pm,TEMPERATURE OBSERVATION 2018.pdf,3
2018-03-23,23.0,4:00 am,29.3,3:30 pm,TEMPERATURE OBSERVATION 2018.pdf,3
2018-03-24,23.2,5:00 am,29.0,3:30 pm,TEMPERATURE OBSERVATION 2018.pdf,3
2018-03-25,24.0,6:20 am,29.4,1:30 pm,TEMPERATURE OBSERVATION 2018.pdf,3
2018-03-26,21.8,5:30 am,29.2,4:00 pm,TEMPERATURE OBSERVATION 2018.pdf,3
2018-03-27,21.5,6:00 am,31.0,3:00 pm,TEMPERATURE OBSERVATION 2018.pdf,3
2018-03-28,21.9,6:30 am,31.8,2:00 pm,TEMPERATURE OBSERVATION 2018.pdf,3
2018-03-29,20.9,6:30 am,30.1,12:00 NN,TEMPERATURE OBSERVATION 2018.pdf,3
2018-03-30,23.0,4:00 am,29.9,3:00 pm,TEMPERATURE OBSERVATION 2018.pdf,3
2018-03-31,23.5,7:00 am,30.0,3:00 pm,TEMPERATURE OBSERVATION 2018.pdf,3
2018-04-01,22.7,6:30 am,29.8,2:00 pm,TEMPERATURE OBSERVATION 2018.pdf,4
2018-04-02,24.0,6:30 am,32.0,3:30 pm,TEMPERATURE OBSERVATION 2018.pdf,4
2018-04-03,23.1,6:30 am,31.0,2:30 pm,TEMPERATURE OBSERVATION 2018.pdf,4
2018-04-04,24.0,6:00 am,32.3,1:30 pm,TEMPERATURE OBSERVATION 2018.pdf,4
2018-04-05,22.9,5:30 am,32.1,2:00 pm,TEMPERATURE OBSERVATION 2018.pdf,4
2018-04-06,24.0,6:00 am,32.2,2:15 pm,TEMPERATURE OBSERVATION 2018.pdf,4
2018-04-07,24.1,6:30 am,28.2,3:30 pm,TEMPERATURE OBSERVATION 2018.pdf,4
2018-04-08,24.7,6:00 am,31.3,3:20 pm,TEMPERATURE OBSERVATION 2018.pdf,4
2018-04-09,25.1,6:30 am,31.5,3:30 pm,TEMPERATURE OBSERVATION 2018.pdf,4
2018-04-10,25.8,6:00 am,33.2,3:00 pm,TEMPERATURE OBSERVATION 2018.pdf,4
2018-04-11,25.1,6:30 am,33.1,3:00 pm,TEMPERATURE OBSERVATION 2018.pdf,4
2018-04-12,25.5,6:00 am,33.4,3:00 pm,TEMPERATURE OBSERVATION 2018.pdf,4
2018-04-13,25.4,6:30 am,33.8,4:00 pm,TEMPERATURE OBSERVATION 2018.pdf,4
2018-04-14,25.3,6:30 am,33.4,3:30 pm,TEMPERATURE OBSERVATION 2018.pdf,4
2018-04-15,24.9,6:30 am,33.2,3:30 pm,TEMPERATURE OBSERVATION 2018.pdf,4
2018-04-16,25.0,6:15 am,32.3,1:00 pm,TEMPERATURE OBSERVATION 2018.pdf,4
2018-04-17,24.8,5:30 am,33.0,2:00 pm,TEMPERATURE OBSERVATION 2018.pdf,4
2018-04-18,25.5,6:00 am,33.0,1:20 pm,TEMPERATURE OBSERVATION 2018.pdf,4
2018-04-19,24.9,6:30 am,32.5,3:00 pm,TEMPERATURE OBSERVATION 2018.pdf,4
2018-04-20,25.0,5:00 am,33.0,3:00 pm,TEMPERATURE OBSERVATION 2018.pdf,4
2018-04-21,24.8,5:30 am,33.1,3:00 pm,TEMPERATURE OBSERVATION 2018.pdf,4
2018-04-22,25.6,6:00 am,34.4,2:30 pm,TEMPERATURE OBSERVATION 2018.pdf,4
2018-04-23,26.8,6:30 am,34.9,2:30 pm,TEMPERATURE OBSERVATION 2018.pdf,4
2018-04-24,25.8,6:00 am,35.0,2:00 pm,TEMPERATURE OBSERVATION 2018.pdf,4
2018-04-25,25.2,6:00 am,34.0,2:00 pm,TEMPERATURE OBSERVATION 2018.pdf,4
2018-04-26,26.1,4:30 am,34.6,3:30 pm,TEMPERATURE OBSERVATION 2018.pdf,4
2018-04-27,26.1,6:30 am,34.5,3:00 pm,TEMPERATURE OBSERVATION 2018.pdf,4
2018-04-28,25.8,6:20 am,33.7,2:40 pm,TEMPERATURE OBSERVATION 2018.pdf,4
2018-04-29,26.3,6:30 am,33.9,3:40 pm,TEMPERATURE OBSERVATION 2018.pdf,4
2018-04-30,25.8,5:30 am,34.8,3:00 pm,TEMPERATURE OBSERVATION 2018.pdf,4
2018-05-01,26.2,6:00 am,35.0,12:00 pm,TEMPERATURE OBSERVATION 2018.pdf,5
2018-05-02,25.8,6:00 am,35.2,2:15 pm,TEMPERATURE OBSERVATION 2018.pdf,5
2018-05-03,24.2,5:00 am,26.5,9:00 am,TEMPERATURE OBSERVATION 2018.pdf,5
2018-05-04,25.0,6:30 am,31.6,12:00 pm,TEMPERATURE OBSERVATION 2018.pdf,5
2018-05-05,25.2,5:30 am,31.2,4:00 pm,TEMPERATURE OBSERVATION 2018.pdf,5
2018-05-06,25.0,6:00 am,33.2,2:00 pm,TEMPERATURE OBSERVATION 2018.pdf,5
2018-05-07,24.7,6:30 am,33.7,1:00 pm,TEMPERATURE OBSERVATION 2018.pdf,5
2018-05-08,24.6,6:30 am,34.1,12:50 pm,TEMPERATURE OBSERVATION 2018.pdf,5
2018-05-09,24.5,6:30 am,33.4,1:45 pm,TEMPERATURE OBSERVATION 2018.pdf,5
2018-05-10,26.0,6:00 am,34.5,3:30 pm,TEMPERATURE OBSERVATION 2018.pdf,5
2018-05-11,25.1,6:00 am,34.5,2:00 pm,TEMPERATURE OBSERVATION 2018.pdf,5
2018-05-12,25.2,6:30 am,34.5,1:00 pm,TEMPERATURE OBSERVATION 2018.pdf,5
2018-05-13,25.8,6:30 am,34.2,2:30 pm,TEMPERATURE OBSERVATION 2018.pdf,5
2018-05-14,25.2,6:00 am,33.0,2:00 pm,TEMPERATURE OBSERVATION 2018.pdf,5
2018-05-15,24.5,5:30 am,34.0,1:00 pm,TEMPERATURE OBSERVATION 2018.pdf,5
2018-05-16,25.5,6:30 pm,33.8,2:00 pm,TEMPERATURE OBSERVATION 2018.pdf,5
2018-05-17,24.2,5:30 am,32.1,1:30 pm,TEMPERATURE OBSERVATION 2018.pdf,5
2018-05-18,25.0,6:00 am,32.8,2:00 pm,TEMPERATURE OBSERVATION 2018.pdf,5
2018-05-19,24.2,6:30 am,31.4,1:15 pm,TEMPERATURE OBSERVATION 2018.pdf,5
2018-05-20,25.0,6:30 am,33.5,1:40 pm,TEMPERATURE OBSERVATION 2018.pdf,5
2018-05-21,24.0,5:30 am,32.5,10:45 am,TEMPERATURE OBSERVATION 2018.pdf,5
2018-05-22,24.8,6:00 am,32.8,1:35 pm,TEMPERATURE OBSERVATION 2018.pdf,5
2018-05-23,25.8,6:30 am,33.5,2:30 pm,TEMPERATURE OBSERVATION 2018.pdf,5
2018-05-24,26.0,6:00 am,33.9,2:00 pm,TEMPERATURE OBSERVATION 2018.pdf,5
2018-05-25,23.2,6:30 am,34.2,3:30 pm,TEMPERATURE OBSERVATION 2018.pdf,5
2018-05-26,26.0,6:00 am,34.3,4:00 pm,TEMPERATURE OBSERVATION 2018.pdf,5
2018-05-27,27.0,6:00 am,34.0,4:00 pm,TEMPERATURE OBSERVATION 2018.pdf,5
2018-05-28,23.4,5:50 am,34.0,1:20 pm,TEMPERATURE OBSERVATION 2018.pdf,5
2018-05-29,26.1,6:00 am,33.0,1:10 pm,TEMPERATURE OBSERVATION 2018.pdf,5
2018-05-30,24.8,9:30 pm,32.4,1:30 pm,TEMPERATURE OBSERVATION 2018.pdf,5
2018-05-31,24.7,6:00 am,32.2,4:30 pm,TEMPERATURE OBSERVATION 2018.pdf,5
2018-06-01,24.4,3:00 am,32.4,1:20 pm,TEMPERATURE OBSERVATION 2018.pdf,6
2018-06-02,24.0,5:30 am,29.1,10:30 am,TEMPERATURE OBSERVATION 2018.pdf,6
2018-06-03,24.8,6:15 am,31.2,11:10 am,TEMPERATURE OBSERVATION 2018.pdf,6
2018-06-04,26.1,7:15 am,33.0,3:00 pm,TEMPERATURE OBSERVATION 2018.pdf,6
2018-06-05,24.6,11:30 pm,31.5,1:30 pm,TEMPERATURE OBSERVATION 2018.pdf,6
2018-06-06,26.0,2:00 am,29.8,4:00 pm,TEMPERATURE OBSERVATION 2018.pdf,6
2018-06-07,24.0,3:00 am,30.0,3:00 pm,TEMPERATURE OBSERVATION 2018.pdf,6
2018-06-08,24.0,10:30 pm,28.4,10:40 am,TEMPERATURE OBSERVATION 2018.pdf,6
2018-06-09,24.1,11:20 pm,31.0,1:00 pm,TEMPERATURE OBSERVATION 2018.pdf,6
2018-06-10,25.8,3:00 pm,29.0,6:00 pm,TEMPERATURE OBSERVATION 2018.pdf,6
2018-06-11,26.8,3:30 am,30.8,2:00 pm,TEMPERATURE OBSERVATION 2018.pdf,6
2018-06-12,26.9,6:00 am,30.9,2:30 pm,TEMPERATURE OBSERVATION 2018.pdf,6
2018-06-13,26.8,5:30 am,30.5,1:00 pm,TEMPERATURE OBSERVATION 2018.pdf,6
2018-06-14,25.2,5:00 am,31.2,1:30 pm,TEMPERATURE OBSERVATION 2018.pdf,6
2018-06-15,25.0,3:00 am,30.0,12:15 pm,TEMPERATURE OBSERVATION 2018.pdf,6
2018-06-16,24.0,6:30 am,31.0,3:00 pm,TEMPERATURE OBSERVATION 2018.pdf,6
2018-06-17,25.0,5:20 am,29.0,11:00 am,TEMPERATURE OBSERVATION 2018.pdf,6
2018-06-18,25.4,6:00 am,29.9,2:00 pm,TEMPERATURE OBSERVATION 2018.pdf,6
2018-06-19,24.7,6:00 am,29.4,3:20 pm,TEMPERATURE OBSERVATION 2018.pdf,6
2018-06-20,25.5,6:00 am,31.2,11:00 am,TEMPERATURE OBSERVATION 2018.pdf,6
2018-06-21,24.5,6:00 am,31.0,11:00 am,TEMPERATURE OBSERVATION 2018.pdf,6
2018-06-22,25.0,6:00 am,30.6,2:00 pm,TEMPERATURE OBSERVATION 2018.pdf,6
2018-06-23,26.0,5:30 am,30.5,3:00 pm,TEMPERATURE OBSERVATION 2018.pdf,6
2018-06-24,25.0,2:30 am,32.0,2:00 pm,TEMPERATURE OBSERVATION 2018.pdf,6
2018-06-25,24.3,6:00 am,30.5,1:10 pm,TEMPERATURE OBSERVATION 2018.pdf,6
2018-06-26,23.0,6:30 am,30.1,12:00 pm,TEMPERATURE OBSERVATION 2018.pdf,6
2018-06-27,24.0,6:00 am,29.3,2:00 pm,TEMPERATURE OBSERVATION 2018.pdf,6
2018-06-28,23.0,6:00 am,30.6,1:30 pm,TEMPERATURE OBSERVATION 2018.pdf,6
2018-06-29,25.2,6:00 am,30.2,2:30 pm,TEMPERATURE OBSERVATION 2018.pdf,6
2018-06-30,23.5,6:30 am,31.0,1:00 pm,TEMPERATURE OBSERVATION 2018.pdf,6
2018-07-01,24.6,4:15 am,29.2,1:30 pm,TEMPERATURE OBSERVATION 2018.pdf,7
2018-07-02,24.0,6:00 am,30.5,3:45 pm,TEMPERATURE OBSERVATION 2018.pdf,7
2018-07-03,24.0,12:00 am,29.9,2:00 pm,TEMPERATURE OBSERVATION 2018.pdf,7
2018-07-04,24.1,7:00 am,29.5,12:30 pm,TEMPERATURE OBSERVATION 2018.pdf,7
2018-07-05,23.5,7:15 am,29.6,2:00 pm,TEMPERATURE OBSERVATION 2018.pdf,7
2018-07-06,24.0,6:00 am,29.0,3:00 pm,TEMPERATURE OBSERVATION 2018.pdf,7
2018-07-07,23.5,7:00 am,27.5,2:30 pm,TEMPERATURE OBSERVATION 2018.pdf,7
2018-07-08,23.1,6:00 am,29.5,12:30 pm,TEMPERATURE OBSERVATION 2018.pdf,7
2018-07-09,24.0,6:15 am,28.2,12:00 pm,TEMPERATURE OBSERVATION 2018.pdf,7
2018-07-10,24.0,1:00 am,29.3,11:00 am,TEMPERATURE OBSERVATION 2018.pdf,7
2018-07-11,24.0,6:00 am,29.6,2:00 pm,TEMPERATURE OBSERVATION 2018.pdf,7
2018-07-12,22.5,3:30 am,28.0,2:00 pm,TEMPERATURE OBSERVATION 2018.pdf,7
2018-07-13,23.8,4:00 am,29.8,12:15 pm,TEMPERATURE OBSERVATION 2018.pdf,7
2018-07-14,24.8,6:00 am,28.7,2:00 pm,TEMPERATURE OBSERVATION 2018.pdf,7
2018-07-15,25.0,6:30 am,29.0,12:00 pm,TEMPERATURE OBSERVATION 2018.pdf,7
2018-07-16,25.0,3:30 am,26.9,1:30 pm,TEMPERATURE OBSERVATION 2018.pdf,7
2018-07-17,24.0,6:00 am,26.8,1:00 am,TEMPERATURE OBSERVATION 2018.pdf,7
2018-07-18,26.2,6:05 am,29.2,12:45 pm,TEMPERATURE OBSERVATION 2018.pdf,7
2018-07-19,25.0,5:30 am,29.8,2:30 pm,TEMPERATURE OBSERVATION 2018.pdf,7
2018-07-20,25.2,2:00 am,29.9,2:00 pm,TEMPERATURE OBSERVATION 2018.pdf,7
2018-07-21,24.0,2:15 am,29.6,12:00 NN,TEMPERATURE OBSERVATION 2018.pdf,7
2018-07-22,24.0,6:00 am,29.5,2:00 pm,TEMPERATURE OBSERVATION 2018.pdf,7
2018-07-23,24.0,5:30 am,29.8,2:15 pm,TEMPERATURE OBSERVATION 2018.pdf,7
2018-07-24,25.1,6:00 am,31.4,2:30 pm,TEMPERATURE OBSERVATION 2018.pdf,7
2018-07-25,26.0,5:30 am,29.3,9:00 am,TEMPERATURE OBSERVATION 2018.pdf,7
2018-07-26,25.8,6:00 am,30.0,12:00 NN,TEMPERATURE OBSERVATION 2018.pdf,7
2018-07-27,24.0,6:30 am,27.5,3:00 pm,TEMPERATURE OBSERVATION 2018.pdf,7
2018-07-28,24.1,6:00 am,30.1,4:30 pm,TEMPERATURE OBSERVATION 2018.pdf,7
2018-07-29,25.2,1:30 am,30.3,12:30 pm,TEMPERATURE OBSERVATION 2018.pdf,7
2018-07-30,25.1,6:30 am,30.3,2:00 pm,TEMPERATURE OBSERVATION 2018.pdf,7
2018-07-31,24.0,6:15 am,30.5,12:30 pm,TEMPERATURE OBSERVATION 2018.pdf,7
2018-08-01,24.1,11:30 pm,30.8,1:00 pm,TEMPERATURE OBSERVATION 2018.pdf,8
2018-08-02,24.0,11:00 pm,26.0,1:15 pm,TEMPERATURE OBSERVATION 2018.pdf,8
2018-08-03,24.0,2:00 am,26.5,5:30 pm,TEMPERATURE OBSERVATION 2018.pdf,8
2018-08-04,24.1,10:00 pm,27.0,10:00 am,TEMPERATURE OBSERVATION 2018.pdf,8
2018-08-05,25.0,3:30 am,28.5,2:00 pm,TEMPERATURE OBSERVATION 2018.pdf,8
2018-08-06,23.7,6:00 pm,29.3,1:30 pm,TEMPERATURE OBSERVATION 2018.pdf,8
2018-08-07,23.7,7:30 am,29.6,12:30 pm,TEMPERATURE OBSERVATION 2018.pdf,8
2018-08-08,24.0,4:00 am,28.6,3:30 pm,TEMPERATURE OBSERVATION 2018.pdf,8
2018-08-09,27.9,4:30 pm,26.0,6:30 am,TEMPERATURE OBSERVATION 2018.pdf,8
2018-08-10,25.5,10:00 pm,29.3,2:00 pm,TEMPERATURE OBSERVATION 2018.pdf,8
2018-08-11,27.0,5:00 am,29.7,12:30 pm,TEMPERATURE OBSERVATION 2018.pdf,8
2018-08-12,25.6,2:00 am,30.0,1:30 pm,TEMPERATURE OBSERVATION 2018.pdf,8
2018-08-13,25.0,6:00 am,29.1,2:30 pm,TEMPERATURE OBSERVATION 2018.pdf,8
2018-08-14,26.0,6:05 am,29.6,2:00 pm,TEMPERATURE OBSERVATION 2018.pdf,8
2018-08-15,26.4,1:30 am,29.3,2:00 pm,TEMPERATURE OBSERVATION 2018.pdf,8
2018-08-16,26.0,12:30 am,30.0,2:30 pm,TEMPERATURE OBSERVATION 2018.pdf,8
2018-08-17,24.1,1:30 am,29.5,3:00 pm,TEMPERATURE OBSERVATION 2018.pdf,8
2018-08-18,24.3,6:00 am,28.2,1:20 pm,TEMPERATURE OBSERVATION 2018.pdf,8
2018-08-19,25.1,6:00 am,29.8,3:00 pm,TEMPERATURE OBSERVATION 2018.pdf,8
2018-08-20,24.6,3:30 am,30.2,2:00 pm,TEMPERATURE OBSERVATION 2018.pdf,8
2018-08-21,26.4,12:00 am,29.5,1:00 pm,TEMPERATURE OBSERVATION 2018.pdf,8
2018-08-22,25.0,6:15 am,29.8,2:18 pm,TEMPERATURE OBSERVATION 2018.pdf,8
2018-08-23,25.7,3:45 am,30.3,2:00 pm,TEMPERATURE OBSERVATION 2018.pdf,8
2018-08-24,26.2,6:30 am,30.4,3:30 pm,TEMPERATURE OBSERVATION 2018.pdf,8
2018-08-25,24.5,1:30 am,29.9,1:00 pm,TEMPERATURE OBSERVATION 2018.pdf,8
2018-08-26,24.0,6:00 am,28.7,2:00 pm,TEMPERATURE OBSERVATION 2018.pdf,8
2018-08-27,24.0,7:00 am,31.0,2:00 pm,TEMPERATURE OBSERVATION 2018.pdf,8
2018-08-28,23.8,6:00 am,31.8,2:00 pm,TEMPERATURE OBSERVATION 2018.pdf,8
2018-08-29,22.8,6:30 am,29.8,12:00 NN,TEMPERATURE OBSERVATION 2018.pdf,8
2018-08-30,23.7,6:15 am,29.3,2:00 pm,TEMPERATURE OBSERVATION 2018.pdf,8
2018-08-31,23.2,7:00 am,25.0,12:30 pm,TEMPERATURE OBSERVATION 2018.pdf,8
2018-09-01,24.8,6:00 am,29.0,11:00 pm,TEMPERATURE OBSERVATION 2018.pdf,9
2018-09-02,24.9,6:30 am,29.0,12:30 pm,TEMPERATURE OBSERVATION 2018.pdf,9
2018-09-03,23.6,4:00 am,26.6,8:00 am,TEMPERATURE OBSERVATION 2018.pdf,9
2018-09-04,23.8,6:30 am,26.4,12:00 NN,TEMPERATURE OBSERVATION 2018.pdf,9
2018-09-05,24.0,3:30 am,28.1,9:50 am,TEMPERATURE OBSERVATION 2018.pdf,9
2018-09-06,24.2,7:30 am,26.5,12:30 am,TEMPERATURE OBSERVATION 2018.pdf,9
2018-09-07,24.0,5:00 am,29.0,12:00 NN,TEMPERATURE OBSERVATION 2018.pdf,9
2018-09-08,24.2,6:30 am,30.0,3:30 pm,TEMPERATURE OBSERVATION 2018.pdf,9
2018-09-09,22.9,6:00 am,30.0,4:00 pm,TEMPERATURE OBSERVATION 2018.pdf,9
2018-09-10,22.5,6:00 am,30.8,11:30 am,TEMPERATURE OBSERVATION 2018.pdf,9
2018-09-11,23.2,6:15 am,30.0,1:00 pm,TEMPERATURE OBSERVATION 2018.pdf,9
2018-09-12,24.0,5:00 am,29.5,12:00 pm,TEMPERATURE OBSERVATION 2018.pdf,9
2018-09-13,23.0,3:00 am,29.5,12:00 pm,TEMPERATURE OBSERVATION 2018.pdf,9
2018-09-14,22.2,3:30 am,28.5,1:00 pm,TEMPERATURE OBSERVATION 2018.pdf,9
2018-09-15,23.0,6:15 am,27.8,1:30 pm,TEMPERATURE OBSERVATION 2018.pdf,9
2018-09-16,23.8,6:00 am,28.4,1:30 pm,TEMPERATURE OBSERVATION 2018.pdf,9
2018-09-17,23.0,4:30 am,30.9,1:00 pm,TEMPERATURE OBSERVATION 2018.pdf,9
2018-09-18,23.0,6:00 am,29.0,12:00 NN,TEMPERATURE OBSERVATION 2018.pdf,9
2018-09-19,24.7,6:00 am,31.1,2:00 pm,TEMPERATURE OBSERVATION 2018.pdf,9
2018-09-20,23.0,5:30 am,29.0,1:00 pm,TEMPERATURE OBSERVATION 2018.pdf,9
2018-09-21,23.0,6:15 am,29.8,1:30 pm,TEMPERATURE OBSERVATION 2018.pdf,9
2018-09-22,22.8,5:00 am,30.1,12:00 NN,TEMPERATURE OBSERVATION 2018.pdf,9
2018-09-23,22.0,6:00 am,30.1,12:15 pm,TEMPERATURE OBSERVATION 2018.pdf,9
2018-09-24,24.0,5:30 am,30.1,3:30 pm,TEMPERATURE OBSERVATION 2018.pdf,9
2018-09-25,26.0,6:30 am,30.2,2:15 pm,TEMPERATURE OBSERVATION 2018.pdf,9
2018-09-26,25.2,6:30 am,30.6,3:00 pm,TEMPERATURE OBSERVATION 2018.pdf,9
2018-09-27,25.1,5:30 am,30.5,3:00 pm,TEMPERATURE OBSERVATION 2018.pdf,9
2018-09-28,24.2,6:15 am,30.1,1:20 pm,TEMPERATURE OBSERVATION 2018.pdf,9
2018-09-29,25.6,7:00 am,30.7,1:00 pm,TEMPERATURE OBSERVATION 2018.pdf,9
2018-09-30,24.5,6:00 am,30.1,2:45 pm,TEMPERATURE OBSERVATION 2018.pdf,9
2018-10-01,24.0,6:30 am,30.6,2:30 pm,TEMPERATURE OBSERVATION 2018.pdf,10
2018-10-02,24.0,6:00 am,30.1,2:30 pm,TEMPERATURE OBSERVATION 2018.pdf,10
2018-10-03,23.7,6:10 am,29.8,3:00 pm,TEMPERATURE OBSERVATION 2018.pdf,10
2018-10-04,24.0,6:00 am,31.6,1:00 pm,TEMPERATURE OBSERVATION 2018.pdf,10
2018-10-05,23.8,6:00 am,31.0,2:00 pm,TEMPERATURE OBSERVATION 2018.pdf,10
2018-10-06,22.9,6:00 am,30.8,1:00 pm,TEMPERATURE OBSERVATION 2018.pdf,10
2018-10-07,24.2,5:30 am,32.1,1:15 pm,TEMPERATURE OBSERVATION 2018.pdf,10
2018-10-08,23.0,6:00 am,32.3,1:20 pm,TEMPERATURE OBSERVATION 2018.pdf,10
2018-10-09,23.0,6:00 am,31.8,1:00 pm,TEMPERATURE OBSERVATION 2018.pdf,10
2018-10-10,23.2,5:30 am,32.4,2:00 pm,TEMPERATURE OBSERVATION 2018.pdf,10
2018-10-11,24.3,3:00 am,32.6,3:00 pm,TEMPERATURE OBSERVATION 2018.pdf,10
2018-10-12,26.0,6:00 am,33.2,1:40 pm,TEMPERATURE OBSERVATION 2018.pdf,10
2018-10-13,24.7,5:30 am,30.8,1:30 pm,TEMPERATURE OBSERVATION 2018.pdf,10
2018-10-14,24.6,6:30 am,33.1,1:30 pm,TEMPERATURE OBSERVATION 2018.pdf,10
2018-10-15,23.5,6:00 am,30.9,1:30 pm,TEMPERATURE OBSERVATION 2018.pdf,10
2018-10-16,23.0,6:00 am,31.0,1:00 pm,TEMPERATURE OBSERVATION 2018.pdf,10
2018-10-17,23.6,6:00 am,32.0,12:20 pm,TEMPERATURE OBSERVATION 2018.pdf,10
2018-10-18,22.8,5:30 am,32.0,3:00 pm,TEMPERATURE OBSERVATION 2018.pdf,10
2018-10-19,24.0,6:20 am,32.2,3:00 pm,TEMPERATURE OBSERVATION 2018.pdf,10
2018-10-20,24.7,6:00 am,31.9,1:15 pm,TEMPERATURE OBSERVATION 2018.pdf,10
2018-10-21,23.9,6:00 am,32.0,2:00 pm,TEMPERATURE OBSERVATION 2018.pdf,10
2018-10-22,23.2,6:00 am,31.6,3:00 pm,TEMPERATURE OBSERVATION 2018.pdf,10
2018-10-23,23.5,5:30 am,31.0,12:00 pm,TEMPERATURE OBSERVATION 2018.pdf,10
2018-10-24,22.6,6:00 am,31.5,2:00 pm,TEMPERATURE OBSERVATION 2018.pdf,10
2018-10-25,23.2,6:00 am,31.2,1:00 pm,TEMPERATURE OBSERVATION 2018.pdf,10
2018-10-26,23.2,6:00 am,31.0,3:30 pm,TEMPERATURE OBSERVATION 2018.pdf,10
2018-10-27,22.6,6:00 am,30.9,3:30 pm,TEMPERATURE OBSERVATION 2018.pdf,10
2018-10-28,24.8,6:00 am,30.9,11:30 am,TEMPERATURE OBSERVATION 2018.pdf,10
2018-10-29,25.0,11:30 am,29.4,3:40 pm,TEMPERATURE OBSERVATION 2018.pdf,10
2018-10-30,24.0,6:00 am,30.0,1:00 pm,TEMPERATURE OBSERVATION 2018.pdf,10
2018-10-31,23.2,6:00 am,31.9,2:00 pm,TEMPERATURE OBSERVATION 2018.pdf,10
2018-11-01,25.0,3:00 am,33.0,3:00 pm,TEMPERATURE OBSERVATION 2018.pdf,11
2018-11-02,25.0,3:00 am,32.8,3:30 pm,TEMPERATURE OBSERVATION 2018.pdf,11
2018-11-03,24.8,6:30 am,31.9,3:00 pm,TEMPERATURE OBSERVATION 2018.pdf,11
2018-11-04,24.9,6:00 am,31.4,3:00 pm,TEMPERATURE OBSERVATION 2018.pdf,11
2018-11-05,24.8,6:00 am,31.1,11:00 am,TEMPERATURE OBSERVATION 2018.pdf,11
2018-11-06,24.0,5:30 am,29.0,1:30 pm,TEMPERATURE OBSERVATION 2018.pdf,11
2018-11-07,24.5,6:00 am,31.2,1:00 pm,TEMPERATURE OBSERVATION 2018.pdf,11
2018-11-08,24.2,6:00 am,31.1,2:30 pm,TEMPERATURE OBSERVATION 2018.pdf,11
2018-11-09,24.0,6:20 am,31.5,2:25 pm,TEMPERATURE OBSERVATION 2018.pdf,11
2018-11-10,24.8,7:30 am,31.2,1:30 pm,TEMPERATURE OBSERVATION 2018.pdf,11
2018-11-11,24.4,6:30 am,30.7,2:30 pm,TEMPERATURE OBSERVATION 2018.pdf,11
2018-11-12,24.1,6:00 am,31.0,1:30 pm,TEMPERATURE OBSERVATION 2018.pdf,11
2018-11-13,24.8,6:30 am,30.0,10:30 am,TEMPERATURE OBSERVATION 2018.pdf,11
2018-11-14,24.0,6:00 am,29.0,3:00 pm,TEMPERATURE OBSERVATION 2018.pdf,11
2018-11-15,24.0,6:00 am,29.5,1:00 pm,TEMPERATURE OBSERVATION 2018.pdf,11
2018-11-16,24.1,6:00 am,32.0,4:30 pm,TEMPERATURE OBSERVATION 2018.pdf,11
2018-11-17,23.3,6:00 am,31.0,2:30 pm,TEMPERATURE OBSERVATION 2018.pdf,11
2018-11-18,23.2,7:00 am,30.3,12:30 pm,TEMPERATURE OBSERVATION 2018.pdf,11
2018-11-19,22.0,6:00 am,27.5,12:20 pm,TEMPERATURE OBSERVATION 2018.pdf,11
2018-11-20,24.1,6:00 am,30.1,2:30 pm,TEMPERATURE OBSERVATION 2018.pdf,11
2018-11-21,23.8,6:00 am,24.5,12:00 pm,TEMPERATURE OBSERVATION 2018.pdf,11
2018-11-22,23.3,6:00 am,30.0,1:05 pm,TEMPERATURE OBSERVATION 2018.pdf,11
2018-11-23,23.5,6:30 am,30.0,1:30 pm,TEMPERATURE OBSERVATION 2018.pdf,11
2018-11-24,22.9,7:00 am,30.0,3:00 pm,TEMPERATURE OBSERVATION 2018.pdf,11
2018-11-25,23.0,3:00 am,29.6,12:30 pm,TEMPERATURE OBSERVATION 2018.pdf,11
2018-11-26,,,,,TEMPERATURE OBSERVATION 2018.pdf,11
2018-11-27,,,,,TEMPERATURE OBSERVATION 2018.pdf,11
2018-11-28,24.0,6:00 am,30.5,1:00 pm,TEMPERATURE OBSERVATION 2018.pdf,11
2018-11-29,23.1,5:30 am,29.1,4:00 pm,TEMPERATURE OBSERVATION 2018.pdf,11
2018-11-30,23.0,5:00 am,30.0,2:00 pm,TEMPERATURE OBSERVATION 2018.pdf,11
2018-12-01,24.3,6:00 am,29.2,4:30 pm,TEMPERATURE OBSERVATION 2018.pdf,12
2018-12-02,24.0,6:30 am,30.2,2:00 pm,TEMPERATURE OBSERVATION 2018.pdf,12
2018-12-03,1.0,,,,TEMPERATURE OBSERVATION 2018.pdf,12
2018-12-04,25.0,6:30 am,30.1,2:30 pm,TEMPERATURE OBSERVATION 2018.pdf,12
2018-12-05,25.0,5:30 am,31.3,2:15 pm,TEMPERATURE OBSERVATION 2018.pdf,12
2018-12-06,24.0,4:30 am,31.4,1:30 pm,TEMPERATURE OBSERVATION 2018.pdf,12
2018-12-07,24.5,6:00 am,30.2,2:00 pm,TEMPERATURE OBSERVATION 2018.pdf,12
2018-12-08,24.0,5:00 am,30.0,3:00 pm,TEMPERATURE OBSERVATION 2018.pdf,12
2018-12-09,24.2,6:00 am,30.2,2:30 pm,TEMPERATURE OBSERVATION 2018.pdf,12
2018-12-10,24.4,6:00 am,30.4,1:35 pm,TEMPERATURE OBSERVATION 2018.pdf,12
2018-12-11,24.0,6:20 am,31.0,1:00 pm,TEMPERATURE OBSERVATION 2018.pdf,12
2018-12-12,23.9,5:00 am,30.1,12:30 pm,TEMPERATURE OBSERVATION 2018.pdf,12
2018-12-13,24.5,6:00 am,30.0,2:00 pm,TEMPERATURE OBSERVATION 2018.pdf,12
2018-12-14,25.0,6:00 am,30.4,3:00 pm,TEMPERATURE OBSERVATION 2018.pdf,12
2018-12-15,24.2,6:00 am,30.3,3:30 pm,TEMPERATURE OBSERVATION 2018.pdf,12
2018-12-16,23.8,6:00 am,30.2,12:50 pm,TEMPERATURE OBSERVATION 2018.pdf,12
2018-12-17,23.9,5:00 am,29.8,2:00 pm,TEMPERATURE OBSERVATION 2018.pdf,12
2018-12-18,23.0,6:00 am,27.0,2:00 pm,TEMPERATURE OBSERVATION 2018.pdf,12
2018-12-19,23.6,3:00 am,30.0,12:30 pm,TEMPERATURE OBSERVATION 2018.pdf,12
2018-12-20,23.0,2:00 am,25.0,10:00 am,TEMPERATURE OBSERVATION 2018.pdf,12
2018-12-21,24.0,6:30 am,28.8,12:30 pm,TEMPERATURE OBSERVATION 2018.pdf,12
2018-12-22,23.3,6:00 am,28.7,1:30 pm,TEMPERATURE OBSERVATION 2018.pdf,12
2018-12-23,23.9,6:30 am,27.5,2:15 pm,TEMPERATURE OBSERVATION 2018.pdf,12
2018-12-24,24.0,6:30 am,30.8,2:00 pm,TEMPERATURE OBSERVATION 2018.pdf,12
2018-12-25,24.1,5:30 am,30.5,2:00 pm,TEMPERATURE OBSERVATION 2018.pdf,12
2018-12-26,22.0,6:00 am,29.8,1:30 pm,TEMPERATURE OBSERVATION 2018.pdf,12
2018-12-27,23.0,6:50 am,30.0,1:30 pm,TEMPERATURE OBSERVATION 2018.pdf,12
2018-12-28,23.0,6:00 am,26.0,3:00 pm,TEMPERATURE OBSERVATION 2018.pdf,12
2018-12-29,23.8,3:00 am,27.5,2:00 pm,TEMPERATURE OBSERVATION 2018.pdf,12
2018-12-30,23.8,5:30 am,29.0,2:00 pm,TEMPERATURE OBSERVATION 2018.pdf,12
2018-12-31,24.8,5:45 am,30.2,3:00 pm,TEMPERATURE OBSERVATION 2018.pdf,12
2019-01-01,24.0,6:30 am,30.0,2:00 pm,TEMPERATURE OBSERVATION 2019.pdf,1
2019-01-02,23.8,6:30 am,29.8,3:00 pm,TEMPERATURE OBSERVATION 2019.pdf,1
2019-01-03,24.0,6:00 am,28.8,3:30 pm,TEMPERATURE OBSERVATION 2019.pdf,1
2019-01-04,24.0,6:00 am,28.2,12:10 pm,TEMPERATURE OBSERVATION 2019.pdf,1
2019-01-05,23.0,7:00 am,28.4,3:00 pm,TEMPERATURE OBSERVATION 2019.pdf,1
2019-01-06,21.9,6:30 am,29.8,3:30 pm,TEMPERATURE OBSERVATION 2019.pdf,1
2019-01-07,23.0,6:00 am,29.3,3:00 pm,TEMPERATURE OBSERVATION 2019.pdf,1
2019-01-08,23.0,6:15 am,29.5,3:20 pm,TEMPERATURE OBSERVATION 2019.pdf,1
2019-01-09,23.2,3:30 am,29.8,3:00 pm,TEMPERATURE OBSERVATION 2019.pdf,1
2019-01-10,22.9,2:30 am,28.5,4:00 pm,TEMPERATURE OBSERVATION 2019.pdf,1
2019-01-11,22.2,7:00 am,29.1,1:30 pm,TEMPERATURE OBSERVATION 2019.pdf,1
2019-01-12,23.8,6:05 am,30.0,3:30 pm,TEMPERATURE OBSERVATION 2019.pdf,1
2019-01-13,23.8,6:00 am,29.9,11:30 am,TEMPERATURE OBSERVATION 2019.pdf,1
2019-01-14,23.0,6:00 am,30.0,1:30 pm,TEMPERATURE OBSERVATION 2019.pdf,1
2019-01-15,21.2,6:30 am,29.4,2:30 pm,TEMPERATURE OBSERVATION 2019.pdf,1
2019-01-16,22.4,6:35 am,29.2,3:30 pm,TEMPERATURE OBSERVATION 2019.pdf,1
2019-01-17,21.8,7:00 am,28.5,2:30 pm,TEMPERATURE OBSERVATION 2019.pdf,1
2019-01-18,21.1,6:30 am,28.0,2:15 pm,TEMPERATURE OBSERVATION 2019.pdf,1
2019-01-19,23.1,4:00 am,28.0,1:00 pm,TEMPERATURE OBSERVATION 2019.pdf,1
2019-01-20,23.1,7:00 am,26.1,2:30 pm,TEMPERATURE OBSERVATION 2019.pdf,1
2019-01-21,23.4,6:00 am,29.0,12:00 pm,TEMPERATURE OBSERVATION 2019.pdf,1
2019-01-22,23.8,5:00 am,28.2,12:00 pm,TEMPERATURE OBSERVATION 2019.pdf,1
2019-01-23,24.0,5:00 am,28.9,10:30 am,TEMPERATURE OBSERVATION 2019.pdf,1
2019-01-24,24.0,6:30 am,28.0,2:30 pm,TEMPERATURE OBSERVATION 2019.pdf,1
2019-01-25,23.6,6:00 am,28.2,2:20 pm,TEMPERATURE OBSERVATION 2019.pdf,1
2019-01-26,21.4,6:30 am,28.2,1:00 pm,TEMPERATURE OBSERVATION 2019.pdf,1
2019-01-27,21.4,5:00 am,27.4,4:00 pm,TEMPERATURE OBSERVATION 2019.pdf,1
2019-01-28,20.0,6:00 am,28.8,2:00 pm,TEMPERATURE OBSERVATION 2019.pdf,1
2019-01-29,20.1,5:30 am,28.4,11:45 am,TEMPERATURE OBSERVATION 2019.pdf,1
2019-01-30,21.3,5:00 am,29.2,2:15 pm,TEMPERATURE OBSERVATION 2019.pdf,1
2019-01-31,22.7,4:00 am,30.2,1:30 pm,TEMPERATURE OBSERVATION 2019.pdf,1
2019-02-01,21.0,6:00 am,29.5,12:00 NN,TEMPERATURE OBSERVATION 2019.pdf,2
2019-02-02,22.3,7:00 am,21.8,12:00 NN,TEMPERATURE OBSERVATION 2019.pdf,2
2019-02-03,23.1,6:45 am,31.3,2:30 pm,TEMPERATURE OBSERVATION 2019.pdf,2
2019-02-04,24.0,6:00 am,29.5,1:00 pm,TEMPERATURE OBSERVATION 2019.pdf,2
2019-02-05,24.0,5:30 am,29.6,11:30 am,TEMPERATURE OBSERVATION 2019.pdf,2
2019-02-06,21.8,5:30 am,31.0,2:00 pm,TEMPERATURE OBSERVATION 2019.pdf,2
2019-02-07,21.8,4:00 am,31.2,2:00 pm,TEMPERATURE OBSERVATION 2019.pdf,2
2019-02-08,23.0,6:00 am,31.5,3:00 pm,TEMPERATURE OBSERVATION 2019.pdf,2
2019-02-09,23.4,6:00 am,31.3,2:00 pm,TEMPERATURE OBSERVATION 2019.pdf,2
2019-02-10,22.9,6:00 am,31.5,2:00 pm,TEMPERATURE OBSERVATION 2019.pdf,2
2019-02-11,23.0,4:00 am,31.2,2:00 pm,TEMPERATURE OBSERVATION 2019.pdf,2
2019-02-12,22.0,6:00 am,31.1,2:15 pm,TEMPERATURE OBSERVATION 2019.pdf,2
2019-02-13,23.8,5:30 am,32.4,2:30 pm,TEMPERATURE OBSERVATION 2019.pdf,2
2019-02-14,24.0,2:30 am,28.0,2:40 pm,TEMPERATURE OBSERVATION 2019.pdf,2
2019-02-15,23.0,6:00 am,30.0,2:00 pm,TEMPERATURE OBSERVATION 2019.pdf,2
2019-02-16,22.9,5:00 am,30.8,2:00 pm,TEMPERATURE OBSERVATION 2019.pdf,2
2019-02-17,22.8,6:30 am,31.3,2:30 pm,TEMPERATURE OBSERVATION 2019.pdf,2
2019-02-18,23.0,5:00 am,31.8,2:00 pm,TEMPERATURE OBSERVATION 2019.pdf,2
2019-02-19,22.9,6:00 am,31.0,2:00 pm,TEMPERATURE OBSERVATION 2019.pdf,2
2019-02-20,21.8,6:20 am,31.0,3:00 pm,TEMPERATURE OBSERVATION 2019.pdf,2
2019-02-21,21.1,5:30 am,31.5,2:30 pm,TEMPERATURE OBSERVATION 2019.pdf,2
2019-02-22,22.3,6:30 am,31.6,1:10 pm,TEMPERATURE OBSERVATION 2019.pdf,2
2019-02-23,22.7,6:00 am,31.6,3:30 pm,TEMPERATURE OBSERVATION 2019.pdf,2
2019-02-24,21.3,7:00 am,30.0,2:00 pm,TEMPERATURE OBSERVATION 2019.pdf,2
2019-02-25,20.2,6:00 am,31.0,3:00 pm,TEMPERATURE OBSERVATION 2019.pdf,2
2019-02-26,20.0,6:00 am,30.5,2:30 pm,TEMPERATURE OBSERVATION 2019.pdf,2
2019-02-27,20.6,6:30 am,30.2,2:00 pm,TEMPERATURE OBSERVATION 2019.pdf,2
2019-02-28,23.2,6:30 am,32.7,2:20 pm,TEMPERATURE OBSERVATION 2019.pdf,2
2019-03-01,21.9,6:00 am,31.2,2:00 pm,TEMPERATURE OBSERVATION 2019.pdf,3
2019-03-02,24.5,3:30 am,32.0,2:00 am,TEMPERATURE OBSERVATION 2019.pdf,3
2019-03-03,24.0,2:30 am,32.2,2:30 pm,TEMPERATURE OBSERVATION 2019.pdf,3
2019-03-04,24.3,6:25 am,33.7,2:45 pm,TEMPERATURE OBSERVATION 2019.pdf,3
2019-03-05,25.0,6:00 am,32.4,12:30 pm,TEMPERATURE OBSERVATION 2019.pdf,3
2019-03-06,23.8,6:30 am,33.4,3:30 pm,TEMPERATURE OBSERVATION 2019.pdf,3
2019-03-07,23.5,6:20 am,32.8,2:17 pm,TEMPERATURE OBSERVATION 2019.pdf,3
2019-03-08,22.4,4:30 am,32.7,4:00 pm,TEMPERATURE OBSERVATION 2019.pdf,3
2019-03-09,22.2,7:00 am,32.8,4:00 pm,TEMPERATURE OBSERVATION 2019.pdf,3
2019-03-10,22.2,7:30 am,30.9,2:00 pm,TEMPERATURE OBSERVATION 2019.pdf,3
2019-03-11,21.2,6:30 am,32.0,12:00 pm,TEMPERATURE OBSERVATION 2019.pdf,3
2019-03-12,21.0,5:25 am,32.6,2:45 pm,TEMPERATURE OBSERVATION 2019.pdf,3
2019-03-13,22.5,3:30 am,32.7,3:00 pm,TEMPERATURE OBSERVATION 2019.pdf,3
2019-03-14,22.1,6:30 am,32.2,3:00 pm,TEMPERATURE OBSERVATION 2019.pdf,3
2019-03-15,22.5,4:30 am,33.7,3:30 pm,TEMPERATURE OBSERVATION 2019.pdf,3
2019-03-16,23.6,6:00 am,31.3,3:00 pm,TEMPERATURE OBSERVATION 2019.pdf,3
2019-03-17,22.9,4:30 am,31.1,2:45 pm,TEMPERATURE OBSERVATION 2019.pdf,3
2019-03-18,24.7,6:00 am,32.0,2:00 pm,TEMPERATURE OBSERVATION 2019.pdf,3
2019-03-19,24.5,6:00 am,31.0,3:00 pm,TEMPERATURE OBSERVATION 2019.pdf,3
2019-03-20,24.6,5:30 am,33.3,3:30 pm,TEMPERATURE OBSERVATION 2019.pdf,3
2019-03-21,24.0,6:00 am,33.6,2:30 pm,TEMPERATURE OBSERVATION 2019.pdf,3
2019-03-22,22.5,6:30 am,33.0,3:00 pm,TEMPERATURE OBSERVATION 2019.pdf,3
2019-03-23,25.2,6:30 am,35.0,2:00 pm,TEMPERATURE OBSERVATION 2019.pdf,3
2019-03-24,24.3,7:00 am,33.3,2:00 pm,TEMPERATURE OBSERVATION 2019.pdf,3
2019-03-25,23.0,4:00 am,33.0,2:00 pm,TEMPERATURE OBSERVATION 2019.pdf,3
2019-03-26,24.8,5:30 am,32.8,3:00 pm,TEMPERATURE OBSERVATION 2019.pdf,3
2019-03-27,24.5,5:00 am,31.2,2:30 pm,TEMPERATURE OBSERVATION 2019.pdf,3
2019-03-28,24.6,5:25 am,33.3,3:20 pm,TEMPERATURE OBSERVATION 2019.pdf,3
2019-03-29,21.4,5:40 am,33.4,2:30 pm,TEMPERATURE OBSERVATION 2019.pdf,3
2019-03-30,21.8,6:30 am,32.4,1:30 pm,TEMPERATURE OBSERVATION 2019.pdf,3
2019-03-31,23.2,6:00 am,33.2,2:45 am,TEMPERATURE OBSERVATION 2019.pdf,3
2019-04-01,24.8,6:00 am,33.5,2:30 pm,TEMPERATURE OBSERVATION 2019.pdf,4
2019-04-02,24.9,6:20 am,32.5,3:25 pm,TEMPERATURE OBSERVATION 2019.pdf,4
2019-04-03,23.4,4:30 am,33.6,1:00 pm,TEMPERATURE OBSERVATION 2019.pdf,4
2019-04-04,23.0,6:00 am,33.5,3:00 pm,TEMPERATURE OBSERVATION 2019.pdf,4
2019-04-05,25.6,6:20 am,33.6,3:15 pm,TEMPERATURE OBSERVATION 2019.pdf,4
2019-04-06,24.8,6:30 am,33.0,3:30 pm,TEMPERATURE OBSERVATION 2019.pdf,4
2019-04-07,24.5,6:30 am,34.5,1:30 pm,TEMPERATURE OBSERVATION 2019.pdf,4
2019-04-08,25.8,5:00 am,33.1,11:30 am,TEMPERATURE OBSERVATION 2019.pdf,4
2019-04-09,25.5,6:30 am,33.8,1:30 pm,TEMPERATURE OBSERVATION 2019.pdf,4
2019-04-10,25.0,6:00 am,32.8,1:20 pm,TEMPERATURE OBSERVATION 2019.pdf,4
2019-04-11,25.7,6:30 am,33.0,2:00PM,TEMPERATURE OBSERVATION 2019.pdf,4
2019-04-12,25.1,6:30 am,33.4,4:30PM,TEMPERATURE OBSERVATION 2019.pdf,4
2019-04-13,25.1,6:30 am,34.3,2:30PM,TEMPERATURE OBSERVATION 2019.pdf,4
2019-04-14,25.8,6:30 am,34.0,,TEMPERATURE OBSERVATION 2019.pdf,4
2019-04-15,24.3,6:20 am,32.3,3:20PM,TEMPERATURE OBSERVATION 2019.pdf,4
2019-04-16,25.0,6:00 am,33.5,1:20PM,TEMPERATURE OBSERVATION 2019.pdf,4
2019-04-17,32.2,6:30 am,33.0,2:00PM,TEMPERATURE OBSERVATION 2019.pdf,4
2019-04-18,24.2,6:25 am,33.2,2:30PM,TEMPERATURE OBSERVATION 2019.pdf,4
2019-04-19,24.4,6:10 am,33.4,2:00PM,TEMPERATURE OBSERVATION 2019.pdf,4
2019-04-20,24.4,6:00 am,33.9,1:00PM,TEMPERATURE OBSERVATION 2019.pdf,4
2019-04-21,24.2,4:30 am,34.8,2:30PM,TEMPERATURE OBSERVATION 2019.pdf,4
2019-04-22,24.0,7:00 am,33.3,3:00PM,TEMPERATURE OBSERVATION 2019.pdf,4
2019-04-23,24.2,5:30 am,33.0,4:00PM,TEMPERATURE OBSERVATION 2019.pdf,4
2019-04-24,24.5,6:30 am,34.8,3:30PM,TEMPERATURE OBSERVATION 2019.pdf,4
2019-04-25,24.8,4:30 am,34.6,2:00PM,TEMPERATURE OBSERVATION 2019.pdf,4
2019-04-26,24.8,4:20 am,33.8,3:15PM,TEMPERATURE OBSERVATION 2019.pdf,4
2019-04-27,25.0,6:00 am,33.7,3:30PM,TEMPERATURE OBSERVATION 2019.pdf,4
2019-04-28,25.1,6:00 am,33.7,1:00PM,TEMPERATURE OBSERVATION 2019.pdf,4
2019-04-29,25.5,6:30 am,34.0,3:00PM,TEMPERATURE OBSERVATION 2019.pdf,4
2019-04-30,25.5,6:30 am,33.8,3:00PM,TEMPERATURE OBSERVATION 2019.pdf,4
2019-05-01,24.8,6:15 am,33.6,12:20 pm,TEMPERATURE OBSERVATION 2019.pdf,5
2019-05-02,24.8,6:30 am,34.8,2:30 PM,TEMPERATURE OBSERVATION 2019.pdf,5
2019-05-03,25.1,6:30 am,34.0,2:00 pm,TEMPERATURE OBSERVATION 2019.pdf,5
2019-05-04,24.8,6:40 am,33.2,12:40 pm,TEMPERATURE OBSERVATION 2019.pdf,5
2019-05-05,24.0,6:50 am,33.4,1:30 PM,TEMPERATURE OBSERVATION 2019.pdf,5
2019-05-06,28.0,6:00 am,34.0,11:30 am,TEMPERATURE OBSERVATION 2019.pdf,5
2019-05-07,25.8,6:00 am,34.1,1:15 pm,TEMPERATURE OBSERVATION 2019.pdf,5
2019-05-08,26.8,6:30 am,34.2,1:30 pm,TEMPERATURE OBSERVATION 2019.pdf,5
2019-05-09,25.8,6:00 am,32.8,10:30 am,TEMPERATURE OBSERVATION 2019.pdf,5
2019-05-10,25.0,6:15 am,35.0,2:00 pm,TEMPERATURE OBSERVATION 2019.pdf,5
2019-05-11,25.2,6:00 am,34.4,1:30 PM,TEMPERATURE OBSERVATION 2019.pdf,5
2019-05-12,25.1,6:00 am,35.0,1:45 PM,TEMPERATURE OBSERVATION 2019.pdf,5
2019-05-13,24.8,5:20 am,33.8,5:30 pm,TEMPERATURE OBSERVATION 2019.pdf,5
2019-05-14,26.2,6:00 am,34.2,1:00 PM,TEMPERATURE OBSERVATION 2019.pdf,5
2019-05-15,24.6,6:00 am,33.8,12:30 PM,TEMPERATURE OBSERVATION 2019.pdf,5
2019-05-16,27.0,5:00 am,35.2,1:40 PM,TEMPERATURE OBSERVATION 2019.pdf,5
2019-05-17,24.5,6:30 am,33.0,12:40 PM,TEMPERATURE OBSERVATION 2019.pdf,5
2019-05-18,25.5,6:00 am,32.5,2:30 pm,TEMPERATURE OBSERVATION 2019.pdf,5
2019-05-19,25.2,6:10 am,34.3,1:30 pm,TEMPERATURE OBSERVATION 2019.pdf,5
2019-05-20,25.2,6:00 am,33.1,1:30 pm,TEMPERATURE OBSERVATION 2019.pdf,5
2019-05-21,25.0,6:00 am,33.1,11:00 am,TEMPERATURE OBSERVATION 2019.pdf,5
2019-05-22,24.4,6:00 am,34.0,12:15 pm,TEMPERATURE OBSERVATION 2019.pdf,5
2019-05-23,24.8,6:30 am,33.1,12:30 pm,TEMPERATURE OBSERVATION 2019.pdf,5
2019-05-24,24.8,6:00 am,33.5,12:00 pm,TEMPERATURE OBSERVATION 2019.pdf,5
2019-05-25,24.6,6:30 am,32.8,3:30 pm,TEMPERATURE OBSERVATION 2019.pdf,5
2019-05-26,25.6,6:30 am,31.3,3:00 pm,TEMPERATURE OBSERVATION 2019.pdf,5
2019-05-27,25.0,6:00 am,33.5,2:30 pm,TEMPERATURE OBSERVATION 2019.pdf,5
2019-05-28,25.5,6:30 am,34.0,3:30 pm,TEMPERATURE OBSERVATION 2019.pdf,5
2019-05-29,25.4,6:30 am,34.0,4:00 pm,TEMPERATURE OBSERVATION 2019.pdf,5
2019-05-30,26.8,6:30 am,34.4,1:30 pm,TEMPERATURE OBSERVATION 2019.pdf,5
2019-05-31,27.0,6:00 am,33.8,3:00 pm,TEMPERATURE OBSERVATION 2019.pdf,5
2019-06-01,27.0,5:00 am,34.2,1:00 pm,TEMPERATURE OBSERVATION 2019.pdf,6
2019-06-02,26.0,5:30 am,34.0,1:30 pm,TEMPERATURE OBSERVATION 2019.pdf,6
2019-06-03,26.5,5:40 am,33.8,3:00 pm,TEMPERATURE OBSERVATION 2019.pdf,6
2019-06-04,24.0,6:00 am,32.3,2:00 pm,TEMPERATURE OBSERVATION 2019.pdf,6
2019-06-05,24.7,5:00 am,32.0,3:00 pm,TEMPERATURE OBSERVATION 2019.pdf,6
2019-06-06,24.6,4:30 am,32.2,3:10 pm,TEMPERATURE OBSERVATION 2019.pdf,6
2019-06-07,25.9,6:00 am,32.2,1:00 pm,TEMPERATURE OBSERVATION 2019.pdf,6
2019-06-08,26.7,6:30 am,33.0,2:00 pm,TEMPERATURE OBSERVATION 2019.pdf,6
2019-06-09,24.2,10:00 am,31.0,4:00 pm,TEMPERATURE OBSERVATION 2019.pdf,6
2019-06-10,26.0,6:00 am,30.0,3:00 pm,TEMPERATURE OBSERVATION 2019.pdf,6
2019-06-11,25.5,6:30 am,30.4,3:00 pm,TEMPERATURE OBSERVATION 2019.pdf,6
2019-06-12,25.3,5:00 am,31.5,3:00 pm,TEMPERATURE OBSERVATION 2019.pdf,6
2019-06-13,26.0,6:30 am,33.1,3:00 pm,TEMPERATURE OBSERVATION 2019.pdf,6
2019-06-14,24.8,6:30 am,29.9,3:30 pm,TEMPERATURE OBSERVATION 2019.pdf,6
2019-06-15,25.0,10:00 am,30.5,2:00 pm,TEMPERATURE OBSERVATION 2019.pdf,6
2019-06-16,25.7,6:50 am,30.7,2:00 pm,TEMPERATURE OBSERVATION 2019.pdf,6
2019-06-17,25.8,6:00 am,33.2,2:00 pm,TEMPERATURE OBSERVATION 2019.pdf,6
2019-06-18,26.3,6:05 am,32.4,5:00 pm,TEMPERATURE OBSERVATION 2019.pdf,6
2019-06-19,24.5,5:00 am,32.1,12:00 pm,TEMPERATURE OBSERVATION 2019.pdf,6
2019-06-20,26.0,6:00 am,33.5,2:30 pm,TEMPERATURE OBSERVATION 2019.pdf,6
2019-06-21,26.0,6:00 am,31.0,4:00 pm,TEMPERATURE OBSERVATION 2019.pdf,6
2019-06-22,25.8,3:30 am,31.4,1:30 pm,TEMPERATURE OBSERVATION 2019.pdf,6
2019-06-23,26.8,6:00 am,31.5,1:30 pm,TEMPERATURE OBSERVATION 2019.pdf,6
2019-06-24,24.9,6:30 am,29.5,12:30 pm,TEMPERATURE OBSERVATION 2019.pdf,6
2019-06-25,25.8,6:30 am,31.6,1:30 pm,TEMPERATURE OBSERVATION 2019.pdf,6
2019-06-26,25.5,5:00 am,29.9,2:30 pm,TEMPERATURE OBSERVATION 2019.pdf,6
2019-06-27,23.8,5:15 am,28.2,4:00 pm,TEMPERATURE OBSERVATION 2019.pdf,6
2019-06-28,25.0,7:30 am,27.0,1:30 pm,TEMPERATURE OBSERVATION 2019.pdf,6
2019-06-29,23.8,3:00 am,29.5,2:00 pm,TEMPERATURE OBSERVATION 2019.pdf,6
2019-06-30,23.2,5:00 am,28.0,10:00 pm,TEMPERATURE OBSERVATION 2019.pdf,6
2019-07-01,23.5,5:00 am,27.4,11:15 pm,TEMPERATURE OBSERVATION 2019.pdf,7
2019-07-02,23.2,5:30 am,28.5,1:00 pm,TEMPERATURE OBSERVATION 2019.pdf,7
2019-07-03,23.9,10:00 pm,30.2,2:00 PM,TEMPERATURE OBSERVATION 2019.pdf,7
2019-07-04,23.4,5:30 am,30.1,1:00 pm,TEMPERATURE OBSERVATION 2019.pdf,7
2019-07-05,23.2,6:00 am,29.5,1:00 pm,TEMPERATURE OBSERVATION 2019.pdf,7
2019-07-06,23.5,6:00 am,29.2,2:00 pm,TEMPERATURE OBSERVATION 2019.pdf,7
2019-07-07,25.0,6:00 am,29.2,4:00 pm,TEMPERATURE OBSERVATION 2019.pdf,7
2019-07-08,25.1,6:30 am,30.8,4:30 pm,TEMPERATURE OBSERVATION 2019.pdf,7
2019-07-09,24.8,2:30 am,30.6,3:00 pm,TEMPERATURE OBSERVATION 2019.pdf,7
2019-07-10,24.8,6:30 am,31.0,1:00 pm,TEMPERATURE OBSERVATION 2019.pdf,7
2019-07-11,25.2,3:00 am,32.9,3:00 pm,TEMPERATURE OBSERVATION 2019.pdf,7
2019-07-12,24.8,12:30 am,32.0,1:00 pm,TEMPERATURE OBSERVATION 2019.pdf,7
2019-07-13,24.0,8:30 pm,29.8,1:00 pm,TEMPERATURE OBSERVATION 2019.pdf,7
2019-07-14,24.6,4:00 am,29.5,2:00 pm,TEMPERATURE OBSERVATION 2019.pdf,7
2019-07-15,24.0,4:30 am,29.2,1:45 pm,TEMPERATURE OBSERVATION 2019.pdf,7
2019-07-16,24.4,8:00 pm,27.0,6:30 pm,TEMPERATURE OBSERVATION 2019.pdf,7
2019-07-17,25.0,1:30 am,27.8,7:15 pm,TEMPERATURE OBSERVATION 2019.pdf,7
2019-07-18,26.0,6:00 am,29.6,3:00 pm,TEMPERATURE OBSERVATION 2019.pdf,7
2019-07-19,24.0,6:40 am,30.2,2:00 pm,TEMPERATURE OBSERVATION 2019.pdf,7
2019-07-20,25.2,6:30 am,30.5,3:00 pm,TEMPERATURE OBSERVATION 2019.pdf,7
2019-07-21,24.2,6:40 am,32.0,3:00 pm,TEMPERATURE OBSERVATION 2019.pdf,7
2019-07-22,24.4,6:30 am,31.4,2:00 pm,TEMPERATURE OBSERVATION 2019.pdf,7
2019-07-23,25.0,7:00 am,30.0,1:00 pm,TEMPERATURE OBSERVATION 2019.pdf,7
2019-07-24,23.9,3:00 am,29.6,2:00 pm,TEMPERATURE OBSERVATION 2019.pdf,7
2019-07-25,24.8,5:00 am,29.0,1:40 pm,TEMPERATURE OBSERVATION 2019.pdf,7
2019-07-26,26.2,6:00 am,30.5,2:00 pm,TEMPERATURE OBSERVATION 2019.pdf,7
2019-07-27,25.2,4:00 am,29.8,4:00 pm,TEMPERATURE OBSERVATION 2019.pdf,7
2019-07-28,24.0,2:00 am,30.0,3:00 pm,TEMPERATURE OBSERVATION 2019.pdf,7
2019-07-29,25.8,9:00 pm,29.8,2:30 pm,TEMPERATURE OBSERVATION 2019.pdf,7
2019-07-30,26.0,6:00 am,30.0,3:00 pm,TEMPERATURE OBSERVATION 2019.pdf,7
2019-07-31,25.4,6:00 am,30.0,2:00 pm,TEMPERATURE OBSERVATION 2019.pdf,7
2019-08-01,27.1,1:00 am,30.5,2.00 PM,TEMPERATURE OBSERVATION 2019.pdf,8
2019-08-02,23.0,6:00 am,31.0,3:00 pm,TEMPERATURE OBSERVATION 2019.pdf,8
2019-08-03,24.0,5:45 am,30.0,2:50 pm,TEMPERATURE OBSERVATION 2019.pdf,8
2019-08-04,26.4,9:30 am,29.5,1:30 pm,TEMPERATURE OBSERVATION 2019.pdf,8
2019-08-05,24.4,1:30 am,27.0,7:00 pm,TEMPERATURE OBSERVATION 2019.pdf,8
2019-08-06,24.0,2:00 am,27.0,3:30 pm,TEMPERATURE OBSERVATION 2019.pdf,8
2019-08-07,24.1,5:00 pm,27.2,4:00 pm,TEMPERATURE OBSERVATION 2019.pdf,8
2019-08-08,25.8,5:30 am,27.0,4:00 am,TEMPERATURE OBSERVATION 2019.pdf,8
2019-08-09,27.4,2:00 am,29.8,12:00 pm,TEMPERATURE OBSERVATION 2019.pdf,8
2019-08-10,26.8,2:00 am,29.5,2:00 pm,TEMPERATURE OBSERVATION 2019.pdf,8
2019-08-11,27.2,4:00 am,29.9,2:00 pm,TEMPERATURE OBSERVATION 2019.pdf,8
2019-08-12,27.4,5:30 am,31.1,2:10 pm,TEMPERATURE OBSERVATION 2019.pdf,8
2019-08-13,26.8,6:00 am,29.4,2:00 pm,TEMPERATURE OBSERVATION 2019.pdf,8
2019-08-14,26.2,6:00 am,30.0,2:00 pm,TEMPERATURE OBSERVATION 2019.pdf,8
2019-08-15,26.0,6:30 am,30.2,2:00 pm,TEMPERATURE OBSERVATION 2019.pdf,8
2019-08-16,24.6,6:00 am,30.0,1:00 pm,TEMPERATURE OBSERVATION 2019.pdf,8
2019-08-17,23.2,6:00 am,29.0,2:00 pm,TEMPERATURE OBSERVATION 2019.pdf,8
2019-08-18,24.0,6:00 am,31.0,2:00 pm,TEMPERATURE OBSERVATION 2019.pdf,8
2019-08-19,23.6,5:45 am,32.3,2:40 pm,TEMPERATURE OBSERVATION 2019.pdf,8
2019-08-20,24.2,6:02 am,32.0,3:00 pm,TEMPERATURE OBSERVATION 2019.pdf,8
2019-08-21,24.4,6:00 am,31.2,2:30 pm,TEMPERATURE OBSERVATION 2019.pdf,8
2019-08-22,23.2,6:15 am,30.0,2:20 pm,TEMPERATURE OBSERVATION 2019.pdf,8
2019-08-23,23.0,5:20 am,28.6,12:30 pm,TEMPERATURE OBSERVATION 2019.pdf,8
2019-08-24,23.4,5:30 am,30.0,2:00 pm,TEMPERATURE OBSERVATION 2019.pdf,8
2019-08-25,23.6,5:00 am,29.5,2:45 pm,TEMPERATURE OBSERVATION 2019.pdf,8
2019-08-26,23.2,5:30 am,30.0,2:20 pm,TEMPERATURE OBSERVATION 2019.pdf,8
2019-08-27,23.4,6:00 am,29.6,1:00 pm,TEMPERATURE OBSERVATION 2019.pdf,8
2019-08-28,23.0,5:45 am,29.4,2:00 pm,TEMPERATURE OBSERVATION 2019.pdf,8
2019-08-29,23.6,6:20 am,28.7,2:40 pm,TEMPERATURE OBSERVATION 2019.pdf,8
2019-08-30,24.0,6:00 am,30.0,2:00 pm,TEMPERATURE OBSERVATION 2019.pdf,8
2019-08-31,24.7,6:30 am,31.2,2:40 pm,TEMPERATURE OBSERVATION 2019.pdf,8
2019-09-01,23.2,6:20 am,31.0,2:00 pm,TEMPERATURE OBSERVATION 2019.pdf,9
2019-09-02,24.0,6:00 am,30.4,2:00 pm,TEMPERATURE OBSERVATION 2019.pdf,9
2019-09-03,23.8,6:05 am,29.8,2:30 pm,TEMPERATURE OBSERVATION 2019.pdf,9
2019-09-04,23.4,6:20 am,32.4,2:45 pm,TEMPERATURE OBSERVATION 2019.pdf,9
2019-09-05,24.6,6:10 am,32.5,2:30 pm,TEMPERATURE OBSERVATION 2019.pdf,9
2019-09-06,23.4,6:00 am,33.8,2:00 pm,TEMPERATURE OBSERVATION 2019.pdf,9
2019-09-07,24.5,6:15 am,33.3,2:40 pm,TEMPERATURE OBSERVATION 2019.pdf,9
2019-09-08,24.2,3:30 am,33.2,1:00 pm,TEMPERATURE OBSERVATION 2019.pdf,9
2019-09-09,26.2,3:00 am,31.4,1:00 pm,TEMPERATURE OBSERVATION 2019.pdf,9
2019-09-10,26.6,4:30 am,32.3,2:00 pm,TEMPERATURE OBSERVATION 2019.pdf,9
2019-09-11,25.8,5:30 am,31.2,10:00 am,TEMPERATURE OBSERVATION 2019.pdf,9
2019-09-12,25.0,6:00 am,31.0,1:00 pm,TEMPERATURE OBSERVATION 2019.pdf,9
2019-09-13,25.2,8:00 pm,30.6,1:15 pm,TEMPERATURE OBSERVATION 2019.pdf,9
2019-09-14,25.0,6:00 am,29.0,3:00 pm,TEMPERATURE OBSERVATION 2019.pdf,9
2019-09-15,24.8,6:00 am,29.2,2:30 pm,TEMPERATURE OBSERVATION 2019.pdf,9
2019-09-16,25.2,5:30 am,29.4,3:00 pm,TEMPERATURE OBSERVATION 2019.pdf,9
2019-09-17,24.8,6:00 pm,29.8,2:00 pm,TEMPERATURE OBSERVATION 2019.pdf,9
2019-09-18,25.4,12:30 am,30.0,10:00 pm,TEMPERATURE OBSERVATION 2019.pdf,9
2019-09-19,25.2,5:40 am,31.2,2:15 pm,TEMPERATURE OBSERVATION 2019.pdf,9
2019-09-20,26.0,6:00 am,31.0,12:00 pm,TEMPERATURE OBSERVATION 2019.pdf,9
2019-09-21,24.8,6:00 am,30.0,12:00 pm,TEMPERATURE OBSERVATION 2019.pdf,9
2019-09-22,25.4,6:20 am,31.0,2:30 pm,TEMPERATURE OBSERVATION 2019.pdf,9
2019-09-23,25.6,6:00 am,31.4,2:40 pm,TEMPERATURE OBSERVATION 2019.pdf,9
2019-09-24,24.0,6:00 am,31.0,2:00 pm,TEMPERATURE OBSERVATION 2019.pdf,9
2019-09-25,23.8,6:15 am,32.0,2:15 pm,TEMPERATURE OBSERVATION 2019.pdf,9
2019-09-26,23.5,6:30 am,32.2,2:00 pm,TEMPERATURE OBSERVATION 2019.pdf,9
2019-09-27,23.8,6:30 am,32.4,2:10 pm,TEMPERATURE OBSERVATION 2019.pdf,9
2019-09-28,22.8,6:15 am,32.6,2:40 pm,TEMPERATURE OBSERVATION 2019.pdf,9
2019-09-29,23.8,6:00 am,31.2,2:30 pm,TEMPERATURE OBSERVATION 2019.pdf,9
2019-09-30,23.0,6:00 am,30.0,1:00 pm,TEMPERATURE OBSERVATION 2019.pdf,9
2019-10-01,25.2,5:30 am,32.6,2:40 pm,TEMPERATURE OBSERVATION 2019.pdf,10
2019-10-02,24.7,6:30 am,31.6,2:39 pm,TEMPERATURE OBSERVATION 2019.pdf,10
2019-10-03,23.2,6:00 am,30.4,2:00 pm,TEMPERATURE OBSERVATION 2019.pdf,10
2019-10-04,24.3,6:30 am,31.4,2:10 pm,TEMPERATURE OBSERVATION 2019.pdf,10
2019-10-05,22.8,6:15 am,32.3,2:40 pm,TEMPERATURE OBSERVATION 2019.pdf,10
2019-10-06,24.2,5:00 am,32.4,2:30 pm,TEMPERATURE OBSERVATION 2019.pdf,10
2019-10-07,23.0,6:00 am,32.0,2:15 pm,TEMPERATURE OBSERVATION 2019.pdf,10
2019-10-08,24.5,6:00 am,33.0,1:00 pm,TEMPERATURE OBSERVATION 2019.pdf,10
2019-10-09,24.0,6:30 am,31.0,2:00 pm,TEMPERATURE OBSERVATION 2019.pdf,10
2019-10-10,23.6,6:25 am,31.6,2:20 pm,TEMPERATURE OBSERVATION 2019.pdf,10
2019-10-11,22.2,6:30 am,30.2,1:00 pm,TEMPERATURE OBSERVATION 2019.pdf,10
2019-10-12,23.4,6:20 am,31.4,1:30 pm,TEMPERATURE OBSERVATION 2019.pdf,10
2019-10-13,23.2,3:20 am,32.0,2:15 pm,TEMPERATURE OBSERVATION 2019.pdf,10
2019-10-14,23.2,4:30 am,31.8,2:00 pm,TEMPERATURE OBSERVATION 2019.pdf,10
2019-10-15,23.8,6:00 am,31.0,2:30 pm,TEMPERATURE OBSERVATION 2019.pdf,10
2019-10-16,24.2,6:15 am,32.3,2:20 pm,TEMPERATURE OBSERVATION 2019.pdf,10
2019-10-17,24.0,6:00 am,31.0,2:00 pm,TEMPERATURE OBSERVATION 2019.pdf,10
2019-10-18,23.8,6:30 am,31.0,2:30 pm,TEMPERATURE OBSERVATION 2019.pdf,10
2019-10-19,23.5,8:40 am,31.7,2:15 pm,TEMPERATURE OBSERVATION 2019.pdf,10
2019-10-20,24.0,6:30 am,31.6,2:00 pm,TEMPERATURE OBSERVATION 2019.pdf,10
2019-10-21,23.5,6:00 am,30.5,2:00 pm,TEMPERATURE OBSERVATION 2019.pdf,10
2019-10-22,24.0,6:10 am,31.4,2:00 pm,TEMPERATURE OBSERVATION 2019.pdf,10
2019-10-23,24.0,6:00 am,30.0,2:00 pm,TEMPERATURE OBSERVATION 2019.pdf,10
2019-10-24,23.4,6:30 am,30.1,2:30 pm,TEMPERATURE OBSERVATION 2019.pdf,10
2019-10-25,24.5,6:20 am,32.4,2:20 pm,TEMPERATURE OBSERVATION 2019.pdf,10
2019-10-26,22.5,4:30 am,31.0,1:00 pm,TEMPERATURE OBSERVATION 2019.pdf,10
2019-10-27,24.0,3:00 am,31.0,1:30 pm,TEMPERATURE OBSERVATION 2019.pdf,10
2019-10-28,24.0,6:00 am,31.6,1:40 pm,TEMPERATURE OBSERVATION 2019.pdf,10
2019-10-29,24.0,6:10 am,32.2,2:00 pm,TEMPERATURE OBSERVATION 2019.pdf,10
2019-10-30,23.2,5:00 am,31.8,2:10 pm,TEMPERATURE OBSERVATION 2019.pdf,10
2019-10-31,24.5,6:15 am,32.0,2:00 pm,TEMPERATURE OBSERVATION 2019.pdf,10
2019-11-01,24.2,5:50 am,31.6,2:40 pm,TEMPERATURE OBSERVATION 2019.pdf,11
2019-11-02,24.5,6:00 am,31.0,11:00 am,TEMPERATURE OBSERVATION 2019.pdf,11
2019-11-03,24.8,6:30 am,29.6,3:00 pm,TEMPERATURE OBSERVATION 2019.pdf,11
2019-11-04,25.8,6:30 am,30.0,3:30 pm,TEMPERATURE OBSERVATION 2019.pdf,11
2019-11-05,24.1,12:00 am,30.0,1:00 pm,TEMPERATURE OBSERVATION 2019.pdf,11
2019-11-06,23.4,10:00 pm,28.6,11:15 am,TEMPERATURE OBSERVATION 2019.pdf,11
2019-11-07,23.4,6:15 am,27.0,3:00 pm,TEMPERATURE OBSERVATION 2019.pdf,11
2019-11-08,23.8,9:00 pm,29.5,3:00 pm,TEMPERATURE OBSERVATION 2019.pdf,11
2019-11-09,23.7,6:00 am,30.0,2:00 pm,TEMPERATURE OBSERVATION 2019.pdf,11
2019-11-10,24.0,6:00 am,30.4,1:30 pm,TEMPERATURE OBSERVATION 2019.pdf,11
2019-11-11,23.6,6:00 am,28.5,1:00 pm,TEMPERATURE OBSERVATION 2019.pdf,11
2019-11-12,24.0,6:00 am,28.2,1:40 pm,TEMPERATURE OBSERVATION 2019.pdf,11
2019-11-13,23.8,6:30 am,29.0,1:30 pm,TEMPERATURE OBSERVATION 2019.pdf,11
2019-11-14,24.0,6:30 am,28.0,1:00 pm,TEMPERATURE OBSERVATION 2019.pdf,11
2019-11-15,24.0,5:40 am,28.2,4:30 pm,TEMPERATURE OBSERVATION 2019.pdf,11
2019-11-16,25.2,6:00 am,30.2,2:10 pm,TEMPERATURE OBSERVATION 2019.pdf,11
2019-11-17,23.8,6:30 am,30.0,1:00 pm,TEMPERATURE OBSERVATION 2019.pdf,11
2019-11-18,24.2,6:20 am,31.6,2:15 pm,TEMPERATURE OBSERVATION 2019.pdf,11
2019-11-19,24.0,6:20 am,30.0,1:30 pm,TEMPERATURE OBSERVATION 2019.pdf,11
2019-11-20,23.7,6:00 am,31.0,3:45 pm,TEMPERATURE OBSERVATION 2019.pdf,11
2019-11-21,24.0,6:15 am,31.5,1:40 pm,TEMPERATURE OBSERVATION 2019.pdf,11
2019-11-22,25.0,6:30 am,32.8,1:30 pm,TEMPERATURE OBSERVATION 2019.pdf,11
2019-11-23,25.1,1:00 pm,30.0,2:00 pm,TEMPERATURE OBSERVATION 2019.pdf,11
2019-11-24,24.9,6:00 am,32.9,3:00 pm,TEMPERATURE OBSERVATION 2019.pdf,11
2019-11-25,24.0,6:15 am,30.0,2:30 pm,TEMPERATURE OBSERVATION 2019.pdf,11
2019-11-26,24.8,5:00 am,30.2,2:00 pm,TEMPERATURE OBSERVATION 2019.pdf,11
2019-11-27,24.9,6:00 am,30.0,2:00PM,TEMPERATURE OBSERVATION 2019.pdf,11
2019-11-28,24.0,7:30 am,30.2,2:00 pm,TEMPERATURE OBSERVATION 2019.pdf,11
2019-11-29,23.8,7:05 am,30.0,2:15 pm,TEMPERATURE OBSERVATION 2019.pdf,11
2019-11-30,24.6,6:50 am,30.2,2:00 pm,TEMPERATURE OBSERVATION 2019.pdf,11
2019-12-01,24.5,6:00 am,24.6,2:00 pm,TEMPERATURE OBSERVATION 2019.pdf,12
2019-12-02,24.8,4:00 am,28.5,3:15 pm,TEMPERATURE OBSERVATION 2019.pdf,12
2019-12-03,23.6,6:30 am,29.0,3:00 pm,TEMPERATURE OBSERVATION 2019.pdf,12
2019-12-04,23.0,6:20 am,30.6,4:00 pm,TEMPERATURE OBSERVATION 2019.pdf,12
2019-12-05,24.0,6:30 am,32.0,3:30 pm,TEMPERATURE OBSERVATION 2019.pdf,12
2019-12-06,24.0,6:30 am,30.8,2:00 pm,TEMPERATURE OBSERVATION 2019.pdf,12
2019-12-07,23.8,6:15 am,30.2,3:00 pm,TEMPERATURE OBSERVATION 2019.pdf,12
2019-12-08,24.0,7:00 am,29.0,1:00 pm,TEMPERATURE OBSERVATION 2019.pdf,12
2019-12-09,24.5,7:00 am,29.5,12:00 pm,TEMPERATURE OBSERVATION 2019.pdf,12
2019-12-10,25.0,6:00 am,30.0,2:00 pm,TEMPERATURE OBSERVATION 2019.pdf,12
2019-12-11,24.0,6:35 am,31.2,1:25 pm,TEMPERATURE OBSERVATION 2019.pdf,12
2019-12-12,25.0,7:30 am,31.8,2:30 pm,TEMPERATURE OBSERVATION 2019.pdf,12
2019-12-13,25.0,6:00 am,31.0,2:00 pm,TEMPERATURE OBSERVATION 2019.pdf,12
2019-12-14,24.8,6:00 am,31.8,4:00 pm,TEMPERATURE OBSERVATION 2019.pdf,12
2019-12-15,25.2,6:30 am,31.4,3:20 pm,TEMPERATURE OBSERVATION 2019.pdf,12
2019-12-16,25.2,6:30 am,32.0,2:50 pm,TEMPERATURE OBSERVATION 2019.pdf,12
2019-12-17,24.0,1:30 am,29.5,1:00 pm,TEMPERATURE OBSERVATION 2019.pdf,12
2019-12-18,23.8,6:30 am,31.2,2:10 pm,TEMPERATURE OBSERVATION 2019.pdf,12
2019-12-19,23.6,6:40 am,31.0,2:20 pm,TEMPERATURE OBSERVATION 2019.pdf,12
2019-12-20,24.8,7:00 am,30.0,2:00 pm,TEMPERATURE OBSERVATION 2019.pdf,12
2019-12-21,23.8,6:30 am,28.0,2:00 pm,TEMPERATURE OBSERVATION 2019.pdf,12
2019-12-22,23.0,6:00 am,29.5,2:30 pm,TEMPERATURE OBSERVATION 2019.pdf,12
2019-12-23,22.5,6:15 am,30.0,2:10 pm,TEMPERATURE OBSERVATION 2019.pdf,12
2019-12-24,24.0,1:00 am,26.5,2:30 pm,TEMPERATURE OBSERVATION 2019.pdf,12
2019-12-25,22.5,4:30 am,27.8,2:30 pm,TEMPERATURE OBSERVATION 2019.pdf,12
2019-12-26,22.2,7:00 am,29.4,1:00 pm,TEMPERATURE OBSERVATION 2019.pdf,12
2019-12-27,24.0,6:20 am,30.5,2:15 pm,TEMPERATURE OBSERVATION 2019.pdf,12
2019-12-28,24.0,6:20 am,30.8,2:00 pm,TEMPERATURE OBSERVATION 2019.pdf,12
2019-12-29,22.3,4:00 am,30.4,2:05 pm,TEMPERATURE OBSERVATION 2019.pdf,12
2019-12-30,24.7,6:30 am,30.8,2:00 pm,TEMPERATURE OBSERVATION 2019.pdf,12
2019-12-31,24.0,6:15 am,31.0,2:18 pm,TEMPERATURE OBSERVATION 2019.pdf,12
2020-01-01,24.2,6:10 AM,31.2,,TEMPERATURE OBSERVATION 2020.pdf,1
2020-01-02,23.5,7:00 AM,30.0,,TEMPERATURE OBSERVATION 2020.pdf,1
2020-01-03,23.2,6:00 AM,29.8,,TEMPERATURE OBSERVATION 2020.pdf,1
2020-01-04,22.2,5:00 AM,30.4,,TEMPERATURE OBSERVATION 2020.pdf,1
2020-01-05,23.4,5:30 AM,30.2,,TEMPERATURE OBSERVATION 2020.pdf,1
2020-01-06,22.8,7:00 AM,30.0,,TEMPERATURE OBSERVATION 2020.pdf,1
2020-01-07,23.0,7:00 AM,30.2,,TEMPERATURE OBSERVATION 2020.pdf,1
2020-01-08,23.6,6:20 AM,30.5,,TEMPERATURE OBSERVATION 2020.pdf,1
2020-01-09,23.6,6:10 AM,30.4,,TEMPERATURE OBSERVATION 2020.pdf,1
2020-01-10,23.2,7:00 AM,30.7,,TEMPERATURE OBSERVATION 2020.pdf,1
2020-01-11,22.6,6:30 AM,30.2,,TEMPERATURE OBSERVATION 2020.pdf,1
2020-01-12,22.8,6:40 AM,31.5,,TEMPERATURE OBSERVATION 2020.pdf,1
2020-01-13,22.5,6:30 AM,30.6,,TEMPERATURE OBSERVATION 2020.pdf,1
2020-01-14,22.5,6:00 AM,30.0,,TEMPERATURE OBSERVATION 2020.pdf,1
2020-01-15,24.0,6:30 AM,29.8,,TEMPERATURE OBSERVATION 2020.pdf,1
2020-01-16,23.8,6:20 AM,30.5,,TEMPERATURE OBSERVATION 2020.pdf,1
2020-01-17,23.0,6:00 AM,31.2,,TEMPERATURE OBSERVATION 2020.pdf,1
2020-01-18,24.0,6:00 AM,31.8,,TEMPERATURE OBSERVATION 2020.pdf,1
2020-01-19,22.8,6:00 AM,27.8,,TEMPERATURE OBSERVATION 2020.pdf,1
2020-01-20,22.6,6:20 AM,29.0,,TEMPERATURE OBSERVATION 2020.pdf,1
2020-01-21,22.2,6:30 AM,29.2,,TEMPERATURE OBSERVATION 2020.pdf,1
2020-01-22,22.0,6:00 AM,29.5,,TEMPERATURE OBSERVATION 2020.pdf,1
2020-01-23,23.0,6:00 AM,30.0,,TEMPERATURE OBSERVATION 2020.pdf,1
2020-01-24,24.6,4:00 AM,31.0,,TEMPERATURE OBSERVATION 2020.pdf,1
2020-01-25,24.5,7:00 AM,30.8,,TEMPERATURE OBSERVATION 2020.pdf,1
2020-01-26,24.1,7:00 AM,31.8,,TEMPERATURE OBSERVATION 2020.pdf,1
2020-01-27,24.0,7:00 AM,31.4,,TEMPERATURE OBSERVATION 2020.pdf,1
2020-01-28,23.6,6:30 AM,31.8,,TEMPERATURE OBSERVATION 2020.pdf,1
2020-01-29,22.0,7:30 AM,31.4,,TEMPERATURE OBSERVATION 2020.pdf,1
2020-01-30,22.1,6:30 AM,30.5,,TEMPERATURE OBSERVATION 2020.pdf,1
2020-01-31,22.1,7:00 AM,30.6,,TEMPERATURE OBSERVATION 2020.pdf,1
2020-02-01,21.0,6:30 AM,29.5,2:15 PM,TEMPERATURE OBSERVATION 2020.pdf,3
2020-02-02,21.0,6:30 AM,29.0,3:00 PM,TEMPERATURE OBSERVATION 2020.pdf,3
2020-02-03,19.8,6:00 AM,28.9,2:00 PM,TEMPERATURE OBSERVATION 2020.pdf,3
2020-02-04,20.5,5:30 AM,29.3,2:30 PM,TEMPERATURE OBSERVATION 2020.pdf,3
2020-02-05,23.1,1:00 AM,27.2,2:00 PM,TEMPERATURE OBSERVATION 2020.pdf,3
2020-02-06,23.8,6:40 AM,27.0,3:00 PM,TEMPERATURE OBSERVATION 2020.pdf,3
2020-02-07,23.6,4:20 AM,29.8,2:15 PM,TEMPERATURE OBSERVATION 2020.pdf,3
2020-02-08,23.0,6:00 AM,29.6,4:00 PM,TEMPERATURE OBSERVATION 2020.pdf,3
2020-02-09,22.2,5:00 AM,30.0,1:00 PM,TEMPERATURE OBSERVATION 2020.pdf,3
2020-02-10,22.4,6:20 AM,28.6,12:20 PM,TEMPERATURE OBSERVATION 2020.pdf,3
2020-02-11,21.6,6:30 AM,29.6,1:00 PM,TEMPERATURE OBSERVATION 2020.pdf,3
2020-02-12,23.5,2:00 AM,31.0,3:00 PM,TEMPERATURE OBSERVATION 2020.pdf,3
2020-02-13,24.0,7:00 AM,31.0,1:00 PM,TEMPERATURE OBSERVATION 2020.pdf,3
2020-02-14,24.6,6:45 AM,31.8,3:30 PM,TEMPERATURE OBSERVATION 2020.pdf,3
2020-02-15,23.2,6:30 AM,31.5,3:00 PM,TEMPERATURE OBSERVATION 2020.pdf,3
2020-02-16,24.5,6:00 AM,31.4,2:15 PM,TEMPERATURE OBSERVATION 2020.pdf,3
2020-02-17,21.3,6:30 AM,31.2,4:00 PM,TEMPERATURE OBSERVATION 2020.pdf,3
2020-02-18,22.0,6:00 AM,30.0,3:00 PM,TEMPERATURE OBSERVATION 2020.pdf,3
2020-02-19,22.0,6:10 AM,29.0,2:30 PM,TEMPERATURE OBSERVATION 2020.pdf,3
2020-02-20,22.2,6:20 AM,28.7,2:45 PM,TEMPERATURE OBSERVATION 2020.pdf,3
2020-02-21,22.0,6:00 AM,29.0,3:30 PM,TEMPERATURE OBSERVATION 2020.pdf,3
2020-02-22,22.1,6:10 AM,28.8,3:10 PM,TEMPERATURE OBSERVATION 2020.pdf,3
2020-02-23,22.6,6:00 AM,30.0,2:00 PM,TEMPERATURE OBSERVATION 2020.pdf,3
2020-02-24,23.8,6:15 AM,31.0,2:15 PM,TEMPERATURE OBSERVATION 2020.pdf,3
2020-02-25,25.2,6:30 AM,32.8,2:30 PM,TEMPERATURE OBSERVATION 2020.pdf,3
2020-02-26,25.4,6:20 AM,31.8,2:10 PM,TEMPERATURE OBSERVATION 2020.pdf,3
2020-02-27,25.2,6:30 AM,32.0,2:30 PM,TEMPERATURE OBSERVATION 2020.pdf,3
2020-02-28,26.0,6:35 AM,32.0,2:15 PM,TEMPERATURE OBSERVATION 2020.pdf,3
2020-02-29,25.2,6:00 AM,32.0,2:00 PM,TEMPERATURE OBSERVATION 2020.pdf,3
2020-03-01,22.8,7:00 AM,32.3,3:00 PM,TEMPERATURE OBSERVATION 2020.pdf,4
2020-03-02,23.2,6:35 AM,32.8,2:40 PM,TEMPERATURE OBSERVATION 2020.pdf,4
2020-03-03,23.0,6:00 AM,32.6,3:00 PM,TEMPERATURE OBSERVATION 2020.pdf,4
2020-03-04,22.9,6:00 AM,32.1,3:00 PM,TEMPERATURE OBSERVATION 2020.pdf,4
2020-03-05,24.5,6:30 AM,31.0,2:45 PM,TEMPERATURE OBSERVATION 2020.pdf,4
2020-03-06,24.8,6:00 AM,28.9,1:00 PM,TEMPERATURE OBSERVATION 2020.pdf,4
2020-03-07,23.5,6:00 AM,29.0,3:00 PM,TEMPERATURE OBSERVATION 2020.pdf,4
2020-03-08,23.0,6:40 AM,31.0,2:30 PM,TEMPERATURE OBSERVATION 2020.pdf,4
2020-03-09,22.0,6:00 AM,31.2,4:00 PM,TEMPERATURE OBSERVATION 2020.pdf,4
2020-03-10,22.3,7:00 AM,32.0,4:00 PM,TEMPERATURE OBSERVATION 2020.pdf,4
2020-03-11,23.5,6:00 AM,31.5,2:00 PM,TEMPERATURE OBSERVATION 2020.pdf,4
2020-03-12,22.5,6:40 AM,32.3,2:35 PM,TEMPERATURE OBSERVATION 2020.pdf,4
2020-03-13,22.5,4:30 AM,32.8,3:00 PM,TEMPERATURE OBSERVATION 2020.pdf,4
2020-03-14,22.5,6:30 AM,32.1,3:30 PM,TEMPERATURE OBSERVATION 2020.pdf,4
2020-03-15,21.4,6:00 AM,32.0,2:30 PM,TEMPERATURE OBSERVATION 2020.pdf,4
2020-03-16,23.8,6:40 AM,32.2,2:45 PM,TEMPERATURE OBSERVATION 2020.pdf,4
2020-03-17,24.0,6:30 AM,32.4,2:30 PM,TEMPERATURE OBSERVATION 2020.pdf,4
2020-03-18,23.8,6:30 AM,33.0,3:00 PM,TEMPERATURE OBSERVATION 2020.pdf,4
2020-03-19,23.5,6:00 AM,33.4,2:00 PM,TEMPERATURE OBSERVATION 2020.pdf,4
2020-03-20,25.2,6:15 AM,33.6,2:30 PM,TEMPERATURE OBSERVATION 2020.pdf,4
2020-03-21,25.4,6:20 AM,34.4,3:30 PM,TEMPERATURE OBSERVATION 2020.pdf,4
2020-03-22,24.8,6:00 AM,34.5,3:30 PM,TEMPERATURE OBSERVATION 2020.pdf,4
2020-03-23,24.5,6:00 AM,34.0,3:00 PM,TEMPERATURE OBSERVATION 2020.pdf,4
2020-03-24,24.8,6:10 AM,34.6,3:20 PM,TEMPERATURE OBSERVATION 2020.pdf,4
2020-03-25,25.0,6:20 AM,34.2,3:30 PM,TEMPERATURE OBSERVATION 2020.pdf,4
2020-03-26,25.5,6:00 AM,31.2,3:30 PM,TEMPERATURE OBSERVATION 2020.pdf,4
2020-03-27,24.8,6:00 AM,32.5,1:00 PM,TEMPERATURE OBSERVATION 2020.pdf,4
2020-03-28,24.5,6:20 AM,33.4,2:15 PM,TEMPERATURE OBSERVATION 2020.pdf,4
2020-03-29,24.2,6:30 AM,34.2,1:45 PM,TEMPERATURE OBSERVATION 2020.pdf,4
2020-03-30,23.9,6:30 AM,34.4,2:00 PM,TEMPERATURE OBSERVATION 2020.pdf,4
2020-03-31,23.8,6:30 AM,33.5,3:00 PM,TEMPERATURE OBSERVATION 2020.pdf,4
2020-04-01,25.2,6:15 AM,33.6,2:15 PM,TEMPERATURE OBSERVATION 2020.pdf,5
2020-04-02,25.4,6:20 AM,34.5,2:40 PM,TEMPERATURE OBSERVATION 2020.pdf,5
2020-04-03,24.3,5:30 AM,34.2,2:00 PM,TEMPERATURE OBSERVATION 2020.pdf,5
2020-04-04,24.2,6:00 AM,34.0,2:30 PM,TEMPERATURE OBSERVATION 2020.pdf,5
2020-04-05,25.6,6:30 AM,34.3,2:40 PM,TEMPERATURE OBSERVATION 2020.pdf,5
2020-04-06,22.2,6:20 AM,34.4,2:30 PM,TEMPERATURE OBSERVATION 2020.pdf,5
2020-04-07,23.2,6:00 AM,32.8,3:00 PM,TEMPERATURE OBSERVATION 2020.pdf,5
2020-04-08,24.0,6:00 AM,33.0,2:00 PM,TEMPERATURE OBSERVATION 2020.pdf,5
2020-04-09,25.0,6:15 AM,33.8,2:30 PM,TEMPERATURE OBSERVATION 2020.pdf,5
2020-04-10,25.4,6:20 AM,34.2,2:20 PM,TEMPERATURE OBSERVATION 2020.pdf,5
2020-04-11,24.2,7:00 AM,34.3,2:00 PM,TEMPERATURE OBSERVATION 2020.pdf,5
2020-04-12,24.4,6:30 AM,34.4,2:00 PM,TEMPERATURE OBSERVATION 2020.pdf,5
2020-04-13,24.0,6:15 AM,34.5,2:15 AM,TEMPERATURE OBSERVATION 2020.pdf,5
2020-04-14,25.0,6:20 AM,33.4,2:30 PM,TEMPERATURE OBSERVATION 2020.pdf,5
2020-04-15,24.4,6:00 AM,33.4,2:00 PM,TEMPERATURE OBSERVATION 2020.pdf,5
2020-04-16,24.5,4:00 AM,34.6,3:00 PM,TEMPERATURE OBSERVATION 2020.pdf,5
2020-04-17,24.0,5:40 AM,34.3,2:45 PM,TEMPERATURE OBSERVATION 2020.pdf,5
2020-04-18,26.2,6:30 AM,35.0,2:00 PM,TEMPERATURE OBSERVATION 2020.pdf,5
2020-04-19,26.4,5:30 AM,35.2,3:00 PM,TEMPERATURE OBSERVATION 2020.pdf,5
2020-04-20,26.0,6:00 AM,34.8,3:30 PM,TEMPERATURE OBSERVATION 2020.pdf,5
2020-04-21,25.4,6:20 AM,32.8,1:30 PM,TEMPERATURE OBSERVATION 2020.pdf,5
2020-04-22,26.6,6:00 AM,35.2,2:20 PM,TEMPERATURE OBSERVATION 2020.pdf,5
2020-04-23,26.2,6:30 AM,33.4,2:20 PM,TEMPERATURE OBSERVATION 2020.pdf,5
2020-04-24,25.0,6:30 AM,32.0,1:00 PM,TEMPERATURE OBSERVATION 2020.pdf,5
2020-04-25,25.0,6:15 AM,33.8,3:15 PM,TEMPERATURE OBSERVATION 2020.pdf,5
2020-04-26,24.8,6:00 AM,33.8,1:45 PM,TEMPERATURE OBSERVATION 2020.pdf,5
2020-04-27,25.2,6:00 AM,33.6,1:00 PM,TEMPERATURE OBSERVATION 2020.pdf,5
2020-04-28,24.0,5:00 AM,30.9,4:00 PM,TEMPERATURE OBSERVATION 2020.pdf,5
2020-04-29,24.0,6:20 AM,32.4,2:00 PM,TEMPERATURE OBSERVATION 2020.pdf,5
2020-04-30,26.2,6:00 AM,34.4,2:20 PM,TEMPERATURE OBSERVATION 2020.pdf,5
2020-05-01,24.2,5:30 AM,33.6,3:00 PM,TEMPERATURE OBSERVATION 2020.pdf,6
2020-05-02,25.8,6:00 AM,33.5,12:00 PM,TEMPERATURE OBSERVATION 2020.pdf,6
2020-05-03,25.2,8:00 AM,28.5,3:00 PM,TEMPERATURE OBSERVATION 2020.pdf,6
2020-05-04,26.0,6:50 AM,31.2,2:20 PM,TEMPERATURE OBSERVATION 2020.pdf,6
2020-05-05,26.2,6:30 AM,32.1,4:30 PM,TEMPERATURE OBSERVATION 2020.pdf,6
2020-05-06,25.8,6:00 AM,33.4,3:00 PM,TEMPERATURE OBSERVATION 2020.pdf,6
2020-05-07,25.5,6:35 AM,33.2,2:30 PM,TEMPERATURE OBSERVATION 2020.pdf,6
2020-05-08,25.0,4:30 AM,34.8,4:30 PM,TEMPERATURE OBSERVATION 2020.pdf,6
2020-05-09,24.6,6:00 AM,33.0,12:00 PM,TEMPERATURE OBSERVATION 2020.pdf,6
2020-05-10,24.8,6:00 AM,32.8,3:00 PM,TEMPERATURE OBSERVATION 2020.pdf,6
2020-05-11,25.6,5:50 AM,34.0,3:00 PM,TEMPERATURE OBSERVATION 2020.pdf,6
2020-05-12,24.4,6:30 AM,32.2,2:00 PM,TEMPERATURE OBSERVATION 2020.pdf,6
2020-05-13,25.2,6:15 AM,32.8,4:00 PM,TEMPERATURE OBSERVATION 2020.pdf,6
2020-05-14,25.4,5:00 AM,32.0,1:30 PM,TEMPERATURE OBSERVATION 2020.pdf,6
2020-05-15,25.0,6:15 AM,30.3,2:00 PM,TEMPERATURE OBSERVATION 2020.pdf,6
2020-05-16,25.0,5:00 AM,31.4,3:30 PM,TEMPERATURE OBSERVATION 2020.pdf,6
2020-05-17,26.2,6:30 AM,33.8,1:30 PM,TEMPERATURE OBSERVATION 2020.pdf,6
2020-05-18,25.0,6:00 AM,32.0,11:30 AM,TEMPERATURE OBSERVATION 2020.pdf,6
2020-05-19,24.4,6:30 AM,32.4,2:15 PM,TEMPERATURE OBSERVATION 2020.pdf,6
2020-05-20,26.4,12:30 AM,34.2,2:30 PM,TEMPERATURE OBSERVATION 2020.pdf,6
2020-05-21,25.6,6:00 AM,33.2,3:00 PM,TEMPERATURE OBSERVATION 2020.pdf,6
2020-05-22,25.0,6:00 AM,32.4,2:00 PM,TEMPERATURE OBSERVATION 2020.pdf,6
2020-05-23,25.0,6:00 AM,31.7,2:15 PM,TEMPERATURE OBSERVATION 2020.pdf,6
2020-05-24,25.0,6:20 AM,33.6,2:10 PM,TEMPERATURE OBSERVATION 2020.pdf,6
2020-05-25,24.6,6:00 AM,33.2,2:45 PM,TEMPERATURE OBSERVATION 2020.pdf,6
2020-05-26,24.8,6:00 AM,33.0,2:00 PM,TEMPERATURE OBSERVATION 2020.pdf,6
2020-05-27,25.0,6:00 AM,33.2,3:00 PM,TEMPERATURE OBSERVATION 2020.pdf,6
2020-05-28,24.4,6:30 AM,32.4,1:00 PM,TEMPERATURE OBSERVATION 2020.pdf,6
2020-05-29,24.8,6:00 AM,33.0,4:00 PM,TEMPERATURE OBSERVATION 2020.pdf,6
2020-05-30,24.0,5:30 AM,31.8,2:00 PM,TEMPERATURE OBSERVATION 2020.pdf,6
2020-05-31,23.6,6:20 AM,32.7,2:15 PM,TEMPERATURE OBSERVATION 2020.pdf,6
2020-06-01,24.8,6:30 AM,32.8,1:45 PM,TEMPERATURE OBSERVATION 2020.pdf,7
2020-06-02,24.0,6:00 AM,31.5,2:00 PM,TEMPERATURE OBSERVATION 2020.pdf,7
2020-06-03,24.0,6:15 AM,32.2,2:30 PM,TEMPERATURE OBSERVATION 2020.pdf,7
2020-06-04,25.5,6:00 AM,33.6,2:20 PM,TEMPERATURE OBSERVATION 2020.pdf,7
2020-06-05,25.2,6:00 AM,34.4,4:00 PM,TEMPERATURE OBSERVATION 2020.pdf,7
2020-06-06,25.1,6:00 AM,32.4,2:00 PM,TEMPERATURE OBSERVATION 2020.pdf,7
2020-06-07,24.5,6:00 AM,32.7,2:30 PM,TEMPERATURE OBSERVATION 2020.pdf,7
2020-06-08,25.0,6:10 AM,33.8,2:30 PM,TEMPERATURE OBSERVATION 2020.pdf,7
2020-06-09,25.3,6:30 AM,33.2,2:00 PM,TEMPERATURE OBSERVATION 2020.pdf,7
2020-06-10,24.8,6:30 AM,32.2,1:00 PM,TEMPERATURE OBSERVATION 2020.pdf,7
2020-06-11,24.0,6:20 AM,30.0,12:15 PM,TEMPERATURE OBSERVATION 2020.pdf,7
2020-06-12,25.0,6:30 AM,28.4,2:00 PM,TEMPERATURE OBSERVATION 2020.pdf,7
2020-06-13,24.9,6:00 AM,32.8,2:30 PM,TEMPERATURE OBSERVATION 2020.pdf,7
2020-06-14,24.2,6:30 AM,31.8,1:30 PM,TEMPERATURE OBSERVATION 2020.pdf,7
2020-06-15,24.5,6:20 AM,32.0,2:15 PM,TEMPERATURE OBSERVATION 2020.pdf,7
2020-06-16,24.4,6:10 AM,32.2,2:00 PM,TEMPERATURE OBSERVATION 2020.pdf,7
2020-06-17,24.3,6:00 AM,33.2,2:00 PM,TEMPERATURE OBSERVATION 2020.pdf,7
2020-06-18,24.0,5:30 AM,33.0,1:30 PM,TEMPERATURE OBSERVATION 2020.pdf,7
2020-06-19,24.2,5:40 AM,33.4,2:15 PM,TEMPERATURE OBSERVATION 2020.pdf,7
2020-06-20,25.2,6:00 AM,33.2,2:00 PM,TEMPERATURE OBSERVATION 2020.pdf,7
2020-06-21,25.1,6:00 AM,31.4,2:30 PM,TEMPERATURE OBSERVATION 2020.pdf,7
2020-06-22,24.8,5:30 AM,32.9,3:00 PM,TEMPERATURE OBSERVATION 2020.pdf,7
2020-06-23,24.6,1:30 AM,33.0,3:30 PM,TEMPERATURE OBSERVATION 2020.pdf,7
2020-06-24,26.6,6:10 AM,32.8,2:40 PM,TEMPERATURE OBSERVATION 2020.pdf,7
2020-06-25,25.3,6:00 AM,32.2,3:00 PM,TEMPERATURE OBSERVATION 2020.pdf,7
2020-06-26,24.8,6:00 AM,30.0,2:00 PM,TEMPERATURE OBSERVATION 2020.pdf,7
2020-06-27,24.8,6:10 AM,31.2,2:10 PM,TEMPERATURE OBSERVATION 2020.pdf,7
2020-06-28,24.6,4:00 AM,28.6,4:00 PM,TEMPERATURE OBSERVATION 2020.pdf,7
2020-06-29,24.8,6:00 AM,31.0,2:00 PM,TEMPERATURE OBSERVATION 2020.pdf,7
2020-06-30,24.5,6:00 AM,31.4,1:00 PM,TEMPERATURE OBSERVATION 2020.pdf,7
2020-07-01,25.6,5:00 AM,32.8,2:15 PM,TEMPERATURE OBSERVATION 2020.pdf,8
2020-07-02,24.0,6:10 AM,32.8,2:00 PM,TEMPERATURE OBSERVATION 2020.pdf,8
2020-07-03,23.8,3:00 AM,31.6,4:00 PM,TEMPERATURE OBSERVATION 2020.pdf,8
2020-07-04,24.8,6:30 AM,30.0,3:30 PM,TEMPERATURE OBSERVATION 2020.pdf,8
2020-07-05,24.0,6:15 AM,32.5,2:20 PM,TEMPERATURE OBSERVATION 2020.pdf,8
2020-07-06,26.2,6:00 AM,33.0,2:50 PM,TEMPERATURE OBSERVATION 2020.pdf,8
2020-07-07,26.2,6:30 AM,33.8,3:00 PM,TEMPERATURE OBSERVATION 2020.pdf,8
2020-07-08,25.0,6:30 AM,33.5,2:30 PM,TEMPERATURE OBSERVATION 2020.pdf,8
2020-07-09,24.2,6:15 AM,33.4,2:40 PM,TEMPERATURE OBSERVATION 2020.pdf,8
2020-07-10,25.6,6:20 AM,33.0,2:30 PM,TEMPERATURE OBSERVATION 2020.pdf,8
2020-07-11,24.1,7:00 AM,32.4,3:30 PM,TEMPERATURE OBSERVATION 2020.pdf,8
2020-07-12,24.5,6:30 AM,32.6,2:30 PM,TEMPERATURE OBSERVATION 2020.pdf,8
2020-07-13,25.2,6:00 AM,32.2,2:00 PM,TEMPERATURE OBSERVATION 2020.pdf,8
2020-07-14,25.6,6:00 AM,33.0,2:30 PM,TEMPERATURE OBSERVATION 2020.pdf,8
2020-07-15,25.1,6:30 AM,32.6,2:00 PM,TEMPERATURE OBSERVATION 2020.pdf,8
2020-07-16,26.2,6:15 AM,32.2,2:30 PM,TEMPERATURE OBSERVATION 2020.pdf,8
2020-07-17,25.2,6:00 AM,32.0,2:20 PM,TEMPERATURE OBSERVATION 2020.pdf,8
2020-07-18,24.6,6:20 AM,31.2,2:30 PM,TEMPERATURE OBSERVATION 2020.pdf,8
2020-07-19,24.8,6:00 AM,30.8,12:00 PM,TEMPERATURE OBSERVATION 2020.pdf,8
2020-07-20,25.0,6:00 AM,31.8,4:00 PM,TEMPERATURE OBSERVATION 2020.pdf,8
2020-07-21,24.0,6:30 AM,30.7,2:15 PM,TEMPERATURE OBSERVATION 2020.pdf,8
2020-07-22,26.0,6:20 AM,32.4,2:30 PM,TEMPERATURE OBSERVATION 2020.pdf,8
2020-07-23,25.6,6:30 AM,32.6,2:00 PM,TEMPERATURE OBSERVATION 2020.pdf,8
2020-07-24,24.8,6:30 AM,30.0,1:00 PM,TEMPERATURE OBSERVATION 2020.pdf,8
2020-07-25,24.4,6:20 AM,31.0,1:30 PM,TEMPERATURE OBSERVATION 2020.pdf,8
2020-07-26,24.6,6:00 AM,31.4,2:00 PM,TEMPERATURE OBSERVATION 2020.pdf,8
2020-07-27,24.3,3:30 AM,30.2,2:00 PM,TEMPERATURE OBSERVATION 2020.pdf,8
2020-07-28,23.2,6:00 AM,28.0,2:00 PM,TEMPERATURE OBSERVATION 2020.pdf,8
2020-07-29,24.0,6:00 AM,27.6,11:00 AM,TEMPERATURE OBSERVATION 2020.pdf,8
2020-07-30,24.4,6:30 AM,31.2,11:00 AM,TEMPERATURE OBSERVATION 2020.pdf,8
2020-07-31,24.5,6:00 AM,29.8,1:45 PM,TEMPERATURE OBSERVATION 2020.pdf,8
2020-08-01,23.8,6:00 AM,29.2,2:00 PM,TEMPERATURE OBSERVATION 2020.pdf,9
2020-08-02,24.5,6:20 AM,31.0,1:00 PM,TEMPERATURE OBSERVATION 2020.pdf,9
2020-08-03,25.5,6:20 AM,31.4,2:00 PM,TEMPERATURE OBSERVATION 2020.pdf,9
2020-08-04,25.2,6:00 AM,32.0,2:30 PM,TEMPERATURE OBSERVATION 2020.pdf,9
2020-08-05,23.2,6:00 AM,30.0,2:00 PM,TEMPERATURE OBSERVATION 2020.pdf,9
2020-08-06,23.6,6:15 AM,29.4,2:20 PM,TEMPERATURE OBSERVATION 2020.pdf,9
2020-08-07,25.0,6:00 AM,30.2,2:10 PM,TEMPERATURE OBSERVATION 2020.pdf,9
2020-08-08,23.8,7:00 AM,30.6,1:30 PM,TEMPERATURE OBSERVATION 2020.pdf,9
2020-08-09,24.0,6:00 AM,28.0,4:00 PM,TEMPERATURE OBSERVATION 2020.pdf,9
2020-08-10,24.5,6:15 AM,32.3,2:45 PM,TEMPERATURE OBSERVATION 2020.pdf,9
2020-08-11,25.3,6:00 AM,32.0,1:30 PM,TEMPERATURE OBSERVATION 2020.pdf,9
2020-08-12,25.0,6:10 AM,31.8,2:00 PM,TEMPERATURE OBSERVATION 2020.pdf,9
2020-08-13,24.0,6:00 AM,30.0,2:00 PM,TEMPERATURE OBSERVATION 2020.pdf,9
2020-08-14,24.3,6:20 AM,31.0,2:45 PM,TEMPERATURE OBSERVATION 2020.pdf,9
2020-08-15,24.4,6:10 AM,32.0,2:20 PM,TEMPERATURE OBSERVATION 2020.pdf,9
2020-08-16,24.6,6:00 AM,31.4,1:00 PM,TEMPERATURE OBSERVATION 2020.pdf,9
2020-08-17,25.8,6:30 AM,30.9,1:00 PM,TEMPERATURE OBSERVATION 2020.pdf,9
2020-08-18,24.5,6:30 AM,31.0,1:00 PM,TEMPERATURE OBSERVATION 2020.pdf,9
2020-08-19,24.8,6:20 AM,31.2,1:30 PM,TEMPERATURE OBSERVATION 2020.pdf,9
2020-08-20,25.3,6:30 AM,30.3,11:30 AM,TEMPERATURE OBSERVATION 2020.pdf,9
2020-08-21,24.5,6:30 AM,31.4,4:00 PM,TEMPERATURE OBSERVATION 2020.pdf,9
2020-08-22,25.6,6:20 AM,31.6,2:45 PM,TEMPERATURE OBSERVATION 2020.pdf,9
2020-08-23,24.8,6:40 AM,31.8,3:00 PM,TEMPERATURE OBSERVATION 2020.pdf,9
2020-08-24,24.7,6:15 AM,32.3,3:00 PM,TEMPERATURE OBSERVATION 2020.pdf,9
2020-08-25,25.2,6:30 AM,32.0,3:00 PM,TEMPERATURE OBSERVATION 2020.pdf,9
2020-08-26,24.6,6:25 AM,32.4,2:30 PM,TEMPERATURE OBSERVATION 2020.pdf,9
2020-08-27,25.0,6:15 AM,31.8,3:10 PM,TEMPERATURE OBSERVATION 2020.pdf,9
2020-08-28,26.4,6:00 AM,32.3,2:00 PM,TEMPERATURE OBSERVATION 2020.pdf,9
2020-08-29,26.0,6:00 AM,32.0,2:30 PM,TEMPERATURE OBSERVATION 2020.pdf,9
2020-08-30,25.3,5:30 AM,32.6,3:00 PM,TEMPERATURE OBSERVATION 2020.pdf,9
2020-08-31,25.4,6:00 AM,31.8,2:00 PM,TEMPERATURE OBSERVATION 2020.pdf,9
2020-09-01,24.6,6:30 AM,32.0,1:00 PM,TEMPERATURE OBSERVATION 2020.pdf,10
2020-09-02,24.2,6:00 AM,32.2,2:00 PM,TEMPERATURE OBSERVATION 2020.pdf,10
2020-09-03,24.7,6:15 AM,31.7,2:30 PM,TEMPERATURE OBSERVATION 2020.pdf,10
2020-09-04,24.5,6:10 AM,32.0,3:00 PM,TEMPERATURE OBSERVATION 2020.pdf,10
2020-09-05,25.6,6:45 AM,32.7,4:00 PM,TEMPERATURE OBSERVATION 2020.pdf,10
2020-09-06,25.2,6:30 AM,32.4,3:00 PM,TEMPERATURE OBSERVATION 2020.pdf,10
2020-09-07,24.8,6:15 AM,33.0,1:45 PM,TEMPERATURE OBSERVATION 2020.pdf,10
2020-09-08,23.2,6:00 AM,32.2,1:30 PM,TEMPERATURE OBSERVATION 2020.pdf,10
2020-09-09,24.3,7:00 AM,32.0,1:15 PM,TEMPERATURE OBSERVATION 2020.pdf,10
2020-09-10,24.0,6:00 AM,31.0,3:00 PM,TEMPERATURE OBSERVATION 2020.pdf,10
2020-09-11,25.2,6:30 AM,32.2,2:15 PM,TEMPERATURE OBSERVATION 2020.pdf,10
2020-09-12,23.8,6:00 AM,31.8,3:00 PM,TEMPERATURE OBSERVATION 2020.pdf,10
2020-09-13,25.7,5:45 AM,32.4,1:30 PM,TEMPERATURE OBSERVATION 2020.pdf,10
2020-09-14,24.8,6:00 AM,31.4,12:00 PM,TEMPERATURE OBSERVATION 2020.pdf,10
2020-09-15,23.5,5:00 AM,28.0,12:00 PM,TEMPERATURE OBSERVATION 2020.pdf,10
2020-09-16,23.5,6:00 AM,26.0,10:00 AM,TEMPERATURE OBSERVATION 2020.pdf,10
2020-09-17,23.8,6:30 AM,25.3,3:30 PM,TEMPERATURE OBSERVATION 2020.pdf,10
2020-09-18,24.5,6:30 AM,30.9,4:00 PM,TEMPERATURE OBSERVATION 2020.pdf,10
2020-09-19,24.8,6:40 AM,31.6,3:20 PM,TEMPERATURE OBSERVATION 2020.pdf,10
2020-09-20,25.0,7:30 AM,31.4,3:00 PM,TEMPERATURE OBSERVATION 2020.pdf,10
2020-09-21,24.3,6:00 AM,29.8,2:45 PM,TEMPERATURE OBSERVATION 2020.pdf,10
2020-09-22,23.4,6:00 AM,30.0,1:00 PM,TEMPERATURE OBSERVATION 2020.pdf,10
2020-09-23,24.0,6:15 AM,31.6,3:00 PM,TEMPERATURE OBSERVATION 2020.pdf,10
2020-09-24,24.4,6:10 AM,31.8,2:50 PM,TEMPERATURE OBSERVATION 2020.pdf,10
2020-09-25,25.4,6:00 AM,31.8,2:00 PM,TEMPERATURE OBSERVATION 2020.pdf,10
2020-09-26,25.0,6:30 AM,31.0,2:30 PM,TEMPERATURE OBSERVATION 2020.pdf,10
2020-09-27,24.6,6:15 AM,31.6,2:40 PM,TEMPERATURE OBSERVATION 2020.pdf,10
2020-09-28,25.0,6:20 AM,31.8,3:00 PM,TEMPERATURE OBSERVATION 2020.pdf,10
2020-09-29,23.5,6:00 AM,28.8,3:00 PM,TEMPERATURE OBSERVATION 2020.pdf,10
2020-09-30,25.5,6:00 AM,31.0,2:00 PM,TEMPERATURE OBSERVATION 2020.pdf,10
2020-10-01,25.8,6:00 AM,31.8,2:00 PM,TEMPERATURE OBSERVATION 2020.pdf,11
2020-10-02,26.0,6:00 AM,31.0,2:00 PM,TEMPERATURE OBSERVATION 2020.pdf,11
2020-10-03,24.7,5:45 AM,32.2,2:00 PM,TEMPERATURE OBSERVATION 2020.pdf,11
2020-10-04,25.2,6:00 AM,31.0,12:00 PM,TEMPERATURE OBSERVATION 2020.pdf,11
2020-10-05,25.0,6:15 AM,31.2,1:30 PM,TEMPERATURE OBSERVATION 2020.pdf,11
2020-10-06,24.8,6:00 AM,31.0,1:00 PM,TEMPERATURE OBSERVATION 2020.pdf,11
2020-10-07,24.7,6:30 AM,30.9,12:00 PM,TEMPERATURE OBSERVATION 2020.pdf,11
2020-10-08,25.1,6:30 AM,29.5,1:30 PM,TEMPERATURE OBSERVATION 2020.pdf,11
2020-10-09,24.5,6:00 AM,30.2,3:00 PM,TEMPERATURE OBSERVATION 2020.pdf,11
2020-10-10,24.6,6:10 AM,30.6,2:40 PM,TEMPERATURE OBSERVATION 2020.pdf,11
2020-10-11,24.8,6:00 AM,31.5,1:00 PM,TEMPERATURE OBSERVATION 2020.pdf,11
2020-10-12,25.1,6:30 AM,30.1,1:00 PM,TEMPERATURE OBSERVATION 2020.pdf,11
2020-10-13,24.7,6:40 AM,31.2,3:15 PM,TEMPERATURE OBSERVATION 2020.pdf,11
2020-10-14,24.8,10:00 AM,30.4,12:00 PM,TEMPERATURE OBSERVATION 2020.pdf,11
2020-10-15,24.0,6:45 AM,28.8,10:00 PM,TEMPERATURE OBSERVATION 2020.pdf,11
2020-10-16,24.2,6:00 AM,29.0,2:00 PM,TEMPERATURE OBSERVATION 2020.pdf,11
2020-10-17,24.7,6:15 AM,30.8,2:30 PM,TEMPERATURE OBSERVATION 2020.pdf,11
2020-10-18,25.0,6:10 AM,30.8,2:20 PM,TEMPERATURE OBSERVATION 2020.pdf,11
2020-10-19,25.1,6:30 AM,29.1,1:30 PM,TEMPERATURE OBSERVATION 2020.pdf,11
2020-10-20,25.5,6:30 AM,28.5,2:00 PM,TEMPERATURE OBSERVATION 2020.pdf,11
2020-10-21,24.5,5:40 AM,29.2,12:15 PM,TEMPERATURE OBSERVATION 2020.pdf,11
2020-10-22,25.8,6:10 AM,30.6,2:00 PM,TEMPERATURE OBSERVATION 2020.pdf,11
2020-10-23,24.8,5:00 AM,31.6,12:45 PM,TEMPERATURE OBSERVATION 2020.pdf,11
2020-10-24,24.8,7:30 AM,28.5,3:00 PM,TEMPERATURE OBSERVATION 2020.pdf,11
2020-10-25,23.0,6:00 AM,28.2,2:15 PM,TEMPERATURE OBSERVATION 2020.pdf,11
2020-10-26,25.0,6:10 AM,29.0,2:30 PM,TEMPERATURE OBSERVATION 2020.pdf,11
2020-10-27,23.0,4:00 AM,32.4,1:30 PM,TEMPERATURE OBSERVATION 2020.pdf,11
2020-10-28,24.0,6:00 AM,32.2,2:00 PM,TEMPERATURE OBSERVATION 2020.pdf,11
2020-10-29,24.0,6:15 AM,30.0,2:15 PM,TEMPERATURE OBSERVATION 2020.pdf,11
2020-10-30,25.0,6:20 AM,30.8,2:00 PM,TEMPERATURE OBSERVATION 2020.pdf,11
2020-10-31,24.5,6:30 AM,32.3,1:30 PM,TEMPERATURE OBSERVATION 2020.pdf,11
2020-11-01,24.2,6:00 AM,32.2,2:00 PM,TEMPERATURE OBSERVATION 2020.pdf,12
2020-11-02,24.0,6:15 AM,29.4,11:00 PM,TEMPERATURE OBSERVATION 2020.pdf,12
2020-11-03,24.0,6:00 AM,30.4,2:00 PM,TEMPERATURE OBSERVATION 2020.pdf,12
2020-11-04,24.7,6:30 AM,31.8,2:00 PM,TEMPERATURE OBSERVATION 2020.pdf,12
2020-11-05,23.5,6:30 AM,28.4,3:30 PM,TEMPERATURE OBSERVATION 2020.pdf,12
2020-11-06,25.0,7:00 AM,31.2,2:00 PM,TEMPERATURE OBSERVATION 2020.pdf,12
2020-11-07,23.2,6:10 AM,28.0,1:30 PM,TEMPERATURE OBSERVATION 2020.pdf,12
2020-11-08,23.6,6:30 AM,29.6,2:00 PM,TEMPERATURE OBSERVATION 2020.pdf,12
2020-11-09,24.0,6:30 AM,30.9,3:00 PM,TEMPERATURE OBSERVATION 2020.pdf,12
2020-11-10,24.0,6:45 AM,29.0,1:30 PM,TEMPERATURE OBSERVATION 2020.pdf,12
2020-11-11,24.8,5:30 AM,29.0,11:00 AM,TEMPERATURE OBSERVATION 2020.pdf,12
2020-11-12,24.8,6:30 AM,30.2,2:30 PM,TEMPERATURE OBSERVATION 2020.pdf,12
2020-11-13,26.0,6:00 AM,32.0,3:00 PM,TEMPERATURE OBSERVATION 2020.pdf,12
2020-11-14,26.0,6:00 AM,31.8,2:20 PM,TEMPERATURE OBSERVATION 2020.pdf,12
2020-11-15,25.8,6:10 AM,32.0,2:30 PM,TEMPERATURE OBSERVATION 2020.pdf,12
2020-11-16,25.4,6:00 AM,33.0,1:45 PM,TEMPERATURE OBSERVATION 2020.pdf,12
2020-11-17,25.5,6:00 AM,32.0,3:00 PM,TEMPERATURE OBSERVATION 2020.pdf,12
2020-11-18,25.6,6:30 AM,31.5,2:15 PM,TEMPERATURE OBSERVATION 2020.pdf,12
2020-11-19,25.8,6:00 AM,32.0,2:00 PM,TEMPERATURE OBSERVATION 2020.pdf,12
2020-11-20,25.2,5:30 AM,32.1,2:30 PM,TEMPERATURE OBSERVATION 2020.pdf,12
2020-11-21,24.0,1:00 AM,32.0,3:00 PM,TEMPERATURE OBSERVATION 2020.pdf,12
2020-11-22,25.2,6:00 AM,30.0,4:00 PM,TEMPERATURE OBSERVATION 2020.pdf,12
2020-11-23,24.6,6:10 AM,30.0,1:30 PM,TEMPERATURE OBSERVATION 2020.pdf,12
2020-11-24,24.5,10:30PM,28.1,1:30 PM,TEMPERATURE OBSERVATION 2020.pdf,12
2020-11-25,24.4,6:00 AM,29.5,12:00 PM,TEMPERATURE OBSERVATION 2020.pdf,12
2020-11-26,24.8,4:30 AM,31.2,2:15 PM,TEMPERATURE OBSERVATION 2020.pdf,12
2020-11-27,25.0,6:40 AM,31.0,2:00 PM,TEMPERATURE OBSERVATION 2020.pdf,12
2020-11-28,24.7,4:30 AM,31.8,2:00 PM,TEMPERATURE OBSERVATION 2020.pdf,12
2020-11-29,25.0,6:00 AM,31.5,2:00 PM,TEMPERATURE OBSERVATION 2020.pdf,12
2020-11-30,24.2,6:30 AM,30.6,2:30 PM,TEMPERATURE OBSERVATION 2020.pdf,12
2020-12-01,24.8,6:00 AM,29.1,12:30 PM,TEMPERATURE OBSERVATION 2020.pdf,13
2020-12-02,24.7,6:00 AM,27.4,4:00 PM,TEMPERATURE OBSERVATION 2020.pdf,13
2020-12-03,25.2,6:30 AM,30.9,1:30 PM,TEMPERATURE OBSERVATION 2020.pdf,13
2020-12-04,23.8,6:00 AM,31.0,2:00 PM,TEMPERATURE OBSERVATION 2020.pdf,13
2020-12-05,25.4,6:00 AM,31.0,2:00 PM,TEMPERATURE OBSERVATION 2020.pdf,13
2020-12-06,24.2,6:00 AM,30.8,1:30 PM,TEMPERATURE OBSERVATION 2020.pdf,13
2020-12-07,25.2,6:30 AM,30.2,3:00 PM,TEMPERATURE OBSERVATION 2020.pdf,13
2020-12-08,25.2,6:40 AM,32.0,2:30 PM,TEMPERATURE OBSERVATION 2020.pdf,13
2020-12-09,25.0,6:00 AM,31.2,2:00 PM,TEMPERATURE OBSERVATION 2020.pdf,13
2020-12-10,24.8,6:00 AM,31.8,2:30 PM,TEMPERATURE OBSERVATION 2020.pdf,13
2020-12-11,25.0,6:30 AM,31.2,2:00 PM,TEMPERATURE OBSERVATION 2020.pdf,13
2020-12-12,25.2,6:40 AM,31.6,2:20 PM,TEMPERATURE OBSERVATION 2020.pdf,13
2020-12-13,25.4,6:20 AM,31.8,2:00 PM,TEMPERATURE OBSERVATION 2020.pdf,13
2020-12-14,24.7,10:30 AM,31.8,12:00 PM,TEMPERATURE OBSERVATION 2020.pdf,13
2020-12-15,25.2,5:00 AM,31.2,1:00 PM,TEMPERATURE OBSERVATION 2020.pdf,13
2020-12-16,24.5,5:30 AM,31.0,2:15 PM,TEMPERATURE OBSERVATION 2020.pdf,13
2020-12-17,25.0,6:00 AM,31.0,2:20 PM,TEMPERATURE OBSERVATION 2020.pdf,13
2020-12-18,24.3,6:20 AM,27.2,3:00 PM,TEMPERATURE OBSERVATION 2020.pdf,13
2020-12-19,25.2,6:00 AM,29.0,3:00 PM,TEMPERATURE OBSERVATION 2020.pdf,13
2020-12-20,25.7,6:30 AM,31.4,12:00 PM,TEMPERATURE OBSERVATION 2020.pdf,13
2020-12-21,24.4,6:40 AM,31.8,3:00 PM,TEMPERATURE OBSERVATION 2020.pdf,13
2020-12-22,24.8,6:00 AM,31.0,2:30 PM,TEMPERATURE OBSERVATION 2020.pdf,13
2020-12-23,24.8,6:30 AM,32.2,3:30 PM,TEMPERATURE OBSERVATION 2020.pdf,13
2020-12-24,24.8,4:40 AM,31.7,3:20 PM,TEMPERATURE OBSERVATION 2020.pdf,13
2020-12-25,25.0,5:50 AM,31.8,3:00 PM,TEMPERATURE OBSERVATION 2020.pdf,13
2020-12-26,23.3,6:00 AM,28.2,4:00 PM,TEMPERATURE OBSERVATION 2020.pdf,13
2020-12-27,25.0,6:00 AM,29.5,3:00 PM,TEMPERATURE OBSERVATION 2020.pdf,13
2020-12-28,25.0,7:00 AM,29.7,4:00 PM,TEMPERATURE OBSERVATION 2020.pdf,13
2020-12-29,25.0,6:00 AM,31.2,1:30 PM,TEMPERATURE OBSERVATION 2020.pdf,13
2020-12-30,24.7,4:00 AM,31.2,2:30 PM,TEMPERATURE OBSERVATION 2020.pdf,13
2020-12-31,24.8,6:00 AM,29.2,2:00 PM,TEMPERATURE OBSERVATION 2020.pdf,13
2021-01-01,24.8,6:00 am,31.0,3:15 pm,TEMPERATURE OBSERVATION 2021.pdf,1
2021-01-02,25.0,6:30 am,30.4,2:00 pm,TEMPERATURE OBSERVATION 2021.pdf,1
2021-01-03,24.8,6:00 am,28.6,1:45 pm,TEMPERATURE OBSERVATION 2021.pdf,1
2021-01-04,24.9,7:00 am,30.8,1:30 pm,TEMPERATURE OBSERVATION 2021.pdf,1
2021-01-05,24.8,6:30 am,30.8,2:30 pm,TEMPERATURE OBSERVATION 2021.pdf,1
2021-01-06,25.0,6:00 am,31.1,4:00 pm,TEMPERATURE OBSERVATION 2021.pdf,1
2021-01-07,25.0,3:00 am,30.0,2:00 pm,TEMPERATURE OBSERVATION 2021.pdf,1
2021-01-08,24.5,6:00 am,28.0,3:30 pm,TEMPERATURE OBSERVATION 2021.pdf,1
2021-01-09,24.0,5:00 am,28.0,1:00 pm,TEMPERATURE OBSERVATION 2021.pdf,1
2021-01-10,23.2,6:30 am,27.0,11:30 pm,TEMPERATURE OBSERVATION 2021.pdf,1
2021-01-11,22.6,5:00 am,25.8,3:30 pm,TEMPERATURE OBSERVATION 2021.pdf,1
2021-01-12,22.5,6:00 am,26.4,2:00 pm,TEMPERATURE OBSERVATION 2021.pdf,1
2021-01-13,24.0,6:30 am,27.8,3:00 pm,TEMPERATURE OBSERVATION 2021.pdf,1
2021-01-14,24.5,6:30 am,28.8,2:00 pm,TEMPERATURE OBSERVATION 2021.pdf,1
2021-01-15,24.7,7:30 am,30.5,2:45 pm,TEMPERATURE OBSERVATION 2021.pdf,1
2021-01-16,24.0,5:00 am,27.5,3:00 pm,TEMPERATURE OBSERVATION 2021.pdf,1
2021-01-17,25.0,6:00 am,27.3,2:00 pm,TEMPERATURE OBSERVATION 2021.pdf,1
2021-01-18,23.8,7:50 am,27.2,2:00 pm,TEMPERATURE OBSERVATION 2021.pdf,1
2021-01-19,23.4,6:00 am,28.0,2:00 pm,TEMPERATURE OBSERVATION 2021.pdf,1
2021-01-20,25.0,6:30 am,29.8,3:00 pm,TEMPERATURE OBSERVATION 2021.pdf,1
2021-01-21,24.0,7:00 am,30.0,2:00 pm,TEMPERATURE OBSERVATION 2021.pdf,1
2021-01-22,23.8,6:30 am,28.4,12:25 am,TEMPERATURE OBSERVATION 2021.pdf,1
2021-01-23,23.5,6:30 am,29.5,3:00 am,TEMPERATURE OBSERVATION 2021.pdf,1
2021-01-24,24.0,6:20 am,30.0,2:40 pm,TEMPERATURE OBSERVATION 2021.pdf,1
2021-01-25,24.1,6:30 am,31.7,1:00 pm,TEMPERATURE OBSERVATION 2021.pdf,1
2021-01-26,24.5,6:30 am,31.4,2:30 pm,TEMPERATURE OBSERVATION 2021.pdf,1
2021-01-27,24.8,6:30 am,31.0,2:00 pm,TEMPERATURE OBSERVATION 2021.pdf,1
2021-01-28,24.0,6:00 am,30.0,11:30 am,TEMPERATURE OBSERVATION 2021.pdf,1
2021-01-29,23.4,5:00 am,27.9,1:45 pm,TEMPERATURE OBSERVATION 2021.pdf,1
2021-01-30,22.5,6:10 am,27.5,12:00 pm,TEMPERATURE OBSERVATION 2021.pdf,1
2021-01-31,22.9,6:30 am,28.2,2:00 pm,TEMPERATURE OBSERVATION 2021.pdf,1
2021-02-01,23.9,6:00 am,28.5,1:30 pm,TEMPERATURE OBSERVATION 2021.pdf,2
2021-02-02,23.5,6:00 am,27.5,12:00 pm,TEMPERATURE OBSERVATION 2021.pdf,2
2021-02-03,23.2,6:00 am,27.4,1:00 pm,TEMPERATURE OBSERVATION 2021.pdf,2
2021-02-04,23.2,6:40 am,31.0,3:00 pm,TEMPERATURE OBSERVATION 2021.pdf,2
2021-02-05,23.8,12:00 am,30.8,1:00 pm,TEMPERATURE OBSERVATION 2021.pdf,2
2021-02-06,29.4,5:30 am,31.2,2:00 pm,TEMPERATURE OBSERVATION 2021.pdf,2
2021-02-07,23.5,7:00 am,29.8,2:00 am,TEMPERATURE OBSERVATION 2021.pdf,2
2021-02-08,23.8,6:30 am,26.0,5:00 pm,TEMPERATURE OBSERVATION 2021.pdf,2
2021-02-09,23.2,6:45 am,27.0,11:15 am,TEMPERATURE OBSERVATION 2021.pdf,2
2021-02-10,23.8,6:30 am,31.0,3:00 pm,TEMPERATURE OBSERVATION 2021.pdf,2
2021-02-11,24.0,6:50 am,31.0,3:00 pm,TEMPERATURE OBSERVATION 2021.pdf,2
2021-02-12,23.8,7:00 am,30.8,3:00 pm,TEMPERATURE OBSERVATION 2021.pdf,2
2021-02-13,24.5,6:30 am,30.0,1:00 pm,TEMPERATURE OBSERVATION 2021.pdf,2
2021-02-14,23.5,6:50 am,27.6,1:50 pm,TEMPERATURE OBSERVATION 2021.pdf,2
2021-02-15,23.8,7:00 am,28.0,1:00 pm,TEMPERATURE OBSERVATION 2021.pdf,2
2021-02-16,23.2,6:30 am,28.8,2:00 pm,TEMPERATURE OBSERVATION 2021.pdf,2
2021-02-17,23.8,3:00 am,30.0,2:00 pm,TEMPERATURE OBSERVATION 2021.pdf,2
2021-02-18,22.4,7:15 am,29.7,1:00 pm,TEMPERATURE OBSERVATION 2021.pdf,2
2021-02-19,21.8,7:30 am,27.4,1:00 pm,TEMPERATURE OBSERVATION 2021.pdf,2
2021-02-20,23.2,6:00 am,27.2,3:00 pm,TEMPERATURE OBSERVATION 2021.pdf,2
2021-02-21,23.8,4:00 am,26.8,11:30 am,TEMPERATURE OBSERVATION 2021.pdf,2
2021-02-22,23.0,6:00 am,28.5,2:00 pm,TEMPERATURE OBSERVATION 2021.pdf,2
2021-02-23,24.5,6:40 am,31.0,4:00 pm,TEMPERATURE OBSERVATION 2021.pdf,2
2021-02-24,24.2,7:00 am,31.7,3:00 pm,TEMPERATURE OBSERVATION 2021.pdf,2
2021-02-25,23.5,6:30 am,31.8,2:30 pm,TEMPERATURE OBSERVATION 2021.pdf,2
2021-02-26,25.0,7:30 am,31.0,3:00 pm,TEMPERATURE OBSERVATION 2021.pdf,2
2021-02-27,25.5,6:00 am,31.2,2:30 pm,TEMPERATURE OBSERVATION 2021.pdf,2
2021-02-28,24.7,6:00 am,32.3,3:30 pm,TEMPERATURE OBSERVATION 2021.pdf,2
2021-03-01,23.8,6:30 am,31.5,4:00 pm,TEMPERATURE OBSERVATION 2021.pdf,3
2021-03-02,24.4,6:00 am,31.2,2:00 pm,TEMPERATURE OBSERVATION 2021.pdf,3
2021-03-03,24.6,6:20 am,30.0,1:00 pm,TEMPERATURE OBSERVATION 2021.pdf,3
2021-03-04,24.6,6:20 am,30.2,1:40 pm,TEMPERATURE OBSERVATION 2021.pdf,3
2021-03-05,24.4,6:00 am,31.5,2:00 pm,TEMPERATURE OBSERVATION 2021.pdf,3
2021-03-06,23.0,6:00 am,31.2,2:00 pm,TEMPERATURE OBSERVATION 2021.pdf,3
2021-03-07,24.0,6:20 am,31.4,2:30 pm,TEMPERATURE OBSERVATION 2021.pdf,3
2021-03-08,23.8,6:00 am,30.3,3:15 pm,TEMPERATURE OBSERVATION 2021.pdf,3
2021-03-09,23.0,6:00 am,30.4,2:00 pm,TEMPERATURE OBSERVATION 2021.pdf,3
2021-03-10,23.0,6:30 am,27.2,1:00 pm,TEMPERATURE OBSERVATION 2021.pdf,3
2021-03-11,24.8,6:00 am,30.5,2:00 pm,TEMPERATURE OBSERVATION 2021.pdf,3
2021-03-12,23.8,6:30 am,30.0,1:00 pm,TEMPERATURE OBSERVATION 2021.pdf,3
2021-03-13,23.8,7:00 am,30.0,2:00 pm,TEMPERATURE OBSERVATION 2021.pdf,3
2021-03-14,23.5,6:30 am,30.2,2:30 pm,TEMPERATURE OBSERVATION 2021.pdf,3
2021-03-15,24.0,6:50 am,31.0,2:40 pm,TEMPERATURE OBSERVATION 2021.pdf,3
2021-03-16,24.8,6:00 am,31.7,2:00 pm,TEMPERATURE OBSERVATION 2021.pdf,3
2021-03-17,25.0,6:30 am,32.0,2:00 pm,TEMPERATURE OBSERVATION 2021.pdf,3
2021-03-18,25.0,6:40 am,32.0,2:00 pm,TEMPERATURE OBSERVATION 2021.pdf,3
2021-03-19,25.0,6:30 am,32.0,2:30 pm,TEMPERATURE OBSERVATION 2021.pdf,3
2021-03-20,25.2,6:00 am,32.4,3:00 pm,TEMPERATURE OBSERVATION 2021.pdf,3
2021-03-21,25.0,6:30 am,32.2,2:30 pm,TEMPERATURE OBSERVATION 2021.pdf,3
2021-03-22,26.2,6:30 am,32.4,2:30 pm,TEMPERATURE OBSERVATION 2021.pdf,3
2021-03-23,25.2,6:00 am,32.6,2:00 pm,TEMPERATURE OBSERVATION 2021.pdf,3
2021-03-24,24.2,6:30 am,32.0,3:00 pm,TEMPERATURE OBSERVATION 2021.pdf,3
2021-03-25,24.4,6:30 am,30.2,4:00 pm,TEMPERATURE OBSERVATION 2021.pdf,3
2021-03-26,24.7,6:30 am,32.0,2:15 pm,TEMPERATURE OBSERVATION 2021.pdf,3
2021-03-27,24.4,6:00 am,32.0,2:00 pm,TEMPERATURE OBSERVATION 2021.pdf,3
2021-03-28,25.0,6:00 am,32.2,2:30 pm,TEMPERATURE OBSERVATION 2021.pdf,3
2021-03-29,24.8,6:00 am,31.8,3:00 pm,TEMPERATURE OBSERVATION 2021.pdf,3
2021-03-30,25.6,3:00 am,32.8,2:00 pm,TEMPERATURE OBSERVATION 2021.pdf,3
2021-03-31,24.8,6:00 am,31.8,3:00 pm,TEMPERATURE OBSERVATION 2021.pdf,3
2021-04-01,24.2,6:45 AM,31.8,1:00 pm,TEMPERATURE OBSERVATION 2021.pdf,4
2021-04-02,24.8,6:00 am,32.9,2:00 pm,TEMPERATURE OBSERVATION 2021.pdf,4
2021-04-03,24.4,6:00 am,33.0,2:10 pm,TEMPERATURE OBSERVATION 2021.pdf,4
2021-04-04,25.0,6:00 am,32.8,2:30 pm,TEMPERATURE OBSERVATION 2021.pdf,4
2021-04-05,24.3,5:30 am,31.8,2:00 pm,TEMPERATURE OBSERVATION 2021.pdf,4
2021-04-06,24.8,5:00 am,31.4,2:00 pm,TEMPERATURE OBSERVATION 2021.pdf,4
2021-04-07,24.2,9:20 am,32.6,2:53 pm,TEMPERATURE OBSERVATION 2021.pdf,4
2021-04-08,24.3,6:30 am,31.7,1:00 pm,TEMPERATURE OBSERVATION 2021.pdf,4
2021-04-09,24.1,6:10 am,32.1,3:10 pm,TEMPERATURE OBSERVATION 2021.pdf,4
2021-04-10,25.0,6:00 am,32.0,3:30 pm,TEMPERATURE OBSERVATION 2021.pdf,4
2021-04-11,25.0,6:30 am,31.7,2:10 pm,TEMPERATURE OBSERVATION 2021.pdf,4
2021-04-12,24.0,6:20 am,32.0,3:10 pm,TEMPERATURE OBSERVATION 2021.pdf,4
2021-04-13,23.7,6:30 am,31.8,2:00 pm,TEMPERATURE OBSERVATION 2021.pdf,4
2021-04-14,24.0,6:30 am,32.0,2:00 pm,TEMPERATURE OBSERVATION 2021.pdf,4
2021-04-15,24.0,6:20 am,31.0,12:45 pm,TEMPERATURE OBSERVATION 2021.pdf,4
2021-04-16,24.2,6:30 am,31.2,5:00 pm,TEMPERATURE OBSERVATION 2021.pdf,4
2021-04-17,23.8,6:30 am,31.0,2:00 pm,TEMPERATURE OBSERVATION 2021.pdf,4
2021-04-18,24.2,4:30 am,29.0,3:00 pm,TEMPERATURE OBSERVATION 2021.pdf,4
2021-04-19,23.5,5:20 am,30.8,4:00 pm,TEMPERATURE OBSERVATION 2021.pdf,4
2021-04-20,27.0,6:10 am,32.0,2:20 pm,TEMPERATURE OBSERVATION 2021.pdf,4
2021-04-21,26.8,6:00 am,31.0,11:00 am,TEMPERATURE OBSERVATION 2021.pdf,4
2021-04-22,25.4,6:00 am,29.8,3:00 pm,TEMPERATURE OBSERVATION 2021.pdf,4
2021-04-23,25.8,4:30 am,31.6,2:30 pm,TEMPERATURE OBSERVATION 2021.pdf,4
2021-04-24,24.4,6:20 am,32.0,2:00 pm,TEMPERATURE OBSERVATION 2021.pdf,4
2021-04-25,23.0,6:30 am,35.8,1:00 pm,TEMPERATURE OBSERVATION 2021.pdf,4
2021-04-26,23.4,6:00 am,31.2,2:00 pm,TEMPERATURE OBSERVATION 2021.pdf,4
2021-04-27,24.3,5:30 am,31.5,2:30 pm,TEMPERATURE OBSERVATION 2021.pdf,4
2021-04-28,23.0,5:40 am,32.2,2:30 pm,TEMPERATURE OBSERVATION 2021.pdf,4
2021-04-29,24.7,6:30 am,31.4,2:00 pm,TEMPERATURE OBSERVATION 2021.pdf,4
2021-04-30,24.8,6:00 am,32.0,2:00 pm,TEMPERATURE OBSERVATION 2021.pdf,4
2021-05-01,26.3,5:35 am,32.2,2:20 pm,TEMPERATURE OBSERVATION 2021.pdf,5
2021-05-02,26.0,6:10 am,32.0,2:40 pm,TEMPERATURE OBSERVATION 2021.pdf,5
2021-05-03,25.3,5:30 am,33.6,2:30 pm,TEMPERATURE OBSERVATION 2021.pdf,5
2021-05-04,25.8,5:30 am,31.0,1:30 pm,TEMPERATURE OBSERVATION 2021.pdf,5
2021-05-05,26.0,6:15 am,33.8,2:20 pm,TEMPERATURE OBSERVATION 2021.pdf,5
2021-05-06,25.5,6:20 am,33.3,3:30 pm,TEMPERATURE OBSERVATION 2021.pdf,5
2021-05-07,26.0,6:00 am,33.7,2:00 pm,TEMPERATURE OBSERVATION 2021.pdf,5
2021-05-08,25.0,6:00 am,31.0,1:00 pm,TEMPERATURE OBSERVATION 2021.pdf,5
2021-05-09,24.8,6:00 am,32.0,2:20 pm,TEMPERATURE OBSERVATION 2021.pdf,5
2021-05-10,24.6,6:20 am,31.8,2:30 pm,TEMPERATURE OBSERVATION 2021.pdf,5
2021-05-11,25.8,3:00 am,31.5,2:00 pm,TEMPERATURE OBSERVATION 2021.pdf,5
2021-05-12,25.6,6:30 am,32.3,2:00 pm,TEMPERATURE OBSERVATION 2021.pdf,5
2021-05-13,26.0,6:20 am,33.0,2:20 pm,TEMPERATURE OBSERVATION 2021.pdf,5
2021-05-14,26.0,5:15 am,32.8,1:00 pm,TEMPERATURE OBSERVATION 2021.pdf,5
2021-05-15,26.0,6:10 am,33.0,2:50 pm,TEMPERATURE OBSERVATION 2021.pdf,5
2021-05-16,26.4,6:00 am,33.0,2:00 pm,TEMPERATURE OBSERVATION 2021.pdf,5
2021-05-17,26.6,6:30 am,33.5,2:20 pm,TEMPERATURE OBSERVATION 2021.pdf,5
2021-05-18,26.0,6:30 am,33.3,2:30 pm,TEMPERATURE OBSERVATION 2021.pdf,5
2021-05-19,25.4,5:00 am,32.7,3:00 pm,TEMPERATURE OBSERVATION 2021.pdf,5
2021-05-20,25.0,6:00 am,32.2,2:00 pm,TEMPERATURE OBSERVATION 2021.pdf,5
2021-05-21,25.4,5:40 am,32.5,2:30 pm,TEMPERATURE OBSERVATION 2021.pdf,5
2021-05-22,24.5,6:10 am,32.2,2:40 pm,TEMPERATURE OBSERVATION 2021.pdf,5
2021-05-23,24.7,6:00 am,32.2,2:30 pm,TEMPERATURE OBSERVATION 2021.pdf,5
2021-05-24,24.2,6:00 am,31.0,1:00 pm,TEMPERATURE OBSERVATION 2021.pdf,5
2021-05-25,25.5,6:00 am,31.6,2:25 pm,TEMPERATURE OBSERVATION 2021.pdf,5
2021-05-26,25.0,6:20 am,31.4,2:40 pm,TEMPERATURE OBSERVATION 2021.pdf,5
2021-05-27,25.9,6:00 am,32.6,2:15 pm,TEMPERATURE OBSERVATION 2021.pdf,5
2021-05-28,24.9,6:00 am,31.0,2:00 pm,TEMPERATURE OBSERVATION 2021.pdf,5
2021-05-29,25.2,6:30 am,32.4,2:15 pm,TEMPERATURE OBSERVATION 2021.pdf,5
2021-05-30,25.2,6:40 am,31.6,12:30 pm,TEMPERATURE OBSERVATION 2021.pdf,5
2021-05-31,24.8,6:00 am,31.4,3:15 pm,TEMPERATURE OBSERVATION 2021.pdf,5
2021-06-01,23.9,2:00 am,29.0,11:00 am,TEMPERATURE OBSERVATION 2021.pdf,6
2021-06-02,25.6,5:30 am,26.5,3:00 pm,TEMPERATURE OBSERVATION 2021.pdf,6
2021-06-03,26.0,6:00 am,32.0,2:00 pm,TEMPERATURE OBSERVATION 2021.pdf,6
2021-06-04,26.0,6:00 am,31.3,1:00 pm,TEMPERATURE OBSERVATION 2021.pdf,6
2021-06-05,24.0,6:00 am,30.0,3:00 pm,TEMPERATURE OBSERVATION 2021.pdf,6
2021-06-06,24.5,6:00 am,30.6,2:40 pm,TEMPERATURE OBSERVATION 2021.pdf,6
2021-06-07,25.0,6:45 am,30.8,2:00 pm,TEMPERATURE OBSERVATION 2021.pdf,6
2021-06-08,25.0,6:00 am,30.4,1:00 pm,TEMPERATURE OBSERVATION 2021.pdf,6
2021-06-09,24.5,6:00 am,30.0,1:00 pm,TEMPERATURE OBSERVATION 2021.pdf,6
2021-06-10,24.0,6:00 am,31.0,1:00 pm,TEMPERATURE OBSERVATION 2021.pdf,6
2021-06-11,25.0,6:40 am,30.4,2:10 pm,TEMPERATURE OBSERVATION 2021.pdf,6
2021-06-12,24.0,5:00 am,28.7,3:00 pm,TEMPERATURE OBSERVATION 2021.pdf,6
2021-06-13,24.0,6:00 am,29.4,2:00 pm,TEMPERATURE OBSERVATION 2021.pdf,6
2021-06-14,24.0,6:15 am,31.6,2:40 pm,TEMPERATURE OBSERVATION 2021.pdf,6
2021-06-15,25.2,6:20 am,32.2,3:10 pm,TEMPERATURE OBSERVATION 2021.pdf,6
2021-06-16,25.2,6:00 am,31.5,2:00 pm,TEMPERATURE OBSERVATION 2021.pdf,6
2021-06-17,25.0,6:00 am,31.0,2:00 pm,TEMPERATURE OBSERVATION 2021.pdf,6
2021-06-18,25.4,7:00 am,32.0,2:25 pm,TEMPERATURE OBSERVATION 2021.pdf,6
2021-06-19,25.6,6:50 am,32.0,2:40 pm,TEMPERATURE OBSERVATION 2021.pdf,6
2021-06-20,24.3,6:00 am,31.8,1:00 pm,TEMPERATURE OBSERVATION 2021.pdf,6
2021-06-21,24.8,6:00 am,29.4,3:00 pm,TEMPERATURE OBSERVATION 2021.pdf,6
2021-06-22,24.0,6:00 am,29.0,1:30 pm,TEMPERATURE OBSERVATION 2021.pdf,6
2021-06-23,24.5,6:30 am,31.0,2:10 pm,TEMPERATURE OBSERVATION 2021.pdf,6
2021-06-24,24.6,6:30 am,30.8,2:00 pm,TEMPERATURE OBSERVATION 2021.pdf,6
2021-06-25,24.4,6:00 am,32.0,2:00 pm,TEMPERATURE OBSERVATION 2021.pdf,6
2021-06-26,24.6,6:15 am,30.0,2:00 pm,TEMPERATURE OBSERVATION 2021.pdf,6
2021-06-27,24.8,6:20 am,31.0,2:40 pm,TEMPERATURE OBSERVATION 2021.pdf,6
2021-06-28,25.0,7:00 am,31.3,3:00 pm,TEMPERATURE OBSERVATION 2021.pdf,6
2021-06-29,25.2,6:00 am,32.0,2:00 pm,TEMPERATURE OBSERVATION 2021.pdf,6
2021-06-30,25.2,6:15 am,32.5,2:20 pm,TEMPERATURE OBSERVATION 2021.pdf,6
2021-07-01,25.8,6:30 am,32.6,2:50 pm,TEMPERATURE OBSERVATION 2021.pdf,7
2021-07-02,25.5,6:00 am,32.4,3:00 pm,TEMPERATURE OBSERVATION 2021.pdf,7
2021-07-03,23.5,6:00 am,31.5,2:30 pm,TEMPERATURE OBSERVATION 2021.pdf,7
2021-07-04,24.0,6:30 am,30.0,2:00 pm,TEMPERATURE OBSERVATION 2021.pdf,7
2021-07-05,24.2,6:40 am,30.2,1:00 pm,TEMPERATURE OBSERVATION 2021.pdf,7
2021-07-06,24.0,6:00 am,27.2,1:00 pm,TEMPERATURE OBSERVATION 2021.pdf,7
2021-07-07,24.8,6:00 am,31.5,1:30 pm,TEMPERATURE OBSERVATION 2021.pdf,7
2021-07-08,25.4,6:20 am,31.8,2:15 pm,TEMPERATURE OBSERVATION 2021.pdf,7
2021-07-09,24.2,6:10 am,31.4,3:10 pm,TEMPERATURE OBSERVATION 2021.pdf,7
2021-07-10,24.9,6:00 am,31.0,3:15 pm,TEMPERATURE OBSERVATION 2021.pdf,7
2021-07-11,25.0,6:00 am,32.0,2:00 pm,TEMPERATURE OBSERVATION 2021.pdf,7
2021-07-12,25.8,6:15 am,32.2,2:20 pm,TEMPERATURE OBSERVATION 2021.pdf,7
2021-07-13,25.0,6:20 am,31.8,2:30 pm,TEMPERATURE OBSERVATION 2021.pdf,7
2021-07-14,25.0,6:45 am,31.9,2:30 pm,TEMPERATURE OBSERVATION 2021.pdf,7
2021-07-15,26.0,6:30 am,31.0,2:00 pm,TEMPERATURE OBSERVATION 2021.pdf,7
2021-07-16,24.8,4:18 am,31.6,2:15 pm,TEMPERATURE OBSERVATION 2021.pdf,7
2021-07-17,24.6,5:50 am,30.0,2:20 pm,TEMPERATURE OBSERVATION 2021.pdf,7
2021-07-18,24.8,5:00 am,29.5,1:00 pm,TEMPERATURE OBSERVATION 2021.pdf,7
2021-07-19,24.0,11:30 pm,29.0,2:00 pm,TEMPERATURE OBSERVATION 2021.pdf,7
2021-07-20,25.4,10:00 pm,29.6,1:40 pm,TEMPERATURE OBSERVATION 2021.pdf,7
2021-07-21,25.8,2:30 am,30.2,2:20 pm,TEMPERATURE OBSERVATION 2021.pdf,7
2021-07-22,24.7,6:30 am,30.8,1:00 pm,TEMPERATURE OBSERVATION 2021.pdf,7
2021-07-23,25.0,1:00 am,29.0,1:00 pm,TEMPERATURE OBSERVATION 2021.pdf,7
2021-07-24,23.5,6:00 am,30.0,12:15 pm,TEMPERATURE OBSERVATION 2021.pdf,7
2021-07-25,25.0,6:10 am,31.0,3:30 pm,TEMPERATURE OBSERVATION 2021.pdf,7
2021-07-26,26.0,5:00 am,30.8,2:00 pm,TEMPERATURE OBSERVATION 2021.pdf,7
2021-07-27,25.0,5:10 am,30.0,1:30 pm,TEMPERATURE OBSERVATION 2021.pdf,7
2021-07-28,24.2,5:30 am,30.6,2:15 pm,TEMPERATURE OBSERVATION 2021.pdf,7
2021-07-29,26.0,6:30 am,30.0,2:30 pm,TEMPERATURE OBSERVATION 2021.pdf,7
2021-07-30,26.4,6:30 am,30.4,2:00 pm,TEMPERATURE OBSERVATION 2021.pdf,7
2021-07-31,26.2,6:00 am,30.2,2:30 pm,TEMPERATURE OBSERVATION 2021.pdf,7
2021-08-01,25.6,6:10 am,31.2,2:20 pm,TEMPERATURE OBSERVATION 2021.pdf,8
2021-08-02,27.2,6:00 am,31.8,2:00 pm,TEMPERATURE OBSERVATION 2021.pdf,8
2021-08-03,27.5,6:00 am,32.0,2:00 pm,TEMPERATURE OBSERVATION 2021.pdf,8
2021-08-04,25.8,6:15 am,32.2,2:00 pm,TEMPERATURE OBSERVATION 2021.pdf,8
2021-08-05,24.5,6:30 am,32.6,2:30 pm,TEMPERATURE OBSERVATION 2021.pdf,8
2021-08-06,24.6,6:30 am,32.4,2:50 pm,TEMPERATURE OBSERVATION 2021.pdf,8
2021-08-07,26.2,6:00 am,32.2,2:00 pm,TEMPERATURE OBSERVATION 2021.pdf,8
2021-08-08,26.0,6:00 am,32.4,2:30 pm,TEMPERATURE OBSERVATION 2021.pdf,8
2021-08-09,24.3,6:30 am,32.2,2:15 pm,TEMPERATURE OBSERVATION 2021.pdf,8
2021-08-10,23.8,7:00 am,28.0,12:00 pm,TEMPERATURE OBSERVATION 2021.pdf,8
2021-08-11,24.0,6:50 am,30.0,2:40 pm,TEMPERATURE OBSERVATION 2021.pdf,8
2021-08-12,25.2,6:30 am,31.0,2:00 pm,TEMPERATURE OBSERVATION 2021.pdf,8
2021-08-13,24.8,6:20 am,31.6,2:00 pm,TEMPERATURE OBSERVATION 2021.pdf,8
2021-08-14,23.5,6:20 am,27.5,5:10 pm,TEMPERATURE OBSERVATION 2021.pdf,8
2021-08-15,24.0,6:30 am,31.6,2:00 pm,TEMPERATURE OBSERVATION 2021.pdf,8
2021-08-16,25.0,6:00 am,31.4,2:00 pm,TEMPERATURE OBSERVATION 2021.pdf,8
2021-08-17,24.0,6:00 am,30.0,2:10 pm,TEMPERATURE OBSERVATION 2021.pdf,8
2021-08-18,25.0,6:10 am,31.0,2:50 pm,TEMPERATURE OBSERVATION 2021.pdf,8
2021-08-19,25.2,7:00 am,31.0,2:45 pm,TEMPERATURE OBSERVATION 2021.pdf,8
2021-08-20,24.2,6:30 am,31.2,2:30 pm,TEMPERATURE OBSERVATION 2021.pdf,8
2021-08-21,24.0,6:00 am,30.8,2:20 pm,TEMPERATURE OBSERVATION 2021.pdf,8
2021-08-22,24.8,6:00 am,31.0,2:50 pm,TEMPERATURE OBSERVATION 2021.pdf,8
2021-08-23,24.5,6:00 am,31.2,2:30 pm,TEMPERATURE OBSERVATION 2021.pdf,8
2021-08-24,23.2,6:00 am,31.0,2:00 pm,TEMPERATURE OBSERVATION 2021.pdf,8
2021-08-25,24.2,6:30 am,31.6,2:10 pm,TEMPERATURE OBSERVATION 2021.pdf,8
2021-08-26,24.0,6:00 am,31.4,2:50 pm,TEMPERATURE OBSERVATION 2021.pdf,8
2021-08-27,24.2,6:30 am,31.5,2:00 pm,TEMPERATURE OBSERVATION 2021.pdf,8
2021-08-28,24.5,6:30 am,31.2,2:00 pm,TEMPERATURE OBSERVATION 2021.pdf,8
2021-08-29,24.8,6:10 am,31.8,2:15 pm,TEMPERATURE OBSERVATION 2021.pdf,8
2021-08-30,24.6,6:30 am,31.0,2:30 pm,TEMPERATURE OBSERVATION 2021.pdf,8
2021-08-31,24.7,6:30 am,31.1,2:00 pm,TEMPERATURE OBSERVATION 2021.pdf,8
2021-09-01,25.0,6:00 am,31.0,2:00 pm,TEMPERATURE OBSERVATION 2021.pdf,9
2021-09-02,24.2,6:15 am,31.6,2:30 pm,TEMPERATURE OBSERVATION 2021.pdf,9
2021-09-03,24.4,6:40 am,31.8,2:20 pm,TEMPERATURE OBSERVATION 2021.pdf,9
2021-09-04,24.6,6:30 am,31.7,2:00 pm,TEMPERATURE OBSERVATION 2021.pdf,9
2021-09-05,24.4,6:00 am,31.0,2:00 pm,TEMPERATURE OBSERVATION 2021.pdf,9
2021-09-06,23.4,7:00 am,27.0,1:30 pm,TEMPERATURE OBSERVATION 2021.pdf,9
2021-09-07,23.6,7:30 am,26.2,10:00 am,TEMPERATURE OBSERVATION 2021.pdf,9
2021-09-08,23.2,6:00 am,28.0,1:30 pm,TEMPERATURE OBSERVATION 2021.pdf,9
2021-09-09,23.4,6:40 pm,28.0,2:00 pm,TEMPERATURE OBSERVATION 2021.pdf,9
2021-09-10,24.2,3:00 am,28.0,1:30 pm,TEMPERATURE OBSERVATION 2021.pdf,9
2021-09-11,24.0,6:00 am,31.4,1:00 pm,TEMPERATURE OBSERVATION 2021.pdf,9
2021-09-12,23.2,5:30 am,30.5,1:00 pm,TEMPERATURE OBSERVATION 2021.pdf,9
2021-09-13,24.0,6:00 am,31.0,1:00 pm,TEMPERATURE OBSERVATION 2021.pdf,9
2021-09-14,25.3,6:30 am,31.5,2:10 pm,TEMPERATURE OBSERVATION 2021.pdf,9
2021-09-15,24.8,7:00 am,32.8,2:30 pm,TEMPERATURE OBSERVATION 2021.pdf,9
2021-09-16,23.8,6:54 am,30.3,2:00 pm,TEMPERATURE OBSERVATION 2021.pdf,9
2021-09-17,24.0,7:00 am,30.2,2:00 pm,TEMPERATURE OBSERVATION 2021.pdf,9
2021-09-18,24.0,6:20 am,31.6,2:18 pm,TEMPERATURE OBSERVATION 2021.pdf,9
2021-09-19,24.2,5:50 am,31.8,1:40 pm,TEMPERATURE OBSERVATION 2021.pdf,9
2021-09-20,23.0,6:30 am,27.0,10:15 am,TEMPERATURE OBSERVATION 2021.pdf,9
2021-09-21,24.0,6:00 am,28.0,1:30 pm,TEMPERATURE OBSERVATION 2021.pdf,9
2021-09-22,23.2,6:10 am,31.6,2:20 pm,TEMPERATURE OBSERVATION 2021.pdf,9
2021-09-23,25.4,6:45 am,30.7,3:30 pm,TEMPERATURE OBSERVATION 2021.pdf,9
2021-09-24,23.8,6:15 am,31.4,2:10 pm,TEMPERATURE OBSERVATION 2021.pdf,9
2021-09-25,23.8,6:20 am,31.6,3:10 pm,TEMPERATURE OBSERVATION 2021.pdf,9
2021-09-26,24.3,6:30 am,31.4,2:00 pm,TEMPERATURE OBSERVATION 2021.pdf,9
2021-09-27,25.0,6:00 am,31.2,2:00 pm,TEMPERATURE OBSERVATION 2021.pdf,9
2021-09-28,,,,,TEMPERATURE OBSERVATION 2021.pdf,9
2021-09-29,,,,,TEMPERATURE OBSERVATION 2021.pdf,9
2021-09-30,24.5,6:05 am,32.3,2:25 pm,TEMPERATURE OBSERVATION 2021.pdf,9
2021-10-01,24.6,6:10 am,32.4,2:50 pm,TEMPERATURE OBSERVATION 2021.pdf,10
2021-10-02,23.3,6:00 am,30.2,1:00 pm,TEMPERATURE OBSERVATION 2021.pdf,10
2021-10-03,23.6,3:00 pm,30.0,1:00 pm,TEMPERATURE OBSERVATION 2021.pdf,10
2021-10-04,24.0,6:00 am,27.0,1:20 pm,TEMPERATURE OBSERVATION 2021.pdf,10
2021-10-05,23.8,6:10 am,27.0,1:10 pm,TEMPERATURE OBSERVATION 2021.pdf,10
2021-10-06,24.6,6:45 am,30.7,2:00 pm,TEMPERATURE OBSERVATION 2021.pdf,10
2021-10-07,24.8,6:00 am,31.0,2:00 pm,TEMPERATURE OBSERVATION 2021.pdf,10
2021-10-08,25.0,6:15 am,30.4,2:20 pm,TEMPERATURE OBSERVATION 2021.pdf,10
2021-10-09,24.8,6:40 am,30.2,1:50 pm,TEMPERATURE OBSERVATION 2021.pdf,10
2021-10-10,25.4,5:15 am,28.7,11:00 am,TEMPERATURE OBSERVATION 2021.pdf,10
2021-10-11,26.4,10:30 pm,30.0,2:00 pm,TEMPERATURE OBSERVATION 2021.pdf,10
2021-10-12,24.8,6:00 am,29.0,12:00 pm,TEMPERATURE OBSERVATION 2021.pdf,10
2021-10-13,25.8,6:50 am,31.2,2:00 pm,TEMPERATURE OBSERVATION 2021.pdf,10
2021-10-14,26.1,6:00 am,31.2,2:00 pm,TEMPERATURE OBSERVATION 2021.pdf,10
2021-10-15,25.0,6:00 am,26.1,4:00 pm,TEMPERATURE OBSERVATION 2021.pdf,10
2021-10-16,24.3,6:40 am,30.0,3:00 pm,TEMPERATURE OBSERVATION 2021.pdf,10
2021-10-17,25.2,6:50 am,31.2,2:40 pm,TEMPERATURE OBSERVATION 2021.pdf,10
2021-10-18,25.8,6:00 am,32.0,2:00 pm,TEMPERATURE OBSERVATION 2021.pdf,10
2021-10-19,25.8,6:00 am,31.8,2:00 pm,TEMPERATURE OBSERVATION 2021.pdf,10
2021-10-20,24.2,6:20 am,32.2,2:15 pm,TEMPERATURE OBSERVATION 2021.pdf,10
2021-10-21,25.0,6:30 am,32.6,2:50 pm,TEMPERATURE OBSERVATION 2021.pdf,10
2021-10-22,24.5,6:30 am,29.8,12:00 pm,TEMPERATURE OBSERVATION 2021.pdf,10
2021-10-23,24.8,6:30 am,29.0,1:00 pm,TEMPERATURE OBSERVATION 2021.pdf,10
2021-10-24,24.2,6:30 am,30.0,2:00 pm,TEMPERATURE OBSERVATION 2021.pdf,10
2021-10-25,24.5,6:40 am,31.8,1:50 pm,TEMPERATURE OBSERVATION 2021.pdf,10
2021-10-26,24.0,6:00 am,29.8,1:00 pm,TEMPERATURE OBSERVATION 2021.pdf,10
2021-10-27,24.2,6:00 am,38.0,1:30 pm,TEMPERATURE OBSERVATION 2021.pdf,10
2021-10-28,24.8,7:00 am,31.6,4:00 pm,TEMPERATURE OBSERVATION 2021.pdf,10
2021-10-29,25.0,6:50 am,31.8,2:40 pm,TEMPERATURE OBSERVATION 2021.pdf,10
2021-10-30,25.3,6:30 am,31.5,2:15 pm,TEMPERATURE OBSERVATION 2021.pdf,10
2021-10-31,25.2,6:00 am,32.0,2:00 pm,TEMPERATURE OBSERVATION 2021.pdf,10
2021-11-01,25.8,6:15 am,31.8,2:20 pm,TEMPERATURE OBSERVATION 2021.pdf,11
2021-11-02,26.0,6:20 am,32.2,1:00 pm,TEMPERATURE OBSERVATION 2021.pdf,11
2021-11-03,25.2,6:30 am,31.8,2:40 pm,TEMPERATURE OBSERVATION 2021.pdf,11
2021-11-04,25.0,6:00 am,31.2,2:30 pm,TEMPERATURE OBSERVATION 2021.pdf,11
2021-11-05,24.8,6:00 am,29.4,2:00 pm,TEMPERATURE OBSERVATION 2021.pdf,11
2021-11-06,24.6,6:30 am,30.0,2:40 pm,TEMPERATURE OBSERVATION 2021.pdf,11
2021-11-07,25.8,6:00 am,30.2,2:00 pm,TEMPERATURE OBSERVATION 2021.pdf,11
2021-11-08,25.0,6:00 am,31.0,2:00 pm,TEMPERATURE OBSERVATION 2021.pdf,11
2021-11-09,25.0,6:00 am,31.0,2:15 pm,TEMPERATURE OBSERVATION 2021.pdf,11
2021-11-10,25.2,6:40 am,31.4,2:50 pm,TEMPERATURE OBSERVATION 2021.pdf,11
2021-11-11,25.3,6:15 am,31.2,2:00 pm,TEMPERATURE OBSERVATION 2021.pdf,11
2021-11-12,25.0,6:00 am,31.5,2:00 pm,TEMPERATURE OBSERVATION 2021.pdf,11
2021-11-13,24.5,6:30 am,31.0,2:20 pm,TEMPERATURE OBSERVATION 2021.pdf,11
2021-11-14,26.0,6:40 am,31.4,2:50 pm,TEMPERATURE OBSERVATION 2021.pdf,11
2021-11-15,24.0,7:30 am,31.0,2:30 pm,TEMPERATURE OBSERVATION 2021.pdf,11
2021-11-16,23.8,6:00 am,30.0,2:15 pm,TEMPERATURE OBSERVATION 2021.pdf,11
2021-11-17,24.8,6:30 am,30.4,2:50 pm,TEMPERATURE OBSERVATION 2021.pdf,11
2021-11-18,23.0,6:00 am,30.2,2:00 pm,TEMPERATURE OBSERVATION 2021.pdf,11
2021-11-19,24.0,6:45 am,31.0,2:10 pm,TEMPERATURE OBSERVATION 2021.pdf,11
2021-11-20,25.0,6:40 am,31.4,2:50 pm,TEMPERATURE OBSERVATION 2021.pdf,11
2021-11-21,24.0,6:00 am,31.2,2:30 pm,TEMPERATURE OBSERVATION 2021.pdf,11
2021-11-22,24.3,6:00 am,31.0,4:00 pm,TEMPERATURE OBSERVATION 2021.pdf,11
2021-11-23,24.0,6:00 am,31.4,2:10 pm,TEMPERATURE OBSERVATION 2021.pdf,11
2021-11-24,24.0,6:10 am,31.4,4:00 pm,TEMPERATURE OBSERVATION 2021.pdf,11
2021-11-25,24.2,6:00 am,31.2,2:00 pm,TEMPERATURE OBSERVATION 2021.pdf,11
2021-11-26,24.5,6:00 am,31.8,2:30 pm,TEMPERATURE OBSERVATION 2021.pdf,11
2021-11-27,25.2,6:30 am,31.5,2:40 pm,TEMPERATURE OBSERVATION 2021.pdf,11
2021-11-28,25.4,6:40 am,31.6,2:40 pm,TEMPERATURE OBSERVATION 2021.pdf,11
2021-11-29,25.2,6:00 am,32.2,2:00 pm,TEMPERATURE OBSERVATION 2021.pdf,11
2021-11-30,25.5,6:00 am,32.0,2:30 pm,TEMPERATURE OBSERVATION 2021.pdf,11
2021-12-01,24.0,6:15 am,31.0,2:30 pm,TEMPERATURE OBSERVATION 2021.pdf,12
2021-12-02,24.2,6:10 am,30.8,2:50 pm,TEMPERATURE OBSERVATION 2021.pdf,12
2021-12-03,24.4,6:00 am,29.7,1:00 pm,TEMPERATURE OBSERVATION 2021.pdf,12
2021-12-04,25.0,6:00 am,30.0,2:30 pm,TEMPERATURE OBSERVATION 2021.pdf,12
2021-12-05,24.6,6:30 am,31.0,2:20 pm,TEMPERATURE OBSERVATION 2021.pdf,12
2021-12-06,22.5,6:50 am,30.0,2:40 pm,TEMPERATURE OBSERVATION 2021.pdf,12
2021-12-07,24.0,6:30 am,30.5,2:00 pm,TEMPERATURE OBSERVATION 2021.pdf,12
2021-12-08,24.0,6:40 am,30.8,2:20 pm,TEMPERATURE OBSERVATION 2021.pdf,12
2021-12-09,23.5,6:50 am,30.0,2:10 pm,TEMPERATURE OBSERVATION 2021.pdf,12
2021-12-10,24.0,6:00 am,30.2,2:30 pm,TEMPERATURE OBSERVATION 2021.pdf,12
2021-12-11,24.6,6:30 am,30.5,2:40 pm,TEMPERATURE OBSERVATION 2021.pdf,12
2021-12-12,24.4,6:40 am,30.4,2:30 pm,TEMPERATURE OBSERVATION 2021.pdf,12
2021-12-13,24.4,6:00 am,31.0,2:15 pm,TEMPERATURE OBSERVATION 2021.pdf,12
2021-12-14,24.2,6:00 am,31.0,2:30 pm,TEMPERATURE OBSERVATION 2021.pdf,12
2021-12-15,23.8,6:30 am,30.0,2:15 pm,TEMPERATURE OBSERVATION 2021.pdf,12
2021-12-16,24.0,6:40 am,28.0,2:40 pm,TEMPERATURE OBSERVATION 2021.pdf,12
2021-12-17,23.4,6:30 am,28.2,3:00 pm,TEMPERATURE OBSERVATION 2021.pdf,12
2021-12-18,24.0,6:00 am,29.0,2:30 pm,TEMPERATURE OBSERVATION 2021.pdf,12
2021-12-19,24.6,6:15 am,31.0,2:00 pm,TEMPERATURE OBSERVATION 2021.pdf,12
2021-12-20,24.4,6:20 am,32.8,2:40 pm,TEMPERATURE OBSERVATION 2021.pdf,12
2021-12-21,24.2,6:30 am,32.6,2:30 pm,TEMPERATURE OBSERVATION 2021.pdf,12
2021-12-22,23.0,6:30 am,33.0,2:00 pm,TEMPERATURE OBSERVATION 2021.pdf,12
2021-12-23,23.6,6:20 am,32.5,2:10 pm,TEMPERATURE OBSERVATION 2021.pdf,12
2021-12-24,23.8,6:40 am,32.6,2:30 pm,TEMPERATURE OBSERVATION 2021.pdf,12
2021-12-25,23.8,6:30 am,32.5,2:30 pm,TEMPERATURE OBSERVATION 2021.pdf,12
2021-12-26,23.7,6:30 am,32.6,2:30 pm,TEMPERATURE OBSERVATION 2021.pdf,12
2021-12-27,23.8,6:00 am,31.2,12:00 pm,TEMPERATURE OBSERVATION 2021.pdf,12
2021-12-28,23.6,6:40 am,31.0,2:10 pm,TEMPERATURE OBSERVATION 2021.pdf,12
2021-12-29,23.5,6:30 am,29.6,2:00 pm,TEMPERATURE OBSERVATION 2021.pdf,12
2021-12-30,23.2,6:00 am,30.0,2:00 pm,TEMPERATURE OBSERVATION 2021.pdf,12
2021-12-31,23.0,6:10 am,29.5,2:20 pm,TEMPERATURE OBSERVATION 2021.pdf,12
2022-01-01,22.4,6:30 AM,30.6,2:40 PM,TEMPERATURE OBSERVATION 2022.pdf,1
2022-01-02,22.4,6:30 AM,30.0,2:00 PM,TEMPERATURE OBSERVATION 2022.pdf,1
2022-01-03,22.5,6:20 AM,30.6,2:30 PM,TEMPERATURE OBSERVATION 2022.pdf,1
2022-01-04,23.0,6:30 AM,30.0,2:15 PM,TEMPERATURE OBSERVATION 2022.pdf,1
2022-01-05,22.9,6:00 AM,30.2,2:00 PM,TEMPERATURE OBSERVATION 2022.pdf,1
2022-01-06,23.2,6:40 AM,29.8,2:50 PM,TEMPERATURE OBSERVATION 2022.pdf,1
2022-01-07,22.8,6:40 AM,30.4,2:00 PM,TEMPERATURE OBSERVATION 2022.pdf,1
2022-01-08,23.0,6:00 AM,30.6,2:30 PM,TEMPERATURE OBSERVATION 2022.pdf,1
2022-01-09,23.4,6:30 AM,30.4,2:40 PM,TEMPERATURE OBSERVATION 2022.pdf,1
2022-01-10,24.2,7:00 AM,30.6,2:00 PM,TEMPERATURE OBSERVATION 2022.pdf,1
2022-01-11,23.8,6:00 AM,30.6,3:00 PM,TEMPERATURE OBSERVATION 2022.pdf,1
2022-01-12,23.5,6:00 AM,30.4,2:10 PM,TEMPERATURE OBSERVATION 2022.pdf,1
2022-01-13,23.8,6:10 AM,26.0,1:00 PM,TEMPERATURE OBSERVATION 2022.pdf,1
2022-01-14,23.8,6:00 AM,29.0,2:00 PM,TEMPERATURE OBSERVATION 2022.pdf,1
2022-01-15,23.0,6:20 AM,29.6,1:50 PM,TEMPERATURE OBSERVATION 2022.pdf,1
2022-01-16,23.0,6:40 AM,29.8,2:30 PM,TEMPERATURE OBSERVATION 2022.pdf,1
2022-01-17,22.2,7:00 AM,29.7,3:00 PM,TEMPERATURE OBSERVATION 2022.pdf,1
2022-01-18,23.2,6:00 AM,29.8,1:30 PM,TEMPERATURE OBSERVATION 2022.pdf,1
2022-01-19,23.2,7:00 AM,30.5,6:10 PM,TEMPERATURE OBSERVATION 2022.pdf,1
2022-01-20,23.0,6:30 AM,31.0,2:30 PM,TEMPERATURE OBSERVATION 2022.pdf,1
2022-01-21,22.0,6:40 AM,30.8,2:50 PM,TEMPERATURE OBSERVATION 2022.pdf,1
2022-01-22,24.6,6:30 AM,31.0,2:30 PM,TEMPERATURE OBSERVATION 2022.pdf,1
2022-01-23,23.6,6:30 AM,31.0,2:00 PM,TEMPERATURE OBSERVATION 2022.pdf,1
2022-01-24,23.0,6:00 AM,31.2,2:30 PM,TEMPERATURE OBSERVATION 2022.pdf,1
2022-01-25,23.4,7:00 AM,31.4,2:00 PM,TEMPERATURE OBSERVATION 2022.pdf,1
2022-01-26,23.2,6:30 AM,31.6,2:00 PM,TEMPERATURE OBSERVATION 2022.pdf,1
2022-01-27,24.4,6:00 AM,32.4,2:00 PM,TEMPERATURE OBSERVATION 2022.pdf,1
2022-01-28,24.0,6:30 AM,31.8,2:30 PM,TEMPERATURE OBSERVATION 2022.pdf,1
2022-01-29,24.5,6:15 AM,31.4,2:20 PM,TEMPERATURE OBSERVATION 2022.pdf,1
2022-01-30,24.0,6:20 AM,31.6,2:50 PM,TEMPERATURE OBSERVATION 2022.pdf,1
2022-01-31,23.0,6:40 AM,31.6,2:50 PM,TEMPERATURE OBSERVATION 2022.pdf,1
2022-02-01,24.0,6:15 AM,31.0,2:15 PM,TEMPERATURE OBSERVATION 2022.pdf,2
2022-02-02,24.2,6:20 AM,31.2,2:50 PM,TEMPERATURE OBSERVATION 2022.pdf,2
2022-02-03,24.1,6:10 AM,32.5,2:20 PM,TEMPERATURE OBSERVATION 2022.pdf,2
2022-02-04,24.2,6:00 AM,32.2,2:30 PM,TEMPERATURE OBSERVATION 2022.pdf,2
2022-02-05,23.8,6:30 AM,31.0,2:15 PM,TEMPERATURE OBSERVATION 2022.pdf,2
2022-02-06,23.4,6:20 AM,31.2,2:50 PM,TEMPERATURE OBSERVATION 2022.pdf,2
2022-02-07,23.5,6:00 AM,31.7,2:40 PM,TEMPERATURE OBSERVATION 2022.pdf,2
2022-02-08,23.8,6:30 AM,31.6,2:30 PM,TEMPERATURE OBSERVATION 2022.pdf,2
2022-02-09,23.5,6:15 AM,31.4,2:20 PM,TEMPERATURE OBSERVATION 2022.pdf,2
2022-02-10,23.4,6:20 AM,31.6,2:50 PM,TEMPERATURE OBSERVATION 2022.pdf,2
2022-02-11,24.0,6:00 AM,31.8,2:30 PM,TEMPERATURE OBSERVATION 2022.pdf,2
2022-02-12,23.6,6:10 AM,31.2,2:40 PM,TEMPERATURE OBSERVATION 2022.pdf,2
2022-02-13,24.2,6:15 AM,33.2,2:30 PM,TEMPERATURE OBSERVATION 2022.pdf,2
2022-02-14,23.6,6:30 AM,33.0,2:30 PM,TEMPERATURE OBSERVATION 2022.pdf,2
2022-02-15,23.4,6:10 AM,32.3,2:30 PM,TEMPERATURE OBSERVATION 2022.pdf,2
2022-02-16,24.0,6:30 AM,32.6,2:50 PM,TEMPERATURE OBSERVATION 2022.pdf,2
2022-02-17,23.7,6:00 AM,32.9,3:30 PM,TEMPERATURE OBSERVATION 2022.pdf,2
2022-02-18,23.5,6:20 AM,30.0,2:30 PM,TEMPERATURE OBSERVATION 2022.pdf,2
2022-02-19,23.8,6:40 AM,31.2,2:20 PM,TEMPERATURE OBSERVATION 2022.pdf,2
2022-02-20,24.6,6:30 AM,33.8,2:40 PM,TEMPERATURE OBSERVATION 2022.pdf,2
2022-02-21,23.8,6:00 AM,33.2,2:10 PM,TEMPERATURE OBSERVATION 2022.pdf,2
2022-02-22,23.6,6:00 AM,31.4,2:40 PM,TEMPERATURE OBSERVATION 2022.pdf,2
2022-02-23,23.4,6:30 AM,31.8,2:30 PM,TEMPERATURE OBSERVATION 2022.pdf,2
2022-02-24,23.2,6:40 AM,31.8,2:40 PM,TEMPERATURE OBSERVATION 2022.pdf,2
2022-02-25,23.3,6:30 AM,32.2,2:30 PM,TEMPERATURE OBSERVATION 2022.pdf,2
2022-02-26,23.5,6:20 AM,31.0,2:50 PM,TEMPERATURE OBSERVATION 2022.pdf,2
2022-02-27,23.4,6:15 AM,32.3,2:40 PM,TEMPERATURE OBSERVATION 2022.pdf,2
2022-02-28,23.2,6:40 AM,32.4,2:30 PM,TEMPERATURE OBSERVATION 2022.pdf,2
2022-03-01,23.5,6:30 AM,32.6,2:00 PM,TEMPERATURE OBSERVATION 2022.pdf,3
2022-03-02,24.0,6:30 AM,32.4,2:20 PM,TEMPERATURE OBSERVATION 2022.pdf,3
2022-03-03,23.8,6:20 AM,32.8,2:30 PM,TEMPERATURE OBSERVATION 2022.pdf,3
2022-03-04,23.6,6:00 AM,32.2,2:00 PM,TEMPERATURE OBSERVATION 2022.pdf,3
2022-03-05,24.4,6:40 AM,32.8,2:40 PM,TEMPERATURE OBSERVATION 2022.pdf,3
2022-03-06,23.5,6:10 AM,32.6,2:30 PM,TEMPERATURE OBSERVATION 2022.pdf,3
2022-03-07,23.0,6:20 AM,30.4,2:20 PM,TEMPERATURE OBSERVATION 2022.pdf,3
2022-03-08,23.8,6:30 AM,30.8,2:30 PM,TEMPERATURE OBSERVATION 2022.pdf,3
2022-03-09,23.0,6:40 AM,30.6,2:20 PM,TEMPERATURE OBSERVATION 2022.pdf,3
2022-03-10,23.4,6:30 AM,30.5,2:30 PM,TEMPERATURE OBSERVATION 2022.pdf,3
2022-03-11,23.8,6:30 AM,31.0,2:00 PM,TEMPERATURE OBSERVATION 2022.pdf,3
2022-03-12,23.5,6:38 AM,32.0,2:25 PM,TEMPERATURE OBSERVATION 2022.pdf,3
2022-03-13,23.8,6:30 AM,32.0,2:30 PM,TEMPERATURE OBSERVATION 2022.pdf,3
2022-03-14,24.0,6:20 AM,32.4,2:40 PM,TEMPERATURE OBSERVATION 2022.pdf,3
2022-03-15,24.0,6:30 AM,32.0,2:30 PM,TEMPERATURE OBSERVATION 2022.pdf,3
2022-03-16,24.4,6:20 AM,32.6,2:40 PM,TEMPERATURE OBSERVATION 2022.pdf,3
2022-03-17,24.2,6:30 AM,32.2,2:30 PM,TEMPERATURE OBSERVATION 2022.pdf,3
2022-03-18,25.0,6:00 AM,32.4,2:15 PM,TEMPERATURE OBSERVATION 2022.pdf,3
2022-03-19,24.8,6:10 AM,33.0,2:40 PM,TEMPERATURE OBSERVATION 2022.pdf,3
2022-03-20,24.6,6:00 AM,33.2,2:30 PM,TEMPERATURE OBSERVATION 2022.pdf,3
2022-03-21,25.0,6:00 AM,33.6,1:30 PM,TEMPERATURE OBSERVATION 2022.pdf,3
2022-03-22,25.0,6:30 AM,33.4,1:30 PM,TEMPERATURE OBSERVATION 2022.pdf,3
2022-03-23,24.5,6:10 AM,34.3,1:20 PM,TEMPERATURE OBSERVATION 2022.pdf,3
2022-03-24,24.7,6:30 AM,33.8,2:00 PM,TEMPERATURE OBSERVATION 2022.pdf,3
2022-03-25,23.2,6:30 AM,33.6,2:30 PM,TEMPERATURE OBSERVATION 2022.pdf,3
2022-03-26,24.4,6:20 AM,33.5,2:40 PM,TEMPERATURE OBSERVATION 2022.pdf,3
2022-03-27,24.2,4:50 AM,31.3,3:00 PM,TEMPERATURE OBSERVATION 2022.pdf,3
2022-03-28,24.0,6:30 AM,32.0,1:10 PM,TEMPERATURE OBSERVATION 2022.pdf,3
2022-03-29,25.4,6:20 AM,33.6,1:20 PM,TEMPERATURE OBSERVATION 2022.pdf,3
2022-03-30,24.5,6:00 AM,33.8,1:00 PM,TEMPERATURE OBSERVATION 2022.pdf,3
2022-03-31,24.2,6:30 AM,33.4,2:00 PM,TEMPERATURE OBSERVATION 2022.pdf,3
2022-04-01,24.5,6:15 AM,32.8,2:40 PM,TEMPERATURE OBSERVATION 2022.pdf,4
2022-04-02,23.8,6:00 AM,32.2,2:00 PM,TEMPERATURE OBSERVATION 2022.pdf,4
2022-04-03,23.8,5:40 AM,32.0,2:30 PM,TEMPERATURE OBSERVATION 2022.pdf,4
2022-04-04,24.5,6:10 AM,31.0,11:30 AM,TEMPERATURE OBSERVATION 2022.pdf,4
2022-04-05,24.2,6:30 AM,31.4,2:30 PM,TEMPERATURE OBSERVATION 2022.pdf,4
2022-04-06,24.2,6:30 AM,30.4,2:10 PM,TEMPERATURE OBSERVATION 2022.pdf,4
2022-04-07,24.0,5:40 AM,29.5,2:40 PM,TEMPERATURE OBSERVATION 2022.pdf,4
2022-04-08,23.8,5:30 AM,29.2,2:20 PM,TEMPERATURE OBSERVATION 2022.pdf,4
2022-04-09,24.0,6:30 AM,29.0,2:10 PM,TEMPERATURE OBSERVATION 2022.pdf,4
2022-04-10,23.6,6:00 AM,28.6,2:00 PM,TEMPERATURE OBSERVATION 2022.pdf,4
2022-04-11,23.2,6:30 AM,28.0,2:20 PM,TEMPERATURE OBSERVATION 2022.pdf,4
2022-04-12,24.0,6:00 AM,28.4,2:00 PM,TEMPERATURE OBSERVATION 2022.pdf,4
2022-04-13,24.4,6:20 AM,28.8,2:30 PM,TEMPERATURE OBSERVATION 2022.pdf,4
2022-04-14,23.6,6:40 AM,30.2,2:00 PM,TEMPERATURE OBSERVATION 2022.pdf,4
2022-04-15,23.8,6:30 AM,30.6,2:30 PM,TEMPERATURE OBSERVATION 2022.pdf,4
2022-04-16,23.8,5:30 AM,31.4,1:40 PM,TEMPERATURE OBSERVATION 2022.pdf,4
2022-04-17,24.4,6:20 AM,32.0,2:30 PM,TEMPERATURE OBSERVATION 2022.pdf,4
2022-04-18,24.8,6:25 AM,32.2,2:40 PM,TEMPERATURE OBSERVATION 2022.pdf,4
2022-04-19,25.3,5:40 AM,31.8,1:50 PM,TEMPERATURE OBSERVATION 2022.pdf,4
2022-04-20,25.0,6:15 AM,32.3,2:40 PM,TEMPERATURE OBSERVATION 2022.pdf,4
2022-04-21,25.0,6:20 AM,32.5,2:30 PM,TEMPERATURE OBSERVATION 2022.pdf,4
2022-04-22,24.8,5:40 AM,33.0,2:10 PM,TEMPERATURE OBSERVATION 2022.pdf,4
2022-04-23,25.0,6:35 AM,33.0,2:30 PM,TEMPERATURE OBSERVATION 2022.pdf,4
2022-04-24,25.1,5:00 AM,32.5,1:30 PM,TEMPERATURE OBSERVATION 2022.pdf,4
2022-04-25,25.6,6:00 AM,33.8,2:00 PM,TEMPERATURE OBSERVATION 2022.pdf,4
2022-04-26,24.6,6:00 AM,32.5,1:40 PM,TEMPERATURE OBSERVATION 2022.pdf,4
2022-04-27,25.0,6:30 AM,33.0,2:50 PM,TEMPERATURE OBSERVATION 2022.pdf,4
2022-04-28,25.5,6:00 AM,32.8,2:30 PM,TEMPERATURE OBSERVATION 2022.pdf,4
2022-04-29,25.2,6:15 AM,33.2,2:10 PM,TEMPERATURE OBSERVATION 2022.pdf,4
2022-04-30,25.0,6:30 AM,33.2,2:30 PM,TEMPERATURE OBSERVATION 2022.pdf,4
2022-05-01,24.5,5:30 AM,33.3,2:30 PM,TEMPERATURE OBSERVATION 2022.pdf,5
2022-05-02,23.8,6:30 AM,33.4,2:30 PM,TEMPERATURE OBSERVATION 2022.pdf,5
2022-05-03,23.2,6:30 AM,33.0,2:40 PM,TEMPERATURE OBSERVATION 2022.pdf,5
2022-05-04,23.9,5:40 AM,33.5,1:20 PM,TEMPERATURE OBSERVATION 2022.pdf,5
2022-05-05,25.4,5:50 AM,34.1,12:50 PM,TEMPERATURE OBSERVATION 2022.pdf,5
2022-05-06,24.8,5:30 AM,33.8,2:30 PM,TEMPERATURE OBSERVATION 2022.pdf,5
2022-05-07,25.7,5:00 AM,34.0,2:20 PM,TEMPERATURE OBSERVATION 2022.pdf,5
2022-05-08,25.5,9:20 PM,34.1,3:00 PM,TEMPERATURE OBSERVATION 2022.pdf,5
2022-05-09,25.4,5:30 AM,33.8,2:40 PM,TEMPERATURE OBSERVATION 2022.pdf,5
2022-05-10,24.4,5:10 AM,34.2,1:30 PM,TEMPERATURE OBSERVATION 2022.pdf,5
2022-05-11,25.3,5:10 AM,33.7,12:30 PM,TEMPERATURE OBSERVATION 2022.pdf,5
2022-05-12,25.0,6:00 AM,34.0,1:20 PM,TEMPERATURE OBSERVATION 2022.pdf,5
2022-05-13,24.6,5:30 AM,34.4,12:40 PM,TEMPERATURE OBSERVATION 2022.pdf,5
2022-05-14,24.0,6:30 AM,32.4,1:10 PM,TEMPERATURE OBSERVATION 2022.pdf,5
2022-05-15,24.0,6:40 AM,32.0,1:40 PM,TEMPERATURE OBSERVATION 2022.pdf,5
2022-05-16,23.5,4:40 AM,33.6,3:00 PM,TEMPERATURE OBSERVATION 2022.pdf,5
2022-05-17,24.5,3:20 AM,33.7,2:30 PM,TEMPERATURE OBSERVATION 2022.pdf,5
2022-05-18,24.4,5:40 AM,33.3,2:35 PM,TEMPERATURE OBSERVATION 2022.pdf,5
2022-05-19,24.0,3:00 AM,34.2,1:20 PM,TEMPERATURE OBSERVATION 2022.pdf,5
2022-05-20,24.2,4:20 AM,34.5,1:40 PM,TEMPERATURE OBSERVATION 2022.pdf,5
2022-05-21,24.2,5:30 AM,31.4,12:00 PM,TEMPERATURE OBSERVATION 2022.pdf,5
2022-05-22,24.3,2:50 AM,30.5,12:40 PM,TEMPERATURE OBSERVATION 2022.pdf,5
2022-05-23,24.8,4:10 AM,32.8,2:40 PM,TEMPERATURE OBSERVATION 2022.pdf,5
2022-05-24,25.3,4:40 AM,33.0,2:15 PM,TEMPERATURE OBSERVATION 2022.pdf,5
2022-05-25,23.6,3:00 AM,34.1,2:40 PM,TEMPERATURE OBSERVATION 2022.pdf,5
2022-05-26,22.7,6:10 AM,33.2,12:00 PM,TEMPERATURE OBSERVATION 2022.pdf,5
2022-05-27,24.4,6:00 AM,32.8,2:30 PM,TEMPERATURE OBSERVATION 2022.pdf,5
2022-05-28,24.3,5:00 AM,30.0,1:10 PM,TEMPERATURE OBSERVATION 2022.pdf,5
2022-05-29,24.3,4:40 AM,32.1,1:20 PM,TEMPERATURE OBSERVATION 2022.pdf,5
2022-05-30,24.6,6:18 AM,31.9,2:15 PM,TEMPERATURE OBSERVATION 2022.pdf,5
2022-05-31,24.3,4:10 AM,31.8,1:30 PM,TEMPERATURE OBSERVATION 2022.pdf,5
2022-06-01,24.4,4:20 AM,32.6,1:20 PM,TEMPERATURE OBSERVATION 2022.pdf,6
2022-06-02,24.0,6:00 AM,32.3,2:40 PM,TEMPERATURE OBSERVATION 2022.pdf,6
2022-06-03,23.0,5:40 AM,33.8,2:10 PM,TEMPERATURE OBSERVATION 2022.pdf,6
2022-06-04,23.2,5:50 AM,33.6,1:50 PM,TEMPERATURE OBSERVATION 2022.pdf,6
2022-06-05,24.0,6:00 AM,31.4,2:20 PM,TEMPERATURE OBSERVATION 2022.pdf,6
2022-06-06,23.6,5:20 AM,32.5,1:40 PM,TEMPERATURE OBSERVATION 2022.pdf,6
2022-06-07,23.9,5:15 AM,32.8,2:10 PM,TEMPERATURE OBSERVATION 2022.pdf,6
2022-06-08,24.0,5:10 AM,32.7,1:40 PM,TEMPERATURE OBSERVATION 2022.pdf,6
2022-06-09,24.1,5:40 AM,33.8,3:10 PM,TEMPERATURE OBSERVATION 2022.pdf,6
2022-06-10,23.9,5:30 AM,34.2,1:50 PM,TEMPERATURE OBSERVATION 2022.pdf,6
2022-06-11,23.5,5:36 AM,33.3,2:10 PM,TEMPERATURE OBSERVATION 2022.pdf,6
2022-06-12,23.4,5:20 AM,33.1,1:40 PM,TEMPERATURE OBSERVATION 2022.pdf,6
2022-06-13,24.5,5:40 AM,33.7,1:30 PM,TEMPERATURE OBSERVATION 2022.pdf,6
2022-06-14,24.0,5:00 AM,33.2,2:00 PM,TEMPERATURE OBSERVATION 2022.pdf,6
2022-06-15,23.2,5:50 AM,33.0,1:50 PM,TEMPERATURE OBSERVATION 2022.pdf,6
2022-06-16,24.1,5:30 AM,34.1,2:20 PM,TEMPERATURE OBSERVATION 2022.pdf,6
2022-06-17,25.2,6:15 AM,33.5,2:10 PM,TEMPERATURE OBSERVATION 2022.pdf,6
2022-06-18,24.5,6:00 AM,34.6,12:50 PM,TEMPERATURE OBSERVATION 2022.pdf,6
2022-06-19,24.5,6:00 AM,33.5,1:20 PM,TEMPERATURE OBSERVATION 2022.pdf,6
2022-06-20,24.5,6:30 AM,32.8,2:50 PM,TEMPERATURE OBSERVATION 2022.pdf,6
2022-06-21,23.5,5:50 AM,27.2,4:20 PM,TEMPERATURE OBSERVATION 2022.pdf,6
2022-06-22,23.5,5:50 AM,32.3,1:00 PM,TEMPERATURE OBSERVATION 2022.pdf,6
2022-06-23,24.7,5:40 AM,33.4,1:40 PM,TEMPERATURE OBSERVATION 2022.pdf,6
2022-06-24,24.9,4:30 AM,33.4,1:40 PM,TEMPERATURE OBSERVATION 2022.pdf,6
2022-06-25,24.7,5:30 AM,32.8,1:40 PM,TEMPERATURE OBSERVATION 2022.pdf,6
2022-06-26,24.0,5:40 AM,33.6,2:20 PM,TEMPERATURE OBSERVATION 2022.pdf,6
2022-06-27,24.0,5:10 AM,30.0,4:00 PM,TEMPERATURE OBSERVATION 2022.pdf,6
2022-06-28,24.1,2:10 AM,28.7,10:20 AM,TEMPERATURE OBSERVATION 2022.pdf,6
2022-06-29,23.6,4:20 AM,29.5,1:15 PM,TEMPERATURE OBSERVATION 2022.pdf,6
2022-06-30,23.8,6:00 AM,31.3,3:10 PM,TEMPERATURE OBSERVATION 2022.pdf,6
2022-07-01,24.1,5:40 AM,31.2,12:50 PM,TEMPERATURE OBSERVATION 2022.pdf,7
2022-07-02,24.0,5:20 AM,32.4,1:30 PM,TEMPERATURE OBSERVATION 2022.pdf,7
2022-07-03,25.2,5:50 AM,33.2,2:10 PM,TEMPERATURE OBSERVATION 2022.pdf,7
2022-07-04,25.3,5:50 AM,31.6,12:30 PM,TEMPERATURE OBSERVATION 2022.pdf,7
2022-07-05,25.0,6:00 AM,30.8,2:40 PM,TEMPERATURE OBSERVATION 2022.pdf,7
2022-07-06,23.7,5:50 AM,29.9,1:30 PM,TEMPERATURE OBSERVATION 2022.pdf,7
2022-07-07,23.8,5:50 AM,31.2,2:30 PM,TEMPERATURE OBSERVATION 2022.pdf,7
2022-07-08,24.2,5:30 AM,30.4,2:00 PM,TEMPERATURE OBSERVATION 2022.pdf,7
2022-07-09,24.3,4:20 AM,30.8,1:00 PM,TEMPERATURE OBSERVATION 2022.pdf,7
2022-07-10,24.4,6:10 AM,31.0,11:50 AM,TEMPERATURE OBSERVATION 2022.pdf,7
2022-07-11,24.0,6:00 AM,30.2,2:15 PM,TEMPERATURE OBSERVATION 2022.pdf,7
2022-07-12,24.1,4:10 AM,30.3,3:00 PM,TEMPERATURE OBSERVATION 2022.pdf,7
2022-07-13,24.2,6:20 AM,31.6,12:20 PM,TEMPERATURE OBSERVATION 2022.pdf,7
2022-07-14,25.2,6:10 AM,31.3,2:15 PM,TEMPERATURE OBSERVATION 2022.pdf,7
2022-07-15,24.7,4:30 AM,32.0,1:20 PM,TEMPERATURE OBSERVATION 2022.pdf,7
2022-07-16,24.8,4:30 AM,31.9,12:40 PM,TEMPERATURE OBSERVATION 2022.pdf,7
2022-07-17,24.0,6:15 AM,30.6,2:00 PM,TEMPERATURE OBSERVATION 2022.pdf,7
2022-07-18,24.0,4:40 AM,30.8,2:20 PM,TEMPERATURE OBSERVATION 2022.pdf,7
2022-07-19,24.0,4:50 AM,31.3,2:10 PM,TEMPERATURE OBSERVATION 2022.pdf,7
2022-07-20,23.9,4:50 AM,33.1,2:20 PM,TEMPERATURE OBSERVATION 2022.pdf,7
2022-07-21,24.6,6:30 AM,30.0,2:30 PM,TEMPERATURE OBSERVATION 2022.pdf,7
2022-07-22,24.1,5:50 AM,31.3,2:10 PM,TEMPERATURE OBSERVATION 2022.pdf,7
2022-07-23,24.0,6:15 AM,31.0,2:20 PM,TEMPERATURE OBSERVATION 2022.pdf,7
2022-07-24,24.1,6:20 AM,31.1,12:40 PM,TEMPERATURE OBSERVATION 2022.pdf,7
2022-07-25,24.4,6:10 AM,31.6,2:00 PM,TEMPERATURE OBSERVATION 2022.pdf,7
2022-07-26,24.2,6:00 AM,31.4,2:10 PM,TEMPERATURE OBSERVATION 2022.pdf,7
2022-07-27,25.0,4:50 AM,32.8,2:30 PM,TEMPERATURE OBSERVATION 2022.pdf,7
2022-07-28,24.0,6:15 AM,32.6,2:40 PM,TEMPERATURE OBSERVATION 2022.pdf,7
2022-07-29,23.8,4:30 AM,31.5,1:50 PM,TEMPERATURE OBSERVATION 2022.pdf,7
2022-07-30,23.5,4:15 AM,31.0,4:30 PM,TEMPERATURE OBSERVATION 2022.pdf,7
2022-07-31,24.7,4:35 AM,32.4,3:30 PM,TEMPERATURE OBSERVATION 2022.pdf,7
2022-08-01,24.0,6:10 AM,32.2,2:15 PM,TEMPERATURE OBSERVATION 2022.pdf,8
2022-08-02,24.5,6:00 AM,32.8,2:10 PM,TEMPERATURE OBSERVATION 2022.pdf,8
2022-08-03,24.5,6:30 AM,33.5,2:50 PM,TEMPERATURE OBSERVATION 2022.pdf,8
2022-08-04,23.6,2:40 AM,30.6,1:20 PM,TEMPERATURE OBSERVATION 2022.pdf,8
2022-08-05,24.0,5:20 AM,30.8,2:30 PM,TEMPERATURE OBSERVATION 2022.pdf,8
2022-08-06,24.2,4:35 AM,31.0,2:18 PM,TEMPERATURE OBSERVATION 2022.pdf,8
2022-08-07,23.2,2:00 AM,29.1,1:50 PM,TEMPERATURE OBSERVATION 2022.pdf,8
2022-08-08,23.8,2:40 AM,31.2,2:00 PM,TEMPERATURE OBSERVATION 2022.pdf,8
2022-08-09,24.6,3:30 AM,30.6,2:15 PM,TEMPERATURE OBSERVATION 2022.pdf,8
2022-08-10,23.3,6:00 AM,32.6,2:10 PM,TEMPERATURE OBSERVATION 2022.pdf,8
2022-08-11,24.1,5:50 AM,32.8,2:10 PM,TEMPERATURE OBSERVATION 2022.pdf,8
2022-08-12,23.8,6:15 AM,32.5,2:30 PM,TEMPERATURE OBSERVATION 2022.pdf,8
2022-08-13,23.4,6:00 AM,32.3,1:00 PM,TEMPERATURE OBSERVATION 2022.pdf,8
2022-08-14,24.8,3:00 AM,27.8,3:00 PM,TEMPERATURE OBSERVATION 2022.pdf,8
2022-08-15,24.6,5:15 AM,31.2,2:40 PM,TEMPERATURE OBSERVATION 2022.pdf,8
2022-08-16,23.7,4:00 AM,31.4,3:00 PM,TEMPERATURE OBSERVATION 2022.pdf,8
2022-08-17,24.1,5:00 AM,31.4,11:20 AM,TEMPERATURE OBSERVATION 2022.pdf,8
2022-08-18,24.2,6:10 AM,31.9,1:30 PM,TEMPERATURE OBSERVATION 2022.pdf,8
2022-08-19,24.5,6:20 AM,30.5,12:40 PM,TEMPERATURE OBSERVATION 2022.pdf,8
2022-08-20,24.5,6:10 AM,32.3,3:00 PM,TEMPERATURE OBSERVATION 2022.pdf,8
2022-08-21,24.0,6:20 AM,32.0,2:30 PM,TEMPERATURE OBSERVATION 2022.pdf,8
2022-08-22,25.1,10:00 AM,27.7,4:00 PM,TEMPERATURE OBSERVATION 2022.pdf,8
2022-08-23,24.0,4:40 AM,29.9,3:30 PM,TEMPERATURE OBSERVATION 2022.pdf,8
2022-08-24,23.9,6:00 AM,33.7,2:00 PM,TEMPERATURE OBSERVATION 2022.pdf,8
2022-08-25,24.1,5:00 AM,33.1,2:00 PM,TEMPERATURE OBSERVATION 2022.pdf,8
2022-08-26,24.4,6:16 AM,31.4,11:00 AM,TEMPERATURE OBSERVATION 2022.pdf,8
2022-08-27,25.0,5:20 AM,32.0,2:30 PM,TEMPERATURE OBSERVATION 2022.pdf,8
2022-08-28,24.8,5:40 AM,32.9,2:40 PM,TEMPERATURE OBSERVATION 2022.pdf,8
2022-08-29,23.1,6:00 AM,32.7,12:40 PM,TEMPERATURE OBSERVATION 2022.pdf,8
2022-08-30,23.0,6:00 AM,33.8,2:00 PM,TEMPERATURE OBSERVATION 2022.pdf,8
2022-08-31,24.4,5:10 AM,33.2,1:10 PM,TEMPERATURE OBSERVATION 2022.pdf,8
2022-09-01,26.6,6:00 AM,31.4,2:00 PM,TEMPERATURE OBSERVATION 2022.pdf,9
2022-09-02,24.4,5:50 AM,31.0,12:00 PM,TEMPERATURE OBSERVATION 2022.pdf,9
2022-09-03,25.1,5:50 AM,30.7,1:50 PM,TEMPERATURE OBSERVATION 2022.pdf,9
2022-09-04,24.8,6:10 AM,31.8,1:00 PM,TEMPERATURE OBSERVATION 2022.pdf,9
2022-09-05,24.4,6:10 AM,31.2,2:30 PM,TEMPERATURE OBSERVATION 2022.pdf,9
2022-09-06,24.0,4:30 AM,30.7,2:20 PM,TEMPERATURE OBSERVATION 2022.pdf,9
2022-09-07,24.5,6:40 AM,33.0,3:20 PM,TEMPERATURE OBSERVATION 2022.pdf,9
2022-09-08,24.0,6:15 AM,32.6,12:40 PM,TEMPERATURE OBSERVATION 2022.pdf,9
2022-09-09,23.9,5:40 AM,31.3,12:20 PM,TEMPERATURE OBSERVATION 2022.pdf,9
2022-09-10,23.6,5:50 AM,31.1,1:50 PM,TEMPERATURE OBSERVATION 2022.pdf,9
2022-09-11,24.6,6:00 AM,32.8,2:30 PM,TEMPERATURE OBSERVATION 2022.pdf,9
2022-09-12,23.0,5:10 AM,32.4,10:50 AM,TEMPERATURE OBSERVATION 2022.pdf,9
2022-09-13,25.6,1:00 AM,32.3,1:30 PM,TEMPERATURE OBSERVATION 2022.pdf,9
2022-09-14,25.4,5:00 AM,32.5,2:15 PM,TEMPERATURE OBSERVATION 2022.pdf,9
2022-09-15,24.7,4:00 AM,30.9,11:00 AM,TEMPERATURE OBSERVATION 2022.pdf,9
2022-09-16,24.0,1:30 AM,28.2,3:00 PM,TEMPERATURE OBSERVATION 2022.pdf,9
2022-09-17,24.3,6:15 AM,30.3,2:45 PM,TEMPERATURE OBSERVATION 2022.pdf,9
2022-09-18,24.7,5:40 AM,31.4,3:30 PM,TEMPERATURE OBSERVATION 2022.pdf,9
2022-09-19,24.1,4:50 AM,31.7,12:50 PM,TEMPERATURE OBSERVATION 2022.pdf,9
2022-09-20,24.0,5:20 AM,32.2,11:10 AM,TEMPERATURE OBSERVATION 2022.pdf,9
2022-09-21,23.4,6:00 AM,32.8,11:40 AM,TEMPERATURE OBSERVATION 2022.pdf,9
2022-09-22,24.6,5:20 AM,32.6,1:00 PM,TEMPERATURE OBSERVATION 2022.pdf,9
2022-09-23,25.0,6:10 AM,32.2,12:30 PM,TEMPERATURE OBSERVATION 2022.pdf,9
2022-09-24,23.5,5:50 AM,32.0,11:50 PM,TEMPERATURE OBSERVATION 2022.pdf,9
2022-09-25,23.7,3:30 AM,31.2,12:50 PM,TEMPERATURE OBSERVATION 2022.pdf,9
2022-09-26,24.0,4:20 AM,30.4,1:15 PM,TEMPERATURE OBSERVATION 2022.pdf,9
2022-09-27,24.1,4:20 AM,30.0,2:00 PM,TEMPERATURE OBSERVATION 2022.pdf,9
2022-09-28,25.0,6:30 AM,29.8,2:30 PM,TEMPERATURE OBSERVATION 2022.pdf,9
2022-09-29,24.5,6:00 AM,32.0,3:00 PM,TEMPERATURE OBSERVATION 2022.pdf,9
2022-09-30,23.1,4:00 AM,30.9,2:20 PM,TEMPERATURE OBSERVATION 2022.pdf,9
2022-10-01,24.7,5:40 AM,32.7,12:40 PM,TEMPERATURE OBSERVATION 2022.pdf,10
2022-10-02,24.8,5:40 AM,33.4,1:50 PM,TEMPERATURE OBSERVATION 2022.pdf,10
2022-10-03,24.0,6:00 AM,31.5,12:00 PM,TEMPERATURE OBSERVATION 2022.pdf,10
2022-10-04,24.2,6:00 AM,33.0,1:10 PM,TEMPERATURE OBSERVATION 2022.pdf,10
2022-10-05,23.4,5:10 AM,31.5,11:00 AM,TEMPERATURE OBSERVATION 2022.pdf,10
2022-10-06,24.5,5:50 AM,31.6,1:00 PM,TEMPERATURE OBSERVATION 2022.pdf,10
2022-10-07,24.7,5:40 AM,31.9,1:10 PM,TEMPERATURE OBSERVATION 2022.pdf,10
2022-10-08,23.4,6:15 AM,31.0,2:20 PM,TEMPERATURE OBSERVATION 2022.pdf,10
2022-10-09,23.4,6:10 AM,32.0,2:00 PM,TEMPERATURE OBSERVATION 2022.pdf,10
2022-10-10,23.8,4:20 AM,32.2,12:00 PM,TEMPERATURE OBSERVATION 2022.pdf,10
2022-10-11,23.5,5:40 AM,32.6,12:00 PM,TEMPERATURE OBSERVATION 2022.pdf,10
2022-10-12,23.5,5:50 AM,31.6,12:00 PM,TEMPERATURE OBSERVATION 2022.pdf,10
2022-10-13,24.2,5:30 AM,31.1,12:00 PM,TEMPERATURE OBSERVATION 2022.pdf,10
2022-10-14,23.6,6:00 AM,31.7,11:50 AM,TEMPERATURE OBSERVATION 2022.pdf,10
2022-10-15,24.4,5:40 AM,32.2,2:30 PM,TEMPERATURE OBSERVATION 2022.pdf,10
2022-10-16,23.7,4:20 AM,31.0,12:20 PM,TEMPERATURE OBSERVATION 2022.pdf,10
2022-10-17,24.8,6:00 AM,30.0,10:30 AM,TEMPERATURE OBSERVATION 2022.pdf,10
2022-10-18,23.5,5:20 AM,30.6,12:30 PM,TEMPERATURE OBSERVATION 2022.pdf,10
2022-10-19,24.3,5:00 AM,31.4,1:00 PM,TEMPERATURE OBSERVATION 2022.pdf,10
2022-10-20,23.7,5:10 AM,27.7,4:00 PM,TEMPERATURE OBSERVATION 2022.pdf,10
2022-10-21,24.7,6:00 AM,32.9,1:50 PM,TEMPERATURE OBSERVATION 2022.pdf,10
2022-10-22,24.7,6:00 AM,33.6,2:00 PM,TEMPERATURE OBSERVATION 2022.pdf,10
2022-10-23,24.7,6:10 AM,31.7,2:00 PM,TEMPERATURE OBSERVATION 2022.pdf,10
2022-10-24,23.9,5:50 AM,32.4,11:50 AM,TEMPERATURE OBSERVATION 2022.pdf,10
2022-10-25,24.2,4:30 AM,31.0,11:20 AM,TEMPERATURE OBSERVATION 2022.pdf,10
2022-10-26,24.6,5:10 AM,28.8,10:20 AM,TEMPERATURE OBSERVATION 2022.pdf,10
2022-10-27,24.6,5:10 AM,30.6,12:10 PM,TEMPERATURE OBSERVATION 2022.pdf,10
2022-10-28,24.8,1:50 AM,26.7,2:10 PM,TEMPERATURE OBSERVATION 2022.pdf,10
2022-10-29,23.9,2:40 AM,29.6,12:30 PM,TEMPERATURE OBSERVATION 2022.pdf,10
2022-10-30,24.6,5:00 AM,24.9,10:50 AM,TEMPERATURE OBSERVATION 2022.pdf,10
2022-10-31,25.0,4:00 AM,30.0,1:30 PM,TEMPERATURE OBSERVATION 2022.pdf,10
2022-11-01,25.2,5:30 AM,30.1,3:00 PM,TEMPERATURE OBSERVATION 2022.pdf,11
2022-11-02,23.4,5:30 AM,32.1,1:10 PM,TEMPERATURE OBSERVATION 2022.pdf,11
2022-11-03,24.2,3:50 AM,32.5,1:20 PM,TEMPERATURE OBSERVATION 2022.pdf,11
2022-11-04,25.7,6:30 AM,33.0,2:30 AM,TEMPERATURE OBSERVATION 2022.pdf,11
2022-11-05,24.4,5:50 AM,32.3,12:50 PM,TEMPERATURE OBSERVATION 2022.pdf,11
2022-11-06,25.2,6:00 AM,32.4,1:40 PM,TEMPERATURE OBSERVATION 2022.pdf,11
2022-11-07,25.2,5:50 AM,32.6,1:50 PM,TEMPERATURE OBSERVATION 2022.pdf,11
2022-11-08,24.7,7:40 AM,31.3,11:40 AM,TEMPERATURE OBSERVATION 2022.pdf,11
2022-11-09,24.2,12:20 AM,33.2,2:00 PM,TEMPERATURE OBSERVATION 2022.pdf,11
2022-11-10,24.7,7:00 AM,32.0,11:40 AM,TEMPERATURE OBSERVATION 2022.pdf,11
2022-11-11,35.0,5:40 AM,32.1,12:00 PM,TEMPERATURE OBSERVATION 2022.pdf,11
2022-11-12,25.2,6:00 AM,32.6,2:30 PM,TEMPERATURE OBSERVATION 2022.pdf,11
2022-11-13,25.0,6:00 AM,32.0,2:00 PM,TEMPERATURE OBSERVATION 2022.pdf,11
2022-11-14,25.2,6:30 AM,32.0,2:10 PM,TEMPERATURE OBSERVATION 2022.pdf,11
2022-11-15,25.2,6:30 AM,32.1,3:00 PM,TEMPERATURE OBSERVATION 2022.pdf,11
2022-11-16,25.2,12:00 AM,32.4,2:10 PM,TEMPERATURE OBSERVATION 2022.pdf,11
2022-11-17,25.0,5:40 AM,32.5,2:00 PM,TEMPERATURE OBSERVATION 2022.pdf,11
2022-11-18,24.7,6:00 AM,28.0,2:30 PM,TEMPERATURE OBSERVATION 2022.pdf,11
2022-11-19,24.7,6:50 AM,29.7,12:10 PM,TEMPERATURE OBSERVATION 2022.pdf,11
2022-11-20,25.0,6:00 AM,31.0,12:00 PM,TEMPERATURE OBSERVATION 2022.pdf,11
2022-11-21,23.8,6:10 AM,32.4,12:50 PM,TEMPERATURE OBSERVATION 2022.pdf,11
2022-11-22,24.7,6:00 AM,32.4,2:40 PM,TEMPERATURE OBSERVATION 2022.pdf,11
2022-11-23,24.7,5:40 AM,32.9,2:10 PM,TEMPERATURE OBSERVATION 2022.pdf,11
2022-11-24,25.5,6:10 AM,31.3,2:30 PM,TEMPERATURE OBSERVATION 2022.pdf,11
2022-11-25,25.2,6:00 AM,31.7,1:20 PM,TEMPERATURE OBSERVATION 2022.pdf,11
2022-11-26,24.5,5:40 AM,32.0,2:30 PM,TEMPERATURE OBSERVATION 2022.pdf,11
2022-11-27,24.8,5:50 AM,31.5,12:30 PM,TEMPERATURE OBSERVATION 2022.pdf,11
2022-11-28,24.8,6:20 AM,32.3,3:50 PM,TEMPERATURE OBSERVATION 2022.pdf,11
2022-11-29,25.8,5:40 AM,32.8,1:50 PM,TEMPERATURE OBSERVATION 2022.pdf,11
2022-11-30,21.6,3:30 AM,31.4,1:50 PM,TEMPERATURE OBSERVATION 2022.pdf,11
2022-12-01,25.2,5:20 AM,32.9,1:30 PM,TEMPERATURE OBSERVATION 2022.pdf,12
2022-12-02,24.8,6:10 AM,31.5,12:30 PM,TEMPERATURE OBSERVATION 2022.pdf,12
2022-12-03,24.8,6:00 AM,31.9,1:10 PM,TEMPERATURE OBSERVATION 2022.pdf,12
2022-12-04,25.6,6:20 AM,33.0,1:10 PM,TEMPERATURE OBSERVATION 2022.pdf,12
2022-12-05,24.7,4:20 AM,30.5,3:40 PM,TEMPERATURE OBSERVATION 2022.pdf,12
2022-12-06,23.8,7:00 AM,32.0,2:10 PM,TEMPERATURE OBSERVATION 2022.pdf,12
2022-12-07,23.9,6:10 AM,31.6,1:00 PM,TEMPERATURE OBSERVATION 2022.pdf,12
2022-12-08,23.5,6:20 AM,30.7,12:50 PM,TEMPERATURE OBSERVATION 2022.pdf,12
2022-12-09,24.0,6:00 AM,29.5,12:50 PM,TEMPERATURE OBSERVATION 2022.pdf,12
2022-12-10,23.5,5:20 AM,29.2,12:00 PM,TEMPERATURE OBSERVATION 2022.pdf,12
2022-12-11,23.8,5:50 AM,30.4,1:10 PM,TEMPERATURE OBSERVATION 2022.pdf,12
2022-12-12,24.4,6:10 AM,31.0,12:30 PM,TEMPERATURE OBSERVATION 2022.pdf,12
2022-12-13,24.5,2:40 AM,30.2,1:00 PM,TEMPERATURE OBSERVATION 2022.pdf,12
2022-12-14,25.1,3:30 AM,32.0,1:00 PM,TEMPERATURE OBSERVATION 2022.pdf,12
2022-12-15,25.1,5:50 AM,32.0,12:00 PM,TEMPERATURE OBSERVATION 2022.pdf,12
2022-12-16,25.2,5:40 AM,32.4,12:00 PM,TEMPERATURE OBSERVATION 2022.pdf,12
2022-12-17,24.9,6:00 AM,32.1,12:10 PM,TEMPERATURE OBSERVATION 2022.pdf,12
2022-12-18,22.8,2:50 AM,30.4,10:50 AM,TEMPERATURE OBSERVATION 2022.pdf,12
2022-12-19,24.0,5:50 AM,29.4,2:00 PM,TEMPERATURE OBSERVATION 2022.pdf,12
2022-12-20,24.7,4:00 AM,30.1,12:30 PM,TEMPERATURE OBSERVATION 2022.pdf,12
2022-12-21,23.5,6:00 AM,30.5,1:40 PM,TEMPERATURE OBSERVATION 2022.pdf,12
2022-12-22,23.9,6:50 AM,29.5,1:50 PM,TEMPERATURE OBSERVATION 2022.pdf,12
2022-12-23,23.2,5:30 AM,27.7,1:20 PM,TEMPERATURE OBSERVATION 2022.pdf,12
2022-12-24,23.2,1:30 AM,26.9,1:10 PM,TEMPERATURE OBSERVATION 2022.pdf,12
2022-12-25,22.4,4:40 AM,27.6,12:00 PM,TEMPERATURE OBSERVATION 2022.pdf,12
2022-12-26,23.0,6:10 AM,26.8,12:20 PM,TEMPERATURE OBSERVATION 2022.pdf,12
2022-12-27,23.0,5:40 AM,29.6,12:30 PM,TEMPERATURE OBSERVATION 2022.pdf,12
2022-12-28,23.4,6:00 AM,26.8,12:00 PM,TEMPERATURE OBSERVATION 2022.pdf,12
2022-12-29,23.5,5:50 AM,29.6,12:50 PM,TEMPERATURE OBSERVATION 2022.pdf,12
2022-12-30,24.0,3:30 AM,31.7,3:20 PM,TEMPERATURE OBSERVATION 2022.pdf,12
2022-12-31,25.0,5:00 AM,31.5,2:00 PM,TEMPERATURE OBSERVATION 2022.pdf,12
2023-01-01,25.0,6:30 AM,32.0,2:20 PM,TEMPERATURE OBSERVATION 2023.pdf,1
2023-01-02,23.2,7:10 AM,32.0,2:30 PM,TEMPERATURE OBSERVATION 2023.pdf,1
2023-01-03,23.5,5:40 AM,28.2,1:50 PM,TEMPERATURE OBSERVATION 2023.pdf,1
2023-01-04,23.7,4:40 AM,26.5,3:30 PM,TEMPERATURE OBSERVATION 2023.pdf,1
2023-01-05,24.3,2:20 AM,31.1,1:50 PM,TEMPERATURE OBSERVATION 2023.pdf,1
2023-01-06,23.1,1:10 AM,32.0,1:00 PM,TEMPERATURE OBSERVATION 2023.pdf,1
2023-01-07,23.9,5:50 AM,30.1,2:30 PM,TEMPERATURE OBSERVATION 2023.pdf,1
2023-01-08,24.2,1:30 AM,26.7,2:00 PM,TEMPERATURE OBSERVATION 2023.pdf,1
2023-01-09,23.4,7:40 AM,27.0,1:50 PM,TEMPERATURE OBSERVATION 2023.pdf,1
2023-01-10,23.0,2:10 AM,27.4,1:50 PM,TEMPERATURE OBSERVATION 2023.pdf,1
2023-01-11,23.0,12:20 AM,24.5,2:40 PM,TEMPERATURE OBSERVATION 2023.pdf,1
2023-01-12,22.8,7:40 AM,26.0,2:30 PM,TEMPERATURE OBSERVATION 2023.pdf,1
2023-01-13,23.3,6:10 AM,26.7,2:30 PM,TEMPERATURE OBSERVATION 2023.pdf,1
2023-01-14,22.6,5:30 AM,28.0,12:20 pm,TEMPERATURE OBSERVATION 2023.pdf,1
2023-01-15,23.9,6:20 AM,30.3,1:40 PM,TEMPERATURE OBSERVATION 2023.pdf,1
2023-01-16,24.3,5:50 AM,31.5,2:20 PM,TEMPERATURE OBSERVATION 2023.pdf,1
2023-01-17,25.1,6:00 AM,30.5,12:20 pm,TEMPERATURE OBSERVATION 2023.pdf,1
2023-01-18,23.9,3:30 AM,29.4,1:50 PM,TEMPERATURE OBSERVATION 2023.pdf,1
2023-01-19,24.2,4:40 AM,31.4,2:30 PM,TEMPERATURE OBSERVATION 2023.pdf,1
2023-01-20,24.7,5:20 AM,30.4,4:10 PM,TEMPERATURE OBSERVATION 2023.pdf,1
2023-01-21,23.8,6:00 AM,29.2,11:20 AM,TEMPERATURE OBSERVATION 2023.pdf,1
2023-01-22,23.8,5:30 AM,28.7,1:30 PM,TEMPERATURE OBSERVATION 2023.pdf,1
2023-01-23,23.4,4:50 AM,30.0,12:00 pm,TEMPERATURE OBSERVATION 2023.pdf,1
2023-01-24,23.6,1:30 AM,29.2,3:40 PM,TEMPERATURE OBSERVATION 2023.pdf,1
2023-01-25,23.4,2:30 AM,28.3,2:40 PM,TEMPERATURE OBSERVATION 2023.pdf,1
2023-01-26,24.0,1:00 AM,25.2,1:00 PM,TEMPERATURE OBSERVATION 2023.pdf,1
2023-01-27,24.7,2:00 AM,31.1,3:10 PM,TEMPERATURE OBSERVATION 2023.pdf,1
2023-01-28,23.0,5:40 AM,28.8,1:10 PM,TEMPERATURE OBSERVATION 2023.pdf,1
2023-01-29,24.1,6:00 AM,29.8,1:30 PM,TEMPERATURE OBSERVATION 2023.pdf,1
2023-01-30,23.7,5:30 AM,27.6,11:10 AM,TEMPERATURE OBSERVATION 2023.pdf,1
2023-01-31,23.8,5:30 AM,31.4,2:50 PM,TEMPERATURE OBSERVATION 2023.pdf,1
2023-02-01,24.1,4:30 AM,30.9,12:50 PM,TEMPERATURE OBSERVATION 2023.pdf,2
2023-02-02,24.7,2:50 AM,31.6,11:50 AM,TEMPERATURE OBSERVATION 2023.pdf,2
2023-02-03,23.0,6:20 AM,30.9,1:20 PM,TEMPERATURE OBSERVATION 2023.pdf,2
2023-02-04,23.2,1:00 AM,28.1,2:00 PM,TEMPERATURE OBSERVATION 2023.pdf,2
2023-02-05,24.0,5:00 AM,31.6,1:00 PM,TEMPERATURE OBSERVATION 2023.pdf,2
2023-02-06,23.9,5:20 AM,31.3,2:20 PM,TEMPERATURE OBSERVATION 2023.pdf,2
2023-02-07,23.7,6:00 AM,32.3,2:20 PM,TEMPERATURE OBSERVATION 2023.pdf,2
2023-02-08,23.7,5:00 AM,31.6,2:50 PM,TEMPERATURE OBSERVATION 2023.pdf,2
2023-02-09,23.8,6:20 AM,31.2,1:50 PM,TEMPERATURE OBSERVATION 2023.pdf,2
2023-02-10,24.4,6:30 AM,31.7,2:00 PM,TEMPERATURE OBSERVATION 2023.pdf,2
2023-02-11,23.5,5:40 AM,31.7,2:00 PM,TEMPERATURE OBSERVATION 2023.pdf,2
2023-02-12,22.4,5:20 AM,31.6,1:00 PM,TEMPERATURE OBSERVATION 2023.pdf,2
2023-02-13,24.6,5:40 AM,29.1,12:30 PM,TEMPERATURE OBSERVATION 2023.pdf,2
2023-02-14,22.7,6:30 AM,27.7,11:40 AM,TEMPERATURE OBSERVATION 2023.pdf,2
2023-02-15,23.7,6:30 AM,28.7,1:40 PM,TEMPERATURE OBSERVATION 2023.pdf,2
2023-02-16,22.1,6:00 AM,29.7,11:00 AM,TEMPERATURE OBSERVATION 2023.pdf,2
2023-02-17,23.7,5:00 AM,29.0,1:10 PM,TEMPERATURE OBSERVATION 2023.pdf,2
2023-02-18,23.0,6:20 AM,25.8,1:10 PM,TEMPERATURE OBSERVATION 2023.pdf,2
2023-02-19,22.4,6:10 AM,26.2,11:40 AM,TEMPERATURE OBSERVATION 2023.pdf,2
2023-02-20,23.2,5:30 AM,30.4,12:30 PM,TEMPERATURE OBSERVATION 2023.pdf,2
2023-02-21,23.7,6:10 AM,30.7,3:10 PM,TEMPERATURE OBSERVATION 2023.pdf,2
2023-02-22,23.4,5:00 AM,29.8,1:20 PM,TEMPERATURE OBSERVATION 2023.pdf,2
2023-02-23,22.8,5:40 AM,31.6,1:20 PM,TEMPERATURE OBSERVATION 2023.pdf,2
2023-02-24,24.4,6:10 AM,32.8,3:00 PM,TEMPERATURE OBSERVATION 2023.pdf,2
2023-02-25,24.5,5:40 AM,32.7,3:00 PM,TEMPERATURE OBSERVATION 2023.pdf,2
2023-02-26,25.0,6:20 AM,32.1,1:50 PM,TEMPERATURE OBSERVATION 2023.pdf,2
2023-02-27,22.6,5:10 AM,30.1,10:40 AM,TEMPERATURE OBSERVATION 2023.pdf,2
2023-02-28,23.7,4:00 AM,26.8,2:20 PM,TEMPERATURE OBSERVATION 2023.pdf,2
2023-03-01,23.4,6:10 AM,30.9,11:40 AM,TEMPERATURE OBSERVATION 2023.pdf,3
2023-03-02,22.8,3:40 AM,30.4,1:40 PM,TEMPERATURE OBSERVATION 2023.pdf,3
2023-03-03,22.0,6:10 AM,28.2,1:10 PM,TEMPERATURE OBSERVATION 2023.pdf,3
2023-03-04,23.8,6:10 AM,30.9,2:10 PM,TEMPERATURE OBSERVATION 2023.pdf,3
2023-03-05,23.8,5:30 AM,29.5,1:40 PM,TEMPERATURE OBSERVATION 2023.pdf,3
2023-03-06,22.7,6:00 AM,30.3,12:50 PM,TEMPERATURE OBSERVATION 2023.pdf,3
2023-03-07,23.1,5:10 AM,30.6,12:40 PM,TEMPERATURE OBSERVATION 2023.pdf,3
2023-03-08,23.8,5:40 AM,31.1,2:40 PM,TEMPERATURE OBSERVATION 2023.pdf,3
2023-03-09,21.8,6:10 AM,31.6,1:30 PM,TEMPERATURE OBSERVATION 2023.pdf,3
2023-03-10,22.1,5:10 AM,31.9,1:10 PM,TEMPERATURE OBSERVATION 2023.pdf,3
2023-03-11,21.9,5:20 AM,30.4,2:40 PM,TEMPERATURE OBSERVATION 2023.pdf,3
2023-03-12,20.5,6:10 AM,31.1,1:00 PM,TEMPERATURE OBSERVATION 2023.pdf,3
2023-03-13,22.4,6:20 AM,31.5,2:50 PM,TEMPERATURE OBSERVATION 2023.pdf,3
2023-03-14,23.9,6:10 AM,31.5,2:10 PM,TEMPERATURE OBSERVATION 2023.pdf,3
2023-03-15,24.3,5:20 AM,32.6,1:50 PM,TEMPERATURE OBSERVATION 2023.pdf,3
2023-03-16,24.1,6:10 AM,32.6,3:50 PM,TEMPERATURE OBSERVATION 2023.pdf,3
2023-03-17,24.3,3:00 AM,32.8,4:10 PM,TEMPERATURE OBSERVATION 2023.pdf,3
2023-03-18,24.1,5:20 AM,32.3,3:30 PM,TEMPERATURE OBSERVATION 2023.pdf,3
2023-03-19,24.2,6:50 AM,32.8,3:20 PM,TEMPERATURE OBSERVATION 2023.pdf,3
2023-03-20,21.0,6:00 AM,31.8,12:50 PM,TEMPERATURE OBSERVATION 2023.pdf,3
2023-03-21,23.3,6:20 AM,33.3,2:40 PM,TEMPERATURE OBSERVATION 2023.pdf,3
2023-03-22,23.0,5:40 AM,34.4,3:30 PM,TEMPERATURE OBSERVATION 2023.pdf,3
2023-03-23,25.9,6:10 AM,34.1,1:50 PM,TEMPERATURE OBSERVATION 2023.pdf,3
2023-03-24,25.3,5:40 AM,34.9,2:40 PM,TEMPERATURE OBSERVATION 2023.pdf,3
2023-03-25,25.6,6:00 AM,35.3,3:00 PM,TEMPERATURE OBSERVATION 2023.pdf,3
2023-03-26,25.0,6:00 AM,34.9,1:40 PM,TEMPERATURE OBSERVATION 2023.pdf,3
2023-03-27,24.5,5:50 AM,33.5,4:10 PM,TEMPERATURE OBSERVATION 2023.pdf,3
2023-03-28,25.7,6:20 AM,34.3,2:10 PM,TEMPERATURE OBSERVATION 2023.pdf,3
2023-03-29,24.9,5:30 AM,33.9,4:20 PM,TEMPERATURE OBSERVATION 2023.pdf,3
2023-03-30,24.8,6:10 AM,34.4,2:20 PM,TEMPERATURE OBSERVATION 2023.pdf,3
2023-03-31,26.0,6:30 AM,35.4,3:20 PM,TEMPERATURE OBSERVATION 2023.pdf,3
2023-04-01,23.9,6:00 AM,33.5,2:00 PM,TEMPERATURE OBSERVATION 2023.pdf,4
2023-04-02,22.8,6:00 AM,32.9,1:50 PM,TEMPERATURE OBSERVATION 2023.pdf,4
2023-04-03,25.6,6:20 AM,33.1,2:30 PM,TEMPERATURE OBSERVATION 2023.pdf,4
2023-04-04,23.5,5:30 AM,30.6,3:50 PM,TEMPERATURE OBSERVATION 2023.pdf,4
2023-04-05,22.0,7:30 AM,32.1,2:20 PM,TEMPERATURE OBSERVATION 2023.pdf,4
2023-04-06,25.3,5:10 AM,33.1,2:20 PM,TEMPERATURE OBSERVATION 2023.pdf,4
2023-04-07,21.9,6:10 AM,33.0,3:10 PM,TEMPERATURE OBSERVATION 2023.pdf,4
2023-04-08,24.5,6:30 AM,33.8,2:20 PM,TEMPERATURE OBSERVATION 2023.pdf,4
2023-04-09,24.6,6:10 AM,31.1,1:20 PM,TEMPERATURE OBSERVATION 2023.pdf,4
2023-04-10,23.9,5:10 AM,31.9,1:30 PM,TEMPERATURE OBSERVATION 2023.pdf,4
2023-04-11,23.8,6:30 AM,32.8,1:50 PM,TEMPERATURE OBSERVATION 2023.pdf,4
2023-04-12,23.8,6:40 AM,31.7,1:00 PM,TEMPERATURE OBSERVATION 2023.pdf,4
2023-04-13,24.9,6:30 AM,32.6,12:00 PM,TEMPERATURE OBSERVATION 2023.pdf,4
2023-04-14,24.8,6:30 AM,34.1,1:50 PM,TEMPERATURE OBSERVATION 2023.pdf,4
2023-04-15,25.7,6:00 AM,33.5,2:00 PM,TEMPERATURE OBSERVATION 2023.pdf,4
2023-04-16,25.5,3:30 AM,34.1,1:40 PM,TEMPERATURE OBSERVATION 2023.pdf,4
2023-04-17,25.0,6:20 AM,32.7,3:20 PM,TEMPERATURE OBSERVATION 2023.pdf,4
2023-04-18,25.9,6:20 AM,33.5,2:10 PM,TEMPERATURE OBSERVATION 2023.pdf,4
2023-04-19,26.0,6:30 AM,34.4,3:50 PM,TEMPERATURE OBSERVATION 2023.pdf,4
2023-04-20,22.0,6:00 AM,34.7,2:00 PM,TEMPERATURE OBSERVATION 2023.pdf,4
2023-04-21,23.8,6:00 AM,34.5,12:00 PM,TEMPERATURE OBSERVATION 2023.pdf,4
2023-04-22,24.9,5:10 AM,34.1,12:20 PM,TEMPERATURE OBSERVATION 2023.pdf,4
2023-04-23,26.8,4:00 AM,35.7,1:50 PM,TEMPERATURE OBSERVATION 2023.pdf,4
2023-04-24,26.6,6:10 AM,34.4,1:20 PM,TEMPERATURE OBSERVATION 2023.pdf,4
2023-04-25,25.6,6:00 AM,32.5,2:00 PM,TEMPERATURE OBSERVATION 2023.pdf,4
2023-04-26,26.7,2:30 AM,34.3,1:10 PM,TEMPERATURE OBSERVATION 2023.pdf,4
2023-04-27,26.8,6:30 AM,34.9,2:00 PM,TEMPERATURE OBSERVATION 2023.pdf,4
2023-04-28,25.9,4:40 AM,35.3,2:30 PM,TEMPERATURE OBSERVATION 2023.pdf,4
2023-04-29,25.4,6:00 AM,35.3,1:40 PM,TEMPERATURE OBSERVATION 2023.pdf,4
2023-04-30,26.2,6:10 AM,34.2,12:00 PM,TEMPERATURE OBSERVATION 2023.pdf,4
2023-05-01,26.7,6:00 AM,35.4,2:50 PM,TEMPERATURE OBSERVATION 2023.pdf,5
2023-05-02,27.5,6:30 AM,34.4,12:40 AM,TEMPERATURE OBSERVATION 2023.pdf,5
2023-05-03,24.7,2:00 AM,27.4,12:10 AM,TEMPERATURE OBSERVATION 2023.pdf,5
2023-05-04,24.6,5:50 AM,31.9,2:00 PM,TEMPERATURE OBSERVATION 2023.pdf,5
2023-05-05,24.3,6:00 AM,33.5,3:20 PM,TEMPERATURE OBSERVATION 2023.pdf,5
2023-05-06,25.2,6:00 AM,33.5,3:00 PM,TEMPERATURE OBSERVATION 2023.pdf,5
2023-05-07,25.2,6:10 AM,33.7,3:00 PM,TEMPERATURE OBSERVATION 2023.pdf,5
2023-05-08,24.8,6:00 AM,33.5,1:20 PM,TEMPERATURE OBSERVATION 2023.pdf,5
2023-05-09,24.7,5:30 AM,32.9,3:30 PM,TEMPERATURE OBSERVATION 2023.pdf,5
2023-05-10,24.7,5:30 AM,33.4,3:00 PM,TEMPERATURE OBSERVATION 2023.pdf,5
2023-05-11,26.5,4:00 AM,33.4,3:00 PM,TEMPERATURE OBSERVATION 2023.pdf,5
2023-05-12,25.1,5:50 AM,33.3,2:50 PM,TEMPERATURE OBSERVATION 2023.pdf,5
2023-05-13,23.9,6:00 AM,32.5,12:10 PM,TEMPERATURE OBSERVATION 2023.pdf,5
2023-05-14,26.5,6:00 AM,33.0,2:30 PM,TEMPERATURE OBSERVATION 2023.pdf,5
2023-05-15,24.7,6:00 AM,33.3,1:50 PM,TEMPERATURE OBSERVATION 2023.pdf,5
2023-05-16,24.9,6:00 AM,33.6,1:40 PM,TEMPERATURE OBSERVATION 2023.pdf,5
2023-05-17,26.2,6:00 AM,34.2,4:10 PM,TEMPERATURE OBSERVATION 2023.pdf,5
2023-05-18,25.3,4:00 AM,33.7,1:00 PM,TEMPERATURE OBSERVATION 2023.pdf,5
2023-05-19,25.6,6:00 AM,32.5,1:50 PM,TEMPERATURE OBSERVATION 2023.pdf,5
2023-05-20,26.8,6:20 AM,31.6,12:00 PM,TEMPERATURE OBSERVATION 2023.pdf,5
2023-05-21,24.5,6:00 AM,31.4,1:20 PM,TEMPERATURE OBSERVATION 2023.pdf,5
2023-05-22,25.2,6:00 AM,32.5,4:00 PM,TEMPERATURE OBSERVATION 2023.pdf,5
2023-05-23,26.1,6:00 AM,33.2,3:00 PM,TEMPERATURE OBSERVATION 2023.pdf,5
2023-05-24,26.7,6:00 AM,32.9,1:30 PM,TEMPERATURE OBSERVATION 2023.pdf,5
2023-05-25,24.8,6:00 AM,32.3,1:20 PM,TEMPERATURE OBSERVATION 2023.pdf,5
2023-05-26,25.5,6:10 AM,32.7,11:10 AM,TEMPERATURE OBSERVATION 2023.pdf,5
2023-05-27,24.8,6:00 AM,30.6,12:30 PM,TEMPERATURE OBSERVATION 2023.pdf,5
2023-05-28,27.7,5:50 AM,31.7,3:10 PM,TEMPERATURE OBSERVATION 2023.pdf,5
2023-05-29,27.7,5:30 AM,32.8,12:10 PM,TEMPERATURE OBSERVATION 2023.pdf,5
2023-05-30,24.9,2:50 AM,29.5,11:40 AM,TEMPERATURE OBSERVATION 2023.pdf,5
2023-05-31,24.7,7:30 AM,28.8,12:20 PM,TEMPERATURE OBSERVATION 2023.pdf,5
2023-06-01,23.9,5:00 AM,26.6,4:20 PM,TEMPERATURE OBSERVATION 2023.pdf,6
2023-06-02,23.6,5:40 AM,30.9,11:50 AM,TEMPERATURE OBSERVATION 2023.pdf,6
2023-06-03,24.9,6:10 AM,31.8,1:40 PM,TEMPERATURE OBSERVATION 2023.pdf,6
2023-06-04,26.5,6:00 AM,31.6,1:30 PM,TEMPERATURE OBSERVATION 2023.pdf,6
2023-06-05,24.8,7:00 AM,31.2,1:10 PM,TEMPERATURE OBSERVATION 2023.pdf,6
2023-06-06,24.8,6:40 AM,32.1,12:50 PM,TEMPERATURE OBSERVATION 2023.pdf,6
2023-06-07,25.7,6:40 AM,31.9,12:10 PM,TEMPERATURE OBSERVATION 2023.pdf,6
2023-06-08,25.5,6:40 AM,31.8,12:20 PM,TEMPERATURE OBSERVATION 2023.pdf,6
2023-06-09,24.6,7:10 AM,31.9,11:10 AM,TEMPERATURE OBSERVATION 2023.pdf,6
2023-06-10,26.7,6:30 AM,29.7,11:40 AM,TEMPERATURE OBSERVATION 2023.pdf,6
2023-06-11,25.7,5:00 AM,30.1,11:20 AM,TEMPERATURE OBSERVATION 2023.pdf,6
2023-06-12,26.2,5:40 AM,30.9,1:10 PM,TEMPERATURE OBSERVATION 2023.pdf,6
2023-06-13,26.1,6:00 AM,32.1,12:00 PM,TEMPERATURE OBSERVATION 2023.pdf,6
2023-06-14,24.6,5:50 AM,32.8,1:10 PM,TEMPERATURE OBSERVATION 2023.pdf,6
2023-06-15,26.5,6:00 AM,31.8,4:00 PM,TEMPERATURE OBSERVATION 2023.pdf,6
2023-06-16,25.2,4:00 AM,33.4,1:10 PM,TEMPERATURE OBSERVATION 2023.pdf,6
2023-06-17,24.7,5:00 AM,32.5,4:00 PM,TEMPERATURE OBSERVATION 2023.pdf,6
2023-06-18,25.7,5:30 AM,33.3,2:30 PM,TEMPERATURE OBSERVATION 2023.pdf,6
2023-06-19,26.5,3:00 AM,32.6,1:30 PM,TEMPERATURE OBSERVATION 2023.pdf,6
2023-06-20,25.7,5:40 AM,32.5,2:00 PM,TEMPERATURE OBSERVATION 2023.pdf,6
2023-06-21,25.4,7:00 AM,32.2,2:20 PM,TEMPERATURE OBSERVATION 2023.pdf,6
2023-06-22,26.6,6:00 AM,29.4,1:50 PM,TEMPERATURE OBSERVATION 2023.pdf,6
2023-06-23,24.1,5:50 AM,31.9,11:30 AM,TEMPERATURE OBSERVATION 2023.pdf,6
2023-06-24,25.2,5:50 AM,30.6,12:00 PM,TEMPERATURE OBSERVATION 2023.pdf,6
2023-06-25,24.0,6:00 AM,30.6,11:30 AM,TEMPERATURE OBSERVATION 2023.pdf,6
2023-06-26,21.0,6:00 AM,32.0,3:00 PM,TEMPERATURE OBSERVATION 2023.pdf,6
2023-06-27,24.7,3:00 AM,29.8,3:10 PM,TEMPERATURE OBSERVATION 2023.pdf,6
2023-06-28,25.7,7:00 AM,29.8,3:30 PM,TEMPERATURE OBSERVATION 2023.pdf,6
2023-06-29,24.7,6:50 AM,32.5,1:30 PM,TEMPERATURE OBSERVATION 2023.pdf,6
2023-06-30,25.7,6:00 AM,32.6,3:50 PM,TEMPERATURE OBSERVATION 2023.pdf,6
2023-07-01,26.4,6:00 AM,33.4,2:10 PM,TEMPERATURE OBSERVATION 2023.pdf,7
2023-07-02,26.2,5:30 AM,33.9,2:40 PM,TEMPERATURE OBSERVATION 2023.pdf,7
2023-07-03,26.2,6:00 AM,32.6,1:50 PM,TEMPERATURE OBSERVATION 2023.pdf,7
2023-07-04,25.7,5:00 AM,33.5,1:30 PM,TEMPERATURE OBSERVATION 2023.pdf,7
2023-07-05,25.7,6:10 AM,29.7,1:40 PM,TEMPERATURE OBSERVATION 2023.pdf,7
2023-07-06,26.7,7:30 AM,33.6,2:50 PM,TEMPERATURE OBSERVATION 2023.pdf,7
2023-07-07,24.7,5:40 AM,33.4,2:20 PM,TEMPERATURE OBSERVATION 2023.pdf,7
2023-07-08,25.1,5:40 AM,32.4,1:50 PM,TEMPERATURE OBSERVATION 2023.pdf,7
2023-07-09,25.7,6:00 AM,29.2,5:10 PM,TEMPERATURE OBSERVATION 2023.pdf,7
2023-07-10,25.7,5:30 AM,32.8,11:50 AM,TEMPERATURE OBSERVATION 2023.pdf,7
2023-07-11,24.7,6:00 AM,32.5,1:00 PM,TEMPERATURE OBSERVATION 2023.pdf,7
2023-07-12,25.9,5:50 AM,29.6,11:40 AM,TEMPERATURE OBSERVATION 2023.pdf,7
2023-07-13,25.7,6:00 AM,29.9,3:00 PM,TEMPERATURE OBSERVATION 2023.pdf,7
2023-07-14,23.8,1:00 AM,28.2,11:00 AM,TEMPERATURE OBSERVATION 2023.pdf,7
2023-07-15,24.6,3:00 AM,29.8,1:00 PM,TEMPERATURE OBSERVATION 2023.pdf,7
2023-07-16,25.2,5:00 AM,30.7,12:00 PM,TEMPERATURE OBSERVATION 2023.pdf,7
2023-07-17,24.7,3:00 AM,28.6,11:10 AM,TEMPERATURE OBSERVATION 2023.pdf,7
2023-07-18,24.9,6:00 AM,31.4,1:50 PM,TEMPERATURE OBSERVATION 2023.pdf,7
2023-07-19,25.6,6:00 AM,29.6,2:10 PM,TEMPERATURE OBSERVATION 2023.pdf,7
2023-07-20,25.5,5:10 AM,31.6,11:20 AM,TEMPERATURE OBSERVATION 2023.pdf,7
2023-07-21,25.2,6:00 AM,31.3,1:20 PM,TEMPERATURE OBSERVATION 2023.pdf,7
2023-07-22,26.7,1:30 AM,31.4,2:30 PM,TEMPERATURE OBSERVATION 2023.pdf,7
2023-07-23,24.7,9:00 PM,29.6,2:00 PM,TEMPERATURE OBSERVATION 2023.pdf,7
2023-07-24,25.3,7:00 AM,28.7,8:00 AM,TEMPERATURE OBSERVATION 2023.pdf,7
2023-07-25,26.5,6:20 AM,29.1,1:00 PM,TEMPERATURE OBSERVATION 2023.pdf,7
2023-07-26,25.8,5:40 AM,28.0,10:00 AM,TEMPERATURE OBSERVATION 2023.pdf,7
2023-07-27,26.7,7:00 AM,30.7,2:50 PM,TEMPERATURE OBSERVATION 2023.pdf,7
2023-07-28,26.5,6:00 AM,29.7,9:30 AM,TEMPERATURE OBSERVATION 2023.pdf,7
2023-07-29,26.4,5:30 AM,29.0,2:00 PM,TEMPERATURE OBSERVATION 2023.pdf,7
2023-07-30,26.7,6:20 AM,31.7,12:40 PM,TEMPERATURE OBSERVATION 2023.pdf,7
2023-07-31,25.7,7:00 AM,30.6,4:00 PM,TEMPERATURE OBSERVATION 2023.pdf,7
2023-08-01,24.9,3:10 AM,30.6,1:00 PM,TEMPERATURE OBSERVATION 2023.pdf,8
2023-08-02,28.5,7:10 AM,30.7,1:50 PM,TEMPERATURE OBSERVATION 2023.pdf,8
2023-08-03,25.4,8:20 PM,31.6,12:50 PM,TEMPERATURE OBSERVATION 2023.pdf,8
2023-08-04,25.5,5:10 AM,31.9,2:00 PM,TEMPERATURE OBSERVATION 2023.pdf,8
2023-08-05,26.4,4:40 AM,32.0,3:10 PM,TEMPERATURE OBSERVATION 2023.pdf,8
2023-08-06,27.7,6:00 AM,33.3,1:10 PM,TEMPERATURE OBSERVATION 2023.pdf,8
2023-08-07,26.4,1:40 AM,31.8,2:50 PM,TEMPERATURE OBSERVATION 2023.pdf,8
2023-08-08,27.7,6:00 AM,33.8,1:00 PM,TEMPERATURE OBSERVATION 2023.pdf,8
2023-08-09,26.1,6:30 AM,32.2,2:40 PM,TEMPERATURE OBSERVATION 2023.pdf,8
2023-08-10,26.9,6:10 AM,32.6,11:50 AM,TEMPERATURE OBSERVATION 2023.pdf,8
2023-08-11,24.3,6:00 AM,31.9,12:50 PM,TEMPERATURE OBSERVATION 2023.pdf,8
2023-08-12,25.7,7:00 AM,33.5,1:40 PM,TEMPERATURE OBSERVATION 2023.pdf,8
2023-08-13,25.2,6:00 AM,31.4,1:00 PM,TEMPERATURE OBSERVATION 2023.pdf,8
2023-08-14,25.3,6:30 AM,31.7,1:10 PM,TEMPERATURE OBSERVATION 2023.pdf,8
2023-08-15,25.2,6:30 AM,32.0,2:00 PM,TEMPERATURE OBSERVATION 2023.pdf,8
2023-08-16,25.7,3:40 AM,32.4,1:10 PM,TEMPERATURE OBSERVATION 2023.pdf,8
2023-08-17,27.0,3:50 AM,30.9,4:00 PM,TEMPERATURE OBSERVATION 2023.pdf,8
2023-08-18,25.5,4:30 AM,31.7,2:10 PM,TEMPERATURE OBSERVATION 2023.pdf,8
2023-08-19,25.7,5:30 AM,31.6,2:00 PM,TEMPERATURE OBSERVATION 2023.pdf,8
2023-08-20,25.9,6:20 AM,31.8,2:30 PM,TEMPERATURE OBSERVATION 2023.pdf,8
2023-08-21,26.2,6:30 AM,32.8,1:30 PM,TEMPERATURE OBSERVATION 2023.pdf,8
2023-08-22,20.7,7:00 AM,34.3,1:00 PM,TEMPERATURE OBSERVATION 2023.pdf,8
2023-08-23,21.6,7:00 AM,32.6,2:50 PM,TEMPERATURE OBSERVATION 2023.pdf,8
2023-08-24,25.3,7:00 AM,33.3,2:50 PM,TEMPERATURE OBSERVATION 2023.pdf,8
2023-08-25,27.7,5:30 AM,33.2,12:40 PM,TEMPERATURE OBSERVATION 2023.pdf,8
2023-08-26,25.8,4:10 AM,32.5,12:00 PM,TEMPERATURE OBSERVATION 2023.pdf,8
2023-08-27,24.7,7:50 AM,31.9,12:20 PM,TEMPERATURE OBSERVATION 2023.pdf,8
2023-08-28,25.5,2:00 AM,26.6,9:10 AM,TEMPERATURE OBSERVATION 2023.pdf,8
2023-08-29,25.9,9:00 PM,27.7,4:00 PM,TEMPERATURE OBSERVATION 2023.pdf,8
2023-08-30,26.4,11:10 PM,31.6,2:10 PM,TEMPERATURE OBSERVATION 2023.pdf,8
2023-08-31,27.8,11:10 PM,32.3,12:40 PM,TEMPERATURE OBSERVATION 2023.pdf,8
2023-09-01,28.1,6:00 AM,33.0,1:10 PM,TEMPERATURE OBSERVATION 2023.pdf,9
2023-09-02,29.0,6:00 AM,33.0,2:00 PM,TEMPERATURE OBSERVATION 2023.pdf,9
2023-09-03,27.9,1:00 AM,32.7,1:50 PM,TEMPERATURE OBSERVATION 2023.pdf,9
2023-09-04,28.1,5:00 AM,32.7,12:10 PM,TEMPERATURE OBSERVATION 2023.pdf,9
2023-09-05,27.5,6:00 AM,31.5,11:00 AM,TEMPERATURE OBSERVATION 2023.pdf,9
2023-09-06,27.6,6:10 AM,35.2,2:30 PM,TEMPERATURE OBSERVATION 2023.pdf,9
2023-09-07,27.1,6:00 AM,35.3,2:00 PM,TEMPERATURE OBSERVATION 2023.pdf,9
2023-09-08,26.2,5:50 AM,33.2,12:40 PM,TEMPERATURE OBSERVATION 2023.pdf,9
2023-09-09,27.6,6:00 AM,33.8,12:00 PM,TEMPERATURE OBSERVATION 2023.pdf,9
2023-09-10,26.6,6:00 AM,33.8,12:00 PM,TEMPERATURE OBSERVATION 2023.pdf,9
2023-09-11,25.7,6:30 AM,33.8,12:10 PM,TEMPERATURE OBSERVATION 2023.pdf,9
2023-09-12,26.5,6:50 AM,34.3,12:50 PM,TEMPERATURE OBSERVATION 2023.pdf,9
2023-09-13,26.8,5:50 AM,33.3,12:00 PM,TEMPERATURE OBSERVATION 2023.pdf,9
2023-09-14,27.0,5:00 AM,32.0,1:20 PM,TEMPERATURE OBSERVATION 2023.pdf,9
2023-09-15,26.7,6:00 AM,32.7,2:00 PM,TEMPERATURE OBSERVATION 2023.pdf,9
2023-09-16,26.7,5:40 AM,32.3,2:00 PM,TEMPERATURE OBSERVATION 2023.pdf,9
2023-09-17,26.8,6:00 AM,32.3,3:00 PM,TEMPERATURE OBSERVATION 2023.pdf,9
2023-09-18,26.1,6:00 AM,33.4,2:00 PM,TEMPERATURE OBSERVATION 2023.pdf,9
2023-09-19,26.7,4:00 AM,33.6,1:20 PM,TEMPERATURE OBSERVATION 2023.pdf,9
2023-09-20,25.8,5:30 AM,33.5,1:30 PM,TEMPERATURE OBSERVATION 2023.pdf,9
2023-09-21,25.1,8:00 AM,31.4,3:20 PM,TEMPERATURE OBSERVATION 2023.pdf,9
2023-09-22,25.8,5:40 AM,30.3,1:10 PM,TEMPERATURE OBSERVATION 2023.pdf,9
2023-09-23,24.8,5:30 AM,26.7,11:00 AM,TEMPERATURE OBSERVATION 2023.pdf,9
2023-09-24,26.6,4:00 AM,32.1,3:40 PM,TEMPERATURE OBSERVATION 2023.pdf,9
2023-09-25,28.0,6:00 AM,32.0,11:50 AM,TEMPERATURE OBSERVATION 2023.pdf,9
2023-09-26,27.5,6:10 AM,34.3,2:40 PM,TEMPERATURE OBSERVATION 2023.pdf,9
2023-09-27,27.6,6:00 AM,33.4,1:30 PM,TEMPERATURE OBSERVATION 2023.pdf,9
2023-09-28,26.7,6:00 AM,31.8,1:10 PM,TEMPERATURE OBSERVATION 2023.pdf,9
2023-09-29,26.5,6:00 AM,33.2,12:10 PM,TEMPERATURE OBSERVATION 2023.pdf,9
2023-09-30,28.0,6:00 AM,32.5,12:00 PM,TEMPERATURE OBSERVATION 2023.pdf,9
2023-10-01,26.2,7:20 AM,33.1,2:00 PM,TEMPERATURE OBSERVATION 2023.pdf,10
2023-10-02,28.6,6:00 AM,31.0,12:50 PM,TEMPERATURE OBSERVATION 2023.pdf,10
2023-10-03,28.1,10:30 PM,33.0,1:10 PM,TEMPERATURE OBSERVATION 2023.pdf,10
2023-10-04,27.9,6:00 AM,33.5,12:20 PM,TEMPERATURE OBSERVATION 2023.pdf,10
2023-10-05,27.7,5:50 AM,32.8,3:20 PM,TEMPERATURE OBSERVATION 2023.pdf,10
2023-10-06,25.7,7:00 AM,33.9,1:00 PM,TEMPERATURE OBSERVATION 2023.pdf,10
2023-10-07,26.3,6:30 AM,33.9,1:30 PM,TEMPERATURE OBSERVATION 2023.pdf,10
2023-10-08,27.0,5:30 AM,33.5,2:00 PM,TEMPERATURE OBSERVATION 2023.pdf,10
2023-10-09,26.8,3:00 AM,34.3,1:00 PM,TEMPERATURE OBSERVATION 2023.pdf,10
2023-10-10,25.7,5:30 AM,31.4,1:50 PM,TEMPERATURE OBSERVATION 2023.pdf,10
2023-10-11,26.2,6:00 AM,31.6,12:00 PM,TEMPERATURE OBSERVATION 2023.pdf,10
2023-10-12,27.3,6:00 AM,33.7,2:10 PM,TEMPERATURE OBSERVATION 2023.pdf,10
2023-10-13,28.1,5:30 AM,33.7,2:20 PM,TEMPERATURE OBSERVATION 2023.pdf,10
2023-10-14,26.7,6:00 AM,31.7,2:00 PM,TEMPERATURE OBSERVATION 2023.pdf,10
2023-10-15,26.6,6:00 AM,33.9,1:10 PM,TEMPERATURE OBSERVATION 2023.pdf,10
2023-10-16,25.3,6:00 AM,33.7,1:40 PM,TEMPERATURE OBSERVATION 2023.pdf,10
2023-10-17,26.5,6:00 AM,33.4,12:50 PM,TEMPERATURE OBSERVATION 2023.pdf,10
2023-10-18,27.3,7:20 AM,35.2,4:20 PM,TEMPERATURE OBSERVATION 2023.pdf,10
2023-10-19,27.2,7:20 AM,34.6,2:10 PM,TEMPERATURE OBSERVATION 2023.pdf,10
2023-10-20,27.0,6:00 AM,35.2,2:20 PM,TEMPERATURE OBSERVATION 2023.pdf,10
2023-10-21,26.0,6:00 AM,32.6,2:00 PM,TEMPERATURE OBSERVATION 2023.pdf,10
2023-10-22,27.7,7:40 AM,33.7,3:30 PM,TEMPERATURE OBSERVATION 2023.pdf,10
2023-10-23,27.2,6:00 AM,33.4,11:50 AM,TEMPERATURE OBSERVATION 2023.pdf,10
2023-10-24,26.5,6:00 AM,34.3,2:30 PM,TEMPERATURE OBSERVATION 2023.pdf,10
2023-10-25,25.5,7:50 PM,34.3,12:40 PM,TEMPERATURE OBSERVATION 2023.pdf,10
2023-10-26,27.2,5:00 AM,34.5,1:50 PM,TEMPERATURE OBSERVATION 2023.pdf,10
2023-10-27,25.7,6:00 AM,33.9,3:00 PM,TEMPERATURE OBSERVATION 2023.pdf,10
2023-10-28,27.0,5:40 AM,34.0,2:00 PM,TEMPERATURE OBSERVATION 2023.pdf,10
2023-10-29,26.7,5:50 AM,32.9,2:00 PM,TEMPERATURE OBSERVATION 2023.pdf,10
2023-10-30,26.7,6:20 AM,32.0,12:00 PM,TEMPERATURE OBSERVATION 2023.pdf,10
2023-10-31,27.0,5:40 AM,33.8,12:00 PM,TEMPERATURE OBSERVATION 2023.pdf,10
2023-11-01,26.0,6:20 AM,32.6,2:00 PM,TEMPERATURE OBSERVATION 2023.pdf,11
2023-11-02,27.2,22:30 am,35.4,3:10 PM,TEMPERATURE OBSERVATION 2023.pdf,11
2023-11-03,27.6,6:00 AM,35.5,3:00 PM,TEMPERATURE OBSERVATION 2023.pdf,11
2023-11-04,25.5,6:00 AM,32.7,1:40 PM,TEMPERATURE OBSERVATION 2023.pdf,11
2023-11-05,26.2,5:50 AM,32.2,2:00 PM,TEMPERATURE OBSERVATION 2023.pdf,11
2023-11-06,25.9,6:00 AM,35.3,2:00 PM,TEMPERATURE OBSERVATION 2023.pdf,11
2023-11-07,26.2,6:00 AM,30.8,2:00 PM,TEMPERATURE OBSERVATION 2023.pdf,11
2023-11-08,25.6,4:00 AM,29.0,4:10 PM,TEMPERATURE OBSERVATION 2023.pdf,11
2023-11-09,25.5,6:00 AM,33.2,2:00 PM,TEMPERATURE OBSERVATION 2023.pdf,11
2023-11-10,26.1,6:30 AM,34.3,3:10 PM,TEMPERATURE OBSERVATION 2023.pdf,11
2023-11-11,26.5,6:40 AM,34.2,2:10 PM,TEMPERATURE OBSERVATION 2023.pdf,11
2023-11-12,26.1,7:10 AM,33.7,1:00 PM,TEMPERATURE OBSERVATION 2023.pdf,11
2023-11-13,26.3,9:00 AM,33.0,2:30 PM,TEMPERATURE OBSERVATION 2023.pdf,11
2023-11-14,26.0,5:40 AM,31.6,12:20 PM,TEMPERATURE OBSERVATION 2023.pdf,11
2023-11-15,25.6,6:00 AM,33.1,1:00 PM,TEMPERATURE OBSERVATION 2023.pdf,11
2023-11-16,24.8,7:30 AM,31.0,1:00 PM,TEMPERATURE OBSERVATION 2023.pdf,11
2023-11-17,25.8,6:00 AM,30.8,3:00 PM,TEMPERATURE OBSERVATION 2023.pdf,11
2023-11-18,25.6,4:30 AM,30.3,1:30 PM,TEMPERATURE OBSERVATION 2023.pdf,11
2023-11-19,24.5,6:00 AM,29.1,12:00 PM,TEMPERATURE OBSERVATION 2023.pdf,11
2023-11-20,24.6,5:30 AM,27.6,2:10 PM,TEMPERATURE OBSERVATION 2023.pdf,11
2023-11-21,24.2,6:30 AM,29.2,1:00 PM,TEMPERATURE OBSERVATION 2023.pdf,11
2023-11-22,25.3,6:30 AM,29.9,1:50 PM,TEMPERATURE OBSERVATION 2023.pdf,11
2023-11-23,25.9,5:20 AM,33.2,3:10 PM,TEMPERATURE OBSERVATION 2023.pdf,11
2023-11-24,25.7,6:20 AM,32.4,2:50 PM,TEMPERATURE OBSERVATION 2023.pdf,11
2023-11-25,24.7,6:10 AM,33.4,1:30 PM,TEMPERATURE OBSERVATION 2023.pdf,11
2023-11-26,25.0,6:00 AM,32.8,12:10 PM,TEMPERATURE OBSERVATION 2023.pdf,11
2023-11-27,26.0,6:40 AM,31.7,3:10 PM,TEMPERATURE OBSERVATION 2023.pdf,11
2023-11-28,25.6,7:00 AM,33.8,2:20 PM,TEMPERATURE OBSERVATION 2023.pdf,11
2023-11-29,26.0,6:40 AM,32.4,1:50 PM,TEMPERATURE OBSERVATION 2023.pdf,11
2023-11-30,27.0,6:20 AM,31.8,3:20 PM,TEMPERATURE OBSERVATION 2023.pdf,11
2023-12-01,27.0,6:00 AM,32.3,1:50 PM,TEMPERATURE OBSERVATION 2023.pdf,12
2023-12-02,26.0,6:00 AM,32.4,12:10 PM,TEMPERATURE OBSERVATION 2023.pdf,12
2023-12-03,25.6,5:30 AM,32.3,1:30 PM,TEMPERATURE OBSERVATION 2023.pdf,12
2023-12-04,25.1,6:30 AM,32.4,3:20 PM,TEMPERATURE OBSERVATION 2023.pdf,12
2023-12-05,25.0,6:20 AM,32.8,2:10 PM,TEMPERATURE OBSERVATION 2023.pdf,12
2023-12-06,25.1,5:30 AM,29.8,1:20 PM,TEMPERATURE OBSERVATION 2023.pdf,12
2023-12-07,24.0,7:00 AM,32.5,12:00 PM,TEMPERATURE OBSERVATION 2023.pdf,12
2023-12-08,24.8,7:00 AM,32.9,12:00 PM,TEMPERATURE OBSERVATION 2023.pdf,12
2023-12-09,24.7,7:00 AM,32.9,2:00 PM,TEMPERATURE OBSERVATION 2023.pdf,12
2023-12-10,24.8,6:00 AM,32.5,12:10 PM,TEMPERATURE OBSERVATION 2023.pdf,12
2023-12-11,24.6,5:30 AM,31.2,1:30 PM,TEMPERATURE OBSERVATION 2023.pdf,12
2023-12-12,24.7,6:00 AM,32.4,2:00 PM,TEMPERATURE OBSERVATION 2023.pdf,12
2023-12-13,24.7,6:30 AM,32.9,1:30 PM,TEMPERATURE OBSERVATION 2023.pdf,12
2023-12-14,24.9,6:20 AM,32.6,2:00 PM,TEMPERATURE OBSERVATION 2023.pdf,12
2023-12-15,25.0,6:00 AM,32.8,2:00 PM,TEMPERATURE OBSERVATION 2023.pdf,12
2023-12-16,26.8,6:00 AM,33.0,2:00 PM,TEMPERATURE OBSERVATION 2023.pdf,12
2023-12-17,27.1,7:30 AM,31.3,2:00 PM,TEMPERATURE OBSERVATION 2023.pdf,12
2023-12-18,26.9,6:30 AM,27.0,1:40 PM,TEMPERATURE OBSERVATION 2023.pdf,12
2023-12-19,24.6,12:10 AM,31.2,12:00 PM,TEMPERATURE OBSERVATION 2023.pdf,12
2023-12-20,27.4,7:00 AM,32.9,2:10 PM,TEMPERATURE OBSERVATION 2023.pdf,12
2023-12-21,27.0,5:00 AM,32.8,3:00 PM,TEMPERATURE OBSERVATION 2023.pdf,12
2023-12-22,27.9,6:20 AM,32.2,2:20 PM,TEMPERATURE OBSERVATION 2023.pdf,12
2023-12-23,25.1,6:00 AM,31.9,3:00 PM,TEMPERATURE OBSERVATION 2023.pdf,12
2023-12-24,22.2,6:00 AM,32.9,2:30 PM,TEMPERATURE OBSERVATION 2023.pdf,12
2023-12-25,25.2,6:00 AM,30.9,3:30 PM,TEMPERATURE OBSERVATION 2023.pdf,12
2023-12-26,25.0,5:00 AM,32.2,3:30 PM,TEMPERATURE OBSERVATION 2023.pdf,12
2023-12-27,24.9,4:30 AM,32.1,1:00 PM,TEMPERATURE OBSERVATION 2023.pdf,12
2023-12-28,27.0,6:30 AM,32.3,4:00 PM,TEMPERATURE OBSERVATION 2023.pdf,12
2023-12-29,25.3,6:20 AM,32.2,4:00 PM,TEMPERATURE OBSERVATION 2023.pdf,12
2023-12-30,25.2,6:30 AM,32.6,4:00 PM,TEMPERATURE OBSERVATION 2023.pdf,12
2023-12-31,26.4,7:40 AM,33.3,3:00 PM,TEMPERATURE OBSERVATION 2023.pdf,12
2024-01-01,25.0,6:30 AM,33.2,2:00 PM,TEMPERATURE OBSERVATION 2024.pdf,1
2024-01-02,23.6,6:30 AM,33.0,3:20 PM,TEMPERATURE OBSERVATION 2024.pdf,1
2024-01-03,23.0,6:00 AM,32.8,3:30 PM,TEMPERATURE OBSERVATION 2024.pdf,1
2024-01-04,24.8,6:00 AM,33.0,3:00 PM,TEMPERATURE OBSERVATION 2024.pdf,1
2024-01-05,25.1,6:00 AM,33.3,3:00 PM,TEMPERATURE OBSERVATION 2024.pdf,1
2024-01-06,26.3,7:30 AM,32.7,3:00 PM,TEMPERATURE OBSERVATION 2024.pdf,1
2024-01-07,24.5,6:00 AM,30.7,12:00 PM,TEMPERATURE OBSERVATION 2024.pdf,1
2024-01-08,25.6,4:30 AM,33.0,1:00 PM,TEMPERATURE OBSERVATION 2024.pdf,1
2024-01-09,24.5,6:30 AM,32.5,1:00 PM,TEMPERATURE OBSERVATION 2024.pdf,1
2024-01-10,24.6,6:40 AM,33.3,3:00 PM,TEMPERATURE OBSERVATION 2024.pdf,1
2024-01-11,24.2,7:40 AM,29.8,11:20 AM,TEMPERATURE OBSERVATION 2024.pdf,1
2024-01-12,23.0,7:00 AM,28.0,1:00 PM,TEMPERATURE OBSERVATION 2024.pdf,1
2024-01-13,24.5,7:00 AM,27.8,2:00 PM,TEMPERATURE OBSERVATION 2024.pdf,1
2024-01-14,20.8,6:50 AM,31.3,2:00 PM,TEMPERATURE OBSERVATION 2024.pdf,1
2024-01-15,23.2,6:50 AM,30.9,11:50 AM,TEMPERATURE OBSERVATION 2024.pdf,1
2024-01-16,23.1,6:00 AM,29.4,12:00 PM,TEMPERATURE OBSERVATION 2024.pdf,1
2024-01-17,22.7,6:40 AM,29.6,1:00 PM,TEMPERATURE OBSERVATION 2024.pdf,1
2024-01-18,21.4,6:00 AM,30.7,3:00 PM,TEMPERATURE OBSERVATION 2024.pdf,1
2024-01-19,23.8,6:00 AM,32.8,2:00 PM,TEMPERATURE OBSERVATION 2024.pdf,1
2024-01-20,21.5,6:00 AM,32.9,1:00 PM,TEMPERATURE OBSERVATION 2024.pdf,1
2024-01-21,23.8,6:50 AM,30.8,2:00 PM,TEMPERATURE OBSERVATION 2024.pdf,1
2024-01-22,24.0,6:30 AM,32.9,2:00 PM,TEMPERATURE OBSERVATION 2024.pdf,1
2024-01-23,24.0,6:40 AM,33.0,2:00 PM,TEMPERATURE OBSERVATION 2024.pdf,1
2024-01-24,23.0,6:00 AM,32.3,2:00 PM,TEMPERATURE OBSERVATION 2024.pdf,1
2024-01-25,22.6,2:20 AM,30.9,12:00 PM,TEMPERATURE OBSERVATION 2024.pdf,1
2024-01-26,23.2,7:00 AM,29.2,2:40 PM,TEMPERATURE OBSERVATION 2024.pdf,1
2024-01-27,20.8,4:50 AM,29.1,11:50 AM,TEMPERATURE OBSERVATION 2024.pdf,1
2024-01-28,21.9,6:00 AM,29.3,1:00 PM,TEMPERATURE OBSERVATION 2024.pdf,1
2024-01-29,23.0,6:00 AM,28.4,2:00 PM,TEMPERATURE OBSERVATION 2024.pdf,1
2024-01-30,23.6,4:00 AM,28.0,12:40 PM,TEMPERATURE OBSERVATION 2024.pdf,1
2024-01-31,23.5,4:00 AM,30.7,1:30 PM,TEMPERATURE OBSERVATION 2024.pdf,1
2024-02-01,23.1,4:00 AM,30.2,1:00 PM,TEMPERATURE OBSERVATION 2024.pdf,2
2024-02-02,23.8,7:00 AM,31.8,3:40 PM,TEMPERATURE OBSERVATION 2024.pdf,2
2024-02-03,24.6,6:00 AM,33.3,1:00 PM,TEMPERATURE OBSERVATION 2024.pdf,2
2024-02-04,24.2,6:30 AM,33.6,2:00 PM,TEMPERATURE OBSERVATION 2024.pdf,2
2024-02-05,24.8,4:00 AM,31.6,3:00 PM,TEMPERATURE OBSERVATION 2024.pdf,2
2024-02-06,23.1,3:50 AM,28.3,2:00 PM,TEMPERATURE OBSERVATION 2024.pdf,2
2024-02-07,23.9,6:30 AM,31.8,3:00 PM,TEMPERATURE OBSERVATION 2024.pdf,2
2024-02-08,23.2,7:00 AM,32.2,4:20 PM,TEMPERATURE OBSERVATION 2024.pdf,2
2024-02-09,23.8,7:00 AM,32.9,1:00 PM,TEMPERATURE OBSERVATION 2024.pdf,2
2024-02-10,23.8,6:00 AM,32.6,1:00 PM,TEMPERATURE OBSERVATION 2024.pdf,2
2024-02-11,22.7,7:40 AM,31.6,12:00 PM,TEMPERATURE OBSERVATION 2024.pdf,2
2024-02-12,23.5,4:30 AM,29.7,1:00 PM,TEMPERATURE OBSERVATION 2024.pdf,2
2024-02-13,23.4,10:00 PM,30.6,3:00 PM,TEMPERATURE OBSERVATION 2024.pdf,2
2024-02-14,23.8,6:00 AM,33.0,2:00 PM,TEMPERATURE OBSERVATION 2024.pdf,2
2024-02-15,24.7,7:30 AM,33.0,12:00 PM,TEMPERATURE OBSERVATION 2024.pdf,2
2024-02-16,23.0,6:30 AM,32.4,12:00 PM,TEMPERATURE OBSERVATION 2024.pdf,2
2024-02-17,24.8,7:30 AM,29.3,3:00 PM,TEMPERATURE OBSERVATION 2024.pdf,2
2024-02-18,25.1,6:00 AM,30.9,2:00 PM,TEMPERATURE OBSERVATION 2024.pdf,2
2024-02-19,24.8,5:40 AM,33.4,3:00 PM,TEMPERATURE OBSERVATION 2024.pdf,2
2024-02-20,24.2,7:40 AM,31.4,1:30 PM,TEMPERATURE OBSERVATION 2024.pdf,2
2024-02-21,24.2,7:40 AM,33.9,2:20 PM,TEMPERATURE OBSERVATION 2024.pdf,2
2024-02-22,24.0,6:00 AM,33.8,3:00 PM,TEMPERATURE OBSERVATION 2024.pdf,2
2024-02-23,24.1,5:30 AM,32.8,1:00 PM,TEMPERATURE OBSERVATION 2024.pdf,2
2024-02-24,24.8,6:30 AM,33.8,2:00 PM,TEMPERATURE OBSERVATION 2024.pdf,2
2024-02-25,22.8,7:30 AM,33.9,2:40 PM,TEMPERATURE OBSERVATION 2024.pdf,2
2024-02-26,22.8,7:00 AM,32.5,12:00 PM,TEMPERATURE OBSERVATION 2024.pdf,2
2024-02-27,22.1,7:00 AM,31.4,3:00 PM,TEMPERATURE OBSERVATION 2024.pdf,2
2024-02-28,24.1,6:00 AM,32.8,2:00 PM,TEMPERATURE OBSERVATION 2024.pdf,2
2024-02-29,23.2,6:30 AM,32.6,3:00 PM,TEMPERATURE OBSERVATION 2024.pdf,2
2024-03-01,23.3,7:30 AM,34.0,3:00 PM,TEMPERATURE OBSERVATION 2024.pdf,3
2024-03-02,23.0,6:00 AM,31.8,1:00 PM,TEMPERATURE OBSERVATION 2024.pdf,3
2024-03-03,23.8,7:00 AM,34.2,3:00 PM,TEMPERATURE OBSERVATION 2024.pdf,3
2024-03-04,24.2,6:30 AM,34.6,2:00 PM,TEMPERATURE OBSERVATION 2024.pdf,3
2024-03-05,23.1,7:40 AM,34.6,2:00 PM,TEMPERATURE OBSERVATION 2024.pdf,3
2024-03-06,24.0,6:30 AM,34.2,2:00 PM,TEMPERATURE OBSERVATION 2024.pdf,3
2024-03-07,23.8,7:10 AM,34.3,3:00 PM,TEMPERATURE OBSERVATION 2024.pdf,3
2024-03-08,23.8,6:30 AM,33.9,2:00 PM,TEMPERATURE OBSERVATION 2024.pdf,3
2024-03-09,23.8,6:00 AM,32.8,2:00 PM,TEMPERATURE OBSERVATION 2024.pdf,3
2024-03-10,24.0,6:00 AM,33.9,2:00 PM,TEMPERATURE OBSERVATION 2024.pdf,3
2024-03-11,23.8,6:30 AM,34.0,2:00 PM,TEMPERATURE OBSERVATION 2024.pdf,3
2024-03-12,24.5,6:20 AM,33.3,12:00 PM,TEMPERATURE OBSERVATION 2024.pdf,3
2024-03-13,23.8,6:30 AM,33.4,3:00 PM,TEMPERATURE OBSERVATION 2024.pdf,3
2024-03-14,24.0,6:30 AM,34.0,3:00 PM,TEMPERATURE OBSERVATION 2024.pdf,3
2024-03-15,24.7,7:30 AM,32.6,3:00 PM,TEMPERATURE OBSERVATION 2024.pdf,3
2024-03-16,23.8,6:30 AM,34.4,2:00 PM,TEMPERATURE OBSERVATION 2024.pdf,3
2024-03-17,24.0,6:00 AM,33.4,12:00 PM,TEMPERATURE OBSERVATION 2024.pdf,3
2024-03-18,23.8,7:30 AM,32.6,2:00 PM,TEMPERATURE OBSERVATION 2024.pdf,3
2024-03-19,23.0,6:00 AM,33.6,1:00 PM,TEMPERATURE OBSERVATION 2024.pdf,3
2024-03-20,23.4,7:00 AM,32.8,2:00 PM,TEMPERATURE OBSERVATION 2024.pdf,3
2024-03-21,23.3,6:00 AM,34.5,2:00 PM,TEMPERATURE OBSERVATION 2024.pdf,3
2024-03-22,24.0,6:00 AM,35.2,2:00 PM,TEMPERATURE OBSERVATION 2024.pdf,3
2024-03-23,24.5,6:00 AM,35.4,2:00 PM,TEMPERATURE OBSERVATION 2024.pdf,3
2024-03-24,23.3,6:30 AM,32.5,12:00 PM,TEMPERATURE OBSERVATION 2024.pdf,3
2024-03-25,25.4,6:00 AM,33.8,1:00 PM,TEMPERATURE OBSERVATION 2024.pdf,3
2024-03-26,26.3,6:30 AM,36.0,3:00 PM,TEMPERATURE OBSERVATION 2024.pdf,3
2024-03-27,26.7,6:30 AM,37.9,2:00 PM,TEMPERATURE OBSERVATION 2024.pdf,3
2024-03-28,27.0,6:30 AM,37.0,2:00 PM,TEMPERATURE OBSERVATION 2024.pdf,3
2024-03-29,24.6,6:00 AM,35.8,1:00 PM,TEMPERATURE OBSERVATION 2024.pdf,3
2024-03-30,24.2,2:00 PM,35.3,2:00 PM,TEMPERATURE OBSERVATION 2024.pdf,3
2024-03-31,25.0,6:30 AM,35.0,1:00 PM,TEMPERATURE OBSERVATION 2024.pdf,3
2024-04-01,24.9,6:10 am,36.2,2:00 PM,TEMPERATURE OBSERVATION 2024.pdf,4
2024-04-02,24.7,12:00 PM,35.8,1:00 PM,TEMPERATURE OBSERVATION 2024.pdf,4
2024-04-03,26.4,6:00 AM,36.4,1:00 PM,TEMPERATURE OBSERVATION 2024.pdf,4
2024-04-04,25.9,6:00 AM,36.0,2:00 PM,TEMPERATURE OBSERVATION 2024.pdf,4
2024-04-05,26.2,6:00 AM,35.5,5:00 PM,TEMPERATURE OBSERVATION 2024.pdf,4
2024-04-06,26.0,6:30 AM,36.4,3:00 PM,TEMPERATURE OBSERVATION 2024.pdf,4
2024-04-07,26.0,6:00 AM,36.2,3:00 PM,TEMPERATURE OBSERVATION 2024.pdf,4
2024-04-08,26.5,6:00 AM,35.0,3:00 PM,TEMPERATURE OBSERVATION 2024.pdf,4
2024-04-09,24.5,6:30 AM,36.5,2:00 PM,TEMPERATURE OBSERVATION 2024.pdf,4
2024-04-10,24.8,5:30 AM,35.0,1:00 PM,TEMPERATURE OBSERVATION 2024.pdf,4
2024-04-11,23.4,4:00 AM,35.6,2:00 PM,TEMPERATURE OBSERVATION 2024.pdf,4
2024-04-12,24.5,6:30 AM,34.8,1:00 PM,TEMPERATURE OBSERVATION 2024.pdf,4
2024-04-13,24.2,5:30 AM,36.0,1:00 PM,TEMPERATURE OBSERVATION 2024.pdf,4
2024-04-14,24.5,6:00 AM,35.8,1:00 PM,TEMPERATURE OBSERVATION 2024.pdf,4
2024-04-15,24.2,6:00 AM,37.1,3:00 PM,TEMPERATURE OBSERVATION 2024.pdf,4
2024-04-16,24.4,4:30 AM,36.6,1:00 PM,TEMPERATURE OBSERVATION 2024.pdf,4
2024-04-17,24.6,6:30 AM,34.9,3:00 PM,TEMPERATURE OBSERVATION 2024.pdf,4
2024-04-18,23.8,6:00 AM,36.0,1:00 PM,TEMPERATURE OBSERVATION 2024.pdf,4
2024-04-19,24.6,6:50 AM,36.5,2:00 PM,TEMPERATURE OBSERVATION 2024.pdf,4
2024-04-20,24.8,6:30 AM,36.2,2:00 PM,TEMPERATURE OBSERVATION 2024.pdf,4
2024-04-21,25.0,6:00 AM,35.9,12:00 PM,TEMPERATURE OBSERVATION 2024.pdf,4
2024-04-22,25.2,6:00 AM,35.4,1:00 PM,TEMPERATURE OBSERVATION 2024.pdf,4
2024-04-23,25.2,6:20 AM,35.5,1:00 PM,TEMPERATURE OBSERVATION 2024.pdf,4
2024-04-24,25.3,6:20 AM,38.1,1:00 PM,TEMPERATURE OBSERVATION 2024.pdf,4
2024-04-25,23.3,6:20 AM,35.1,2:00 PM,TEMPERATURE OBSERVATION 2024.pdf,4
2024-04-26,26.0,6:00 AM,35.4,2:00 PM,TEMPERATURE OBSERVATION 2024.pdf,4
2024-04-27,25.3,6:30 AM,36.3,1:00 PM,TEMPERATURE OBSERVATION 2024.pdf,4
2024-04-28,25.0,6:30 AM,37.3,2:00 PM,TEMPERATURE OBSERVATION 2024.pdf,4
2024-04-29,25.8,6:00 AM,36.4,1:00 PM,TEMPERATURE OBSERVATION 2024.pdf,4
2024-04-30,27.5,7:00 AM,37.5,2:00 PM,TEMPERATURE OBSERVATION 2024.pdf,4
2024-05-01,26.0,6:10 am,35.8,1:00 pm,TEMPERATURE OBSERVATION 2024.pdf,5
2024-05-02,25.0,6:00 am,37.2,2:00 pm,TEMPERATURE OBSERVATION 2024.pdf,5
2024-05-03,24.9,6:00 am,36.9,3:00 pm,TEMPERATURE OBSERVATION 2024.pdf,5
2024-05-04,24.9,5:30 am,35.4,2:00 pm,TEMPERATURE OBSERVATION 2024.pdf,5
2024-05-05,24.0,6:15 am,35.4,2:00 pm,TEMPERATURE OBSERVATION 2024.pdf,5
2024-05-06,25.1,6:00 am,36.9,2:00 pm,TEMPERATURE OBSERVATION 2024.pdf,5
2024-05-07,28.8,6:00 am,36.0,3:00 pm,TEMPERATURE OBSERVATION 2024.pdf,5
2024-05-08,23.2,5:40 am,36.4,2:00 pm,TEMPERATURE OBSERVATION 2024.pdf,5
2024-05-09,28.2,6:00 am,37.0,1:00 pm,TEMPERATURE OBSERVATION 2024.pdf,5
2024-05-10,23.0,5:30 am,35.5,4:00 pm,TEMPERATURE OBSERVATION 2024.pdf,5
2024-05-11,23.8,5:30 am,36.2,1:00 pm,TEMPERATURE OBSERVATION 2024.pdf,5
2024-05-12,23.1,5:50 am,35.5,12:00 pm,TEMPERATURE OBSERVATION 2024.pdf,5
2024-05-13,23.2,6:00 am,35.8,2:00 pm,TEMPERATURE OBSERVATION 2024.pdf,5
2024-05-14,23.3,6:00 am,36.2,12:00 pm,TEMPERATURE OBSERVATION 2024.pdf,5
2024-05-15,22.7,6:00 am,36.1,11:00 am,TEMPERATURE OBSERVATION 2024.pdf,5
2024-05-16,22.8,5:00 am,36.0,2:00 pm,TEMPERATURE OBSERVATION 2024.pdf,5
2024-05-17,23.0,7:00 am,35.6,3:00 pm,TEMPERATURE OBSERVATION 2024.pdf,5
2024-05-18,22.8,7:00 am,35.6,1:00 pm,TEMPERATURE OBSERVATION 2024.pdf,5
2024-05-19,22.5,6:30 am,35.6,12:00 pm,TEMPERATURE OBSERVATION 2024.pdf,5
2024-05-20,22.5,6:30 am,35.5,2:00 pm,TEMPERATURE OBSERVATION 2024.pdf,5
2024-05-21,23.3,4:20 am,36.0,1:00 pm,TEMPERATURE OBSERVATION 2024.pdf,5
2024-05-22,23.0,6:40 am,34.8,2:00 pm,TEMPERATURE OBSERVATION 2024.pdf,5
2024-05-23,23.8,6:00 am,34.4,12:00 pm,TEMPERATURE OBSERVATION 2024.pdf,5
2024-05-24,21.9,7:00 am,29.5,11:00 am,TEMPERATURE OBSERVATION 2024.pdf,5
2024-05-25,23.0,6:00 am,32.4,4:00 pm,TEMPERATURE OBSERVATION 2024.pdf,5
2024-05-26,20.8,5:00 am,31.8,12:00 pm,TEMPERATURE OBSERVATION 2024.pdf,5
2024-05-27,21.9,6:00 am,29.0,12:00 pm,TEMPERATURE OBSERVATION 2024.pdf,5
2024-05-28,22.0,5:00 am,31.0,1:00 pm,TEMPERATURE OBSERVATION 2024.pdf,5
2024-05-29,21.8,6:00 am,31.8,2:00 pm,TEMPERATURE OBSERVATION 2024.pdf,5
2024-05-30,22.1,6:00 am,34.4,1:00 pm,TEMPERATURE OBSERVATION 2024.pdf,5
2024-05-31,23.0,5:00 am,34.4,2:00 pm,TEMPERATURE OBSERVATION 2024.pdf,5
2024-06-01,22.5,5:00 pm,35.6,1:00 pm,TEMPERATURE OBSERVATION 2024.pdf,6
2024-06-02,20.8,6:00 am,34.1,1:00 pm,TEMPERATURE OBSERVATION 2024.pdf,6
2024-06-03,22.2,4:00 am,33.6,1:00 pm,TEMPERATURE OBSERVATION 2024.pdf,6
2024-06-04,21.5,6:00 am,33.0,2:00 pm,TEMPERATURE OBSERVATION 2024.pdf,6
2024-06-05,21.3,4:00 am,33.1,3:00 pm,TEMPERATURE OBSERVATION 2024.pdf,6
2024-06-06,20.3,6:00 am,32.5,12:00 pm,TEMPERATURE OBSERVATION 2024.pdf,6
2024-06-07,21.0,6:00 am,32.4,12:00 pm,TEMPERATURE OBSERVATION 2024.pdf,6
2024-06-08,20.8,6:00 am,32.8,1:00 pm,TEMPERATURE OBSERVATION 2024.pdf,6
2024-06-09,21.4,6:00 am,33.0,1:00 pm,TEMPERATURE OBSERVATION 2024.pdf,6
2024-06-10,21.0,6:00 am,32.4,12:00 pm,TEMPERATURE OBSERVATION 2024.pdf,6
2024-06-11,20.9,6:40 am,32.7,11:00 am,TEMPERATURE OBSERVATION 2024.pdf,6
2024-06-12,21.4,6:00 am,33.6,2:00 pm,TEMPERATURE OBSERVATION 2024.pdf,6
2024-06-13,21.0,6:30 am,33.4,3:00 pm,TEMPERATURE OBSERVATION 2024.pdf,6
2024-06-14,20.3,6:30 am,31.3,11:00 am,TEMPERATURE OBSERVATION 2024.pdf,6
2024-06-15,22.8,6:30 am,32.4,4:00 pm,TEMPERATURE OBSERVATION 2024.pdf,6
2024-06-16,22.0,6:00 am,31.6,1:00 pm,TEMPERATURE OBSERVATION 2024.pdf,6
2024-06-17,19.8,6:00 am,30.2,12:00 pm,TEMPERATURE OBSERVATION 2024.pdf,6
2024-06-18,21.3,6:00 am,32.8,1:00 pm,TEMPERATURE OBSERVATION 2024.pdf,6
2024-06-19,20.8,3:00 am,29.4,2:00 pm,TEMPERATURE OBSERVATION 2024.pdf,6
2024-06-20,20.3,11:00 pm,31.6,12:00 pm,TEMPERATURE OBSERVATION 2024.pdf,6
2024-06-21,20.0,6:00 am,28.4,1:00 pm,TEMPERATURE OBSERVATION 2024.pdf,6
2024-06-22,20.2,6:00 am,31.6,1:00 pm,TEMPERATURE OBSERVATION 2024.pdf,6
2024-06-23,21.8,6:00 am,32.1,1:00 pm,TEMPERATURE OBSERVATION 2024.pdf,6
2024-06-24,20.1,6:00 am,32.0,11:00 am,TEMPERATURE OBSERVATION 2024.pdf,6
2024-06-25,22.4,6:00 am,32.8,2:00 pm,TEMPERATURE OBSERVATION 2024.pdf,6
2024-06-26,21.6,4:30 am,32.4,12:00 pm,TEMPERATURE OBSERVATION 2024.pdf,6
2024-06-27,21.0,6:30 am,32.9,3:00 pm,TEMPERATURE OBSERVATION 2024.pdf,6
2024-06-28,21.9,6:30 am,32.4,1:00 pm,TEMPERATURE OBSERVATION 2024.pdf,6
2024-06-29,21.3,6:40 am,31.9,11:00 am,TEMPERATURE OBSERVATION 2024.pdf,6
2024-06-30,21.2,6:00 am,31.8,11:00 am,TEMPERATURE OBSERVATION 2024.pdf,6
2024-07-01,22.2,6:00 am,32.0,3:00 pm,TEMPERATURE OBSERVATION 2024.pdf,7
2024-07-02,20.8,6:20 am,31.3,2:00 pm,TEMPERATURE OBSERVATION 2024.pdf,7
2024-07-03,22.3,5:40 am,33.0,3:00 pm,TEMPERATURE OBSERVATION 2024.pdf,7
2024-07-04,21.5,6:00 am,30.8,11:00 am,TEMPERATURE OBSERVATION 2024.pdf,7
2024-07-05,20.8,6:00 am,32.1,12:00 pm,TEMPERATURE OBSERVATION 2024.pdf,7
2024-07-06,21.5,6:30 am,32.4,3:00 pm,TEMPERATURE OBSERVATION 2024.pdf,7
2024-07-07,21.0,6:00 am,32.4,1:00 pm,TEMPERATURE OBSERVATION 2024.pdf,7
2024-07-08,19.8,6:00 am,31.9,2:00 pm,TEMPERATURE OBSERVATION 2024.pdf,7
2024-07-09,20.0,2:00 am,32.6,2:00 pm,TEMPERATURE OBSERVATION 2024.pdf,7
2024-07-10,21.5,3:00 am,32.1,12:00 pm,TEMPERATURE OBSERVATION 2024.pdf,7
2024-07-11,20.8,7:00 am,32.3,2:00 pm,TEMPERATURE OBSERVATION 2024.pdf,7
2024-07-12,21.2,6:20 am,31.5,12:00 pm,TEMPERATURE OBSERVATION 2024.pdf,7
2024-07-13,20.0,6:30 am,30.6,2:00 pm,TEMPERATURE OBSERVATION 2024.pdf,7
2024-07-14,20.8,7:00 am,29.3,1:00 pm,TEMPERATURE OBSERVATION 2024.pdf,7
2024-07-15,20.0,5:00 am,31.1,12:00 pm,TEMPERATURE OBSERVATION 2024.pdf,7
2024-07-16,21.5,6:00 am,32.0,2:00 pm,TEMPERATURE OBSERVATION 2024.pdf,7
2024-07-17,20.3,4:00 am,28.9,2:00 pm,TEMPERATURE OBSERVATION 2024.pdf,7
2024-07-18,20.0,6:00 am,30.7,11:00 am,TEMPERATURE OBSERVATION 2024.pdf,7
2024-07-19,20.8,3:00 am,30.1,11:00 am,TEMPERATURE OBSERVATION 2024.pdf,7
2024-07-20,21.8,6:00 am,31.4,3:00 pm,TEMPERATURE OBSERVATION 2024.pdf,7
2024-07-21,22.0,4:00 am,30.5,11:00 am,TEMPERATURE OBSERVATION 2024.pdf,7
2024-07-22,21.5,1:40 am,25.3,10:40 am,TEMPERATURE OBSERVATION 2024.pdf,7
2024-07-23,20.1,3:10 am,27.9,4:00 pm,TEMPERATURE OBSERVATION 2024.pdf,7
2024-07-24,20.8,5:40 am,29.5,12:00 pm,TEMPERATURE OBSERVATION 2024.pdf,7
2024-07-25,24.9,11:00 pm,30.0,1:00 pm,TEMPERATURE OBSERVATION 2024.pdf,7
2024-07-26,21.3,6:00 am,32.2,1:00 pm,TEMPERATURE OBSERVATION 2024.pdf,7
2024-07-27,20.2,6:30 am,31.9,11:00 am,TEMPERATURE OBSERVATION 2024.pdf,7
2024-07-28,21.0,6:00 am,31.2,2:00 pm,TEMPERATURE OBSERVATION 2024.pdf,7
2024-07-29,20.3,6:00 am,32.5,2:00 pm,TEMPERATURE OBSERVATION 2024.pdf,7
2024-07-30,21.6,6:40 AM,32.9,2:00 pm,TEMPERATURE OBSERVATION 2024.pdf,7
2024-07-31,21.5,6:20 am,33.2,1:00 pm,TEMPERATURE OBSERVATION 2024.pdf,7
2024-08-01,21.0,7:30 AM,32.2,1:00 PM,TEMPERATURE OBSERVATION 2024.pdf,8
2024-08-02,21.2,6:00 AM,31.2,1:00 PM,TEMPERATURE OBSERVATION 2024.pdf,8
2024-08-03,21.0,6:00 AM,30.5,11:00 PM,TEMPERATURE OBSERVATION 2024.pdf,8
2024-08-04,21.8,5:50 AM,31.7,12:00 PM,TEMPERATURE OBSERVATION 2024.pdf,8
2024-08-05,21.8,6:00 AM,32.0,1:00 PM,TEMPERATURE OBSERVATION 2024.pdf,8
2024-08-06,21.8,6:00 AM,31.8,2:00 PM,TEMPERATURE OBSERVATION 2024.pdf,8
2024-08-07,21.5,7:00 AM,31.9,2:00 PM,TEMPERATURE OBSERVATION 2024.pdf,8
2024-08-08,21.8,7:00 AM,32.3,1:00 PM,TEMPERATURE OBSERVATION 2024.pdf,8
2024-08-09,23.2,6:30 AM,32.2,2:00 PM,TEMPERATURE OBSERVATION 2024.pdf,8
2024-08-10,20.8,7:00 AM,31.9,12:00 PM,TEMPERATURE OBSERVATION 2024.pdf,8
2024-08-11,21.0,6:30 AM,32.0,1:00 PM,TEMPERATURE OBSERVATION 2024.pdf,8
2024-08-12,21.2,6:30 AM,31.8,12:00 PM,TEMPERATURE OBSERVATION 2024.pdf,8
2024-08-13,20.4,6:00 AM,32.5,1:00 PM,TEMPERATURE OBSERVATION 2024.pdf,8
2024-08-14,22.5,5:00 AM,32.3,12:00 PM,TEMPERATURE OBSERVATION 2024.pdf,8
2024-08-15,22.4,6:30 AM,32.6,12:00 PM,TEMPERATURE OBSERVATION 2024.pdf,8
2024-08-16,21.8,6:00 AM,33.3,2:00 PM,TEMPERATURE OBSERVATION 2024.pdf,8
2024-08-17,22.0,6:00 AM,33.3,12:00 PM,TEMPERATURE OBSERVATION 2024.pdf,8
2024-08-18,22.5,6:30 AM,33.6,2:00 PM,TEMPERATURE OBSERVATION 2024.pdf,8
2024-08-19,20.8,6:30 AM,31.5,11:00 PM,TEMPERATURE OBSERVATION 2024.pdf,8
2024-08-20,20.8,7:00 AM,33.6,3:00 PM,TEMPERATURE OBSERVATION 2024.pdf,8
2024-08-21,21.5,6:30 AM,33.1,2:00 PM,TEMPERATURE OBSERVATION 2024.pdf,8
2024-08-22,21.4,6:20 AM,33.2,11:00 PM,TEMPERATURE OBSERVATION 2024.pdf,8
2024-08-23,20.7,6:40 AM,31.0,12:00 PM,TEMPERATURE OBSERVATION 2024.pdf,8
2024-08-24,21.2,6:30 AM,31.6,2:00 PM,TEMPERATURE OBSERVATION 2024.pdf,8
2024-08-25,19.9,5:00 AM,30.6,11:00 PM,TEMPERATURE OBSERVATION 2024.pdf,8
2024-08-26,20.8,7:50 AM,30.9,1:00 PM,TEMPERATURE OBSERVATION 2024.pdf,8
2024-08-27,22.2,6:00 am,26.9,1:00 PM,TEMPERATURE OBSERVATION 2024.pdf,8
2024-08-28,21.7,5:00 AM,31.2,11:00 PM,TEMPERATURE OBSERVATION 2024.pdf,8
2024-08-29,23.0,6:00 AM,30.8,2:00 PM,TEMPERATURE OBSERVATION 2024.pdf,8
2024-08-30,21.5,6:00 AM,30.2,12:00 PM,TEMPERATURE OBSERVATION 2024.pdf,8
2024-08-31,21.2,7:00 AM,27.0,1:50 PM,TEMPERATURE OBSERVATION 2024.pdf,8
2024-09-01,21.2,7:00 AM,31.2,12:00 PM,TEMPERATURE OBSERVATION 2024.pdf,9
2024-09-02,22.0,4:00 AM,25.0,7:00 AM,TEMPERATURE OBSERVATION 2024.pdf,9
2024-09-03,22.4,2:30 AM,31.7,2:00 PM,TEMPERATURE OBSERVATION 2024.pdf,9
2024-09-04,20.9,12:00 AM,31.3,1:00 PM,TEMPERATURE OBSERVATION 2024.pdf,9
2024-09-05,22.8,6:00 AM,31.0,2:00 PM,TEMPERATURE OBSERVATION 2024.pdf,9
2024-09-06,22.6,6:00 AM,32.1,1:00 PM,TEMPERATURE OBSERVATION 2024.pdf,9
2024-09-07,20.9,6:00 AM,33.7,1:00 PM,TEMPERATURE OBSERVATION 2024.pdf,9
2024-09-08,21.9,6:00 AM,33.7,2:00 PM,TEMPERATURE OBSERVATION 2024.pdf,9
2024-09-09,19.8,6:00 AM,32.5,11:00 AM,TEMPERATURE OBSERVATION 2024.pdf,9
2024-09-10,22.8,6:30 AM,32.6,2:00 PM,TEMPERATURE OBSERVATION 2024.pdf,9
2024-09-11,22.1,5:45 AM,30.8,12:00 PM,TEMPERATURE OBSERVATION 2024.pdf,9
2024-09-12,21.8,5:30 AM,32.0,11:00 AM,TEMPERATURE OBSERVATION 2024.pdf,9
2024-09-13,20.8,2:30 AM,30.4,12:00 PM,TEMPERATURE OBSERVATION 2024.pdf,9
2024-09-14,21.0,6:30 AM,26.0,12:00 PM,TEMPERATURE OBSERVATION 2024.pdf,9
2024-09-15,20.8,5:00 AM,26.7,12:00 PM,TEMPERATURE OBSERVATION 2024.pdf,9
2024-09-16,20.5,9:00 PM,26.6,2:00 PM,TEMPERATURE OBSERVATION 2024.pdf,9
2024-09-17,20.2,6:30 AM,24.8,2:00 PM,TEMPERATURE OBSERVATION 2024.pdf,9
2024-09-18,20.3,4:00 AM,31.9,1:00 PM,TEMPERATURE OBSERVATION 2024.pdf,9
2024-09-19,21.0,6:00 AM,31.8,2:00 PM,TEMPERATURE OBSERVATION 2024.pdf,9
2024-09-20,20.3,6:00 AM,32.1,12:00 PM,TEMPERATURE OBSERVATION 2024.pdf,9
2024-09-21,21.4,5:00 AM,34.0,2:00 PM,TEMPERATURE OBSERVATION 2024.pdf,9
2024-09-22,21.1,6:30 AM,33.2,12:00 PM,TEMPERATURE OBSERVATION 2024.pdf,9
2024-09-23,21.3,6:00 AM,34.0,2:00 PM,TEMPERATURE OBSERVATION 2024.pdf,9
2024-09-24,21.3,5:40 AM,33.5,1:00 PM,TEMPERATURE OBSERVATION 2024.pdf,9
2024-09-25,21.1,5:50 AM,32.5,1:00 PM,TEMPERATURE OBSERVATION 2024.pdf,9
2024-09-26,20.5,6:30 AM,32.4,1:00 PM,TEMPERATURE OBSERVATION 2024.pdf,9
2024-09-27,21.3,6:30 AM,32.5,1:00 PM,TEMPERATURE OBSERVATION 2024.pdf,9
2024-09-28,23.8,6:00 AM,32.5,1:00 PM,TEMPERATURE OBSERVATION 2024.pdf,9
2024-09-29,23.2,5:00 AM,31.0,2:00 PM,TEMPERATURE OBSERVATION 2024.pdf,9
2024-09-30,21.8,12:10 AM,32.2,2:00 PM,TEMPERATURE OBSERVATION 2024.pdf,9
2024-10-01,20.7,6:00 AM,32.6,12:00 PM,TEMPERATURE OBSERVATION 2024.pdf,10
2024-10-02,21.5,5:00 AM,32.6,2:00 PM,TEMPERATURE OBSERVATION 2024.pdf,10
2024-10-03,21.3,6:30 AM,34.5,1:00 PM,TEMPERATURE OBSERVATION 2024.pdf,10
2024-10-04,20.5,5:40 AM,32.8,12:00 PM,TEMPERATURE OBSERVATION 2024.pdf,10
2024-10-05,21.0,6:00 AM,30.2,12:00 PM,TEMPERATURE OBSERVATION 2024.pdf,10
2024-10-06,19.3,6:40 AM,30.5,1:00 PM,TEMPERATURE OBSERVATION 2024.pdf,10
2024-10-07,19.7,6:30 AM,31.3,12:00 PM,TEMPERATURE OBSERVATION 2024.pdf,10
2024-10-08,21.6,6:00 AM,31.6,2:00 PM,TEMPERATURE OBSERVATION 2024.pdf,10
2024-10-09,20.8,6:00 AM,32.6,1:00 PM,TEMPERATURE OBSERVATION 2024.pdf,10
2024-10-10,20.5,5:30 AM,32.3,2:00 PM,TEMPERATURE OBSERVATION 2024.pdf,10
2024-10-11,21.0,5:00 AM,33.4,1:00 PM,TEMPERATURE OBSERVATION 2024.pdf,10
2024-10-12,20.6,5:40 AM,31.9,12:00 PM,TEMPERATURE OBSERVATION 2024.pdf,10
2024-10-13,20.7,5:30 AM,32.4,1:00 PM,TEMPERATURE OBSERVATION 2024.pdf,10
2024-10-14,22.4,6:30 AM,33.4,12:00 PM,TEMPERATURE OBSERVATION 2024.pdf,10
2024-10-15,20.8,5:40 PM,32.2,2:00 PM,TEMPERATURE OBSERVATION 2024.pdf,10
2024-10-16,20.6,5:00 AM,32.2,2:00 PM,TEMPERATURE OBSERVATION 2024.pdf,10
2024-10-17,20.5,6:30 AM,33.0,2:00 PM,TEMPERATURE OBSERVATION 2024.pdf,10
2024-10-18,21.6,6:00 AM,33.2,1:00 PM,TEMPERATURE OBSERVATION 2024.pdf,10
2024-10-19,21.3,6:00 AM,32.2,2:00 PM,TEMPERATURE OBSERVATION 2024.pdf,10
2024-10-20,21.0,6:30 AM,32.0,12:00 PM,TEMPERATURE OBSERVATION 2024.pdf,10
2024-10-21,20.6,6:10 AM,32.0,12:00 PM,TEMPERATURE OBSERVATION 2024.pdf,10
2024-10-22,20.1,5:30 AM,32.0,12:00 PM,TEMPERATURE OBSERVATION 2024.pdf,10
2024-10-23,21.1,1:40 PM,26.8,12:00 PM,TEMPERATURE OBSERVATION 2024.pdf,10
2024-10-24,21.2,7:30 AM,25.5,11:00 AM,TEMPERATURE OBSERVATION 2024.pdf,10
2024-10-25,20.8,4:30 PM,22.8,7:50 AM,TEMPERATURE OBSERVATION 2024.pdf,10
2024-10-26,20.0,11:00 PM,31.6,2:00 PM,TEMPERATURE OBSERVATION 2024.pdf,10
2024-10-27,21.7,6:00 AM,28.5,2:00 PM,TEMPERATURE OBSERVATION 2024.pdf,10
2024-10-28,21.8,1:00 AM,30.5,11:00 AM,TEMPERATURE OBSERVATION 2024.pdf,10
2024-10-29,21.2,6:30 AM,28.2,2:00 PM,TEMPERATURE OBSERVATION 2024.pdf,10
2024-10-30,22.0,7:30 PM,30.8,2:00 PM,TEMPERATURE OBSERVATION 2024.pdf,10
2024-10-31,21.0,6:30 AM,31.4,1:00 PM,TEMPERATURE OBSERVATION 2024.pdf,10
2024-11-01,21.2,6:00 AM,32.0,2:00 PM,TEMPERATURE OBSERVATION 2024.pdf,11
2024-11-02,21.8,6:40 AM,33.4,2:00 PM,TEMPERATURE OBSERVATION 2024.pdf,11
2024-11-03,21.4,5:00 AM,30.3,2:00 PM,TEMPERATURE OBSERVATION 2024.pdf,11
2024-11-04,21.0,5:50 AM,32.0,1:00 PM,TEMPERATURE OBSERVATION 2024.pdf,11
2024-11-05,19.5,6:00 AM,29.2,1:00 PM,TEMPERATURE OBSERVATION 2024.pdf,11
2024-11-06,21.5,6:00 AM,32.4,1:00 PM,TEMPERATURE OBSERVATION 2024.pdf,11
2024-11-07,22.4,6:30 AM,32.4,12:00 PM,TEMPERATURE OBSERVATION 2024.pdf,11
2024-11-08,21.8,5:50 AM,32.6,2:00 PM,TEMPERATURE OBSERVATION 2024.pdf,11
2024-11-09,19.8,4:30 AM,32.5,1:00 PM,TEMPERATURE OBSERVATION 2024.pdf,11
2024-11-10,21.7,6:00 AM,33.2,1:00 PM,TEMPERATURE OBSERVATION 2024.pdf,11
2024-11-11,20.3,6:30 AM,33.0,2:00 PM,TEMPERATURE OBSERVATION 2024.pdf,11
2024-11-12,20.6,6:00 AM,33.4,2:00 PM,TEMPERATURE OBSERVATION 2024.pdf,11
2024-11-13,21.4,6:30 AM,33.2,1:00 PM,TEMPERATURE OBSERVATION 2024.pdf,11
2024-11-14,21.8,6:00 AM,32.3,12:00 PM,TEMPERATURE OBSERVATION 2024.pdf,11
2024-11-15,20.9,6:30 AM,33.2,2:00 PM,TEMPERATURE OBSERVATION 2024.pdf,11
2024-11-16,20.0,6:00 AM,31.2,11:00 AM,TEMPERATURE OBSERVATION 2024.pdf,11
2024-11-17,20.8,6:00 AM,31.6,2:00 PM,TEMPERATURE OBSERVATION 2024.pdf,11
2024-11-18,22.2,6:00 AM,33.6,2:00 PM,TEMPERATURE OBSERVATION 2024.pdf,11
2024-11-19,21.7,6:30 AM,32.8,1:00 PM,TEMPERATURE OBSERVATION 2024.pdf,11
2024-11-20,21.3,2:40 AM,33.4,12:00 PM,TEMPERATURE OBSERVATION 2024.pdf,11
2024-11-21,21.7,6:20 AM,32.7,1:00 PM,TEMPERATURE OBSERVATION 2024.pdf,11
2024-11-22,21.8,6:30 AM,33.2,2:00 PM,TEMPERATURE OBSERVATION 2024.pdf,11
2024-11-23,21.2,6:00 AM,33.3,2:00 PM,TEMPERATURE OBSERVATION 2024.pdf,11
2024-11-24,21.5,6:30 AM,33.0,1:00 PM,TEMPERATURE OBSERVATION 2024.pdf,11
2024-11-25,22.0,2:00 AM,32.6,1:00 PM,TEMPERATURE OBSERVATION 2024.pdf,11
2024-11-26,21.8,5:00 AM,33.7,2:00 PM,TEMPERATURE OBSERVATION 2024.pdf,11
2024-11-27,22.0,6:00 AM,33.4,12:00 PM,TEMPERATURE OBSERVATION 2024.pdf,11
2024-11-28,21.0,6:00 AM,33.4,2:00 PM,TEMPERATURE OBSERVATION 2024.pdf,11
2024-11-29,21.2,5:30 AM,31.0,1:00 PM,TEMPERATURE OBSERVATION 2024.pdf,11
2024-11-30,21.5,6:00 AM,31.6,1:00 PM,TEMPERATURE OBSERVATION 2024.pdf,11
2024-12-01,21.0,6:00 AM,30.8,2:00 PM,TEMPERATURE OBSERVATION 2024.pdf,12
2024-12-02,21.4,6:00 AM,32.0,11:00 AM,TEMPERATURE OBSERVATION 2024.pdf,12
2024-12-03,21.6,6:00 AM,33.8,2:00 PM,TEMPERATURE OBSERVATION 2024.pdf,12
2024-12-04,21.0,5:00 AM,33.4,2:00 PM,TEMPERATURE OBSERVATION 2024.pdf,12
2024-12-05,21.3,6:30 AM,32.8,1:00 PM,TEMPERATURE OBSERVATION 2024.pdf,12
2024-12-06,22.0,6:00 AM,32.2,2:00 PM,TEMPERATURE OBSERVATION 2024.pdf,12
2024-12-07,22.6,6:00 AM,31.6,1:00 PM,TEMPERATURE OBSERVATION 2024.pdf,12
2024-12-08,22.0,2:00 AM,30.4,12:00 PM,TEMPERATURE OBSERVATION 2024.pdf,12
2024-12-09,22.0,6:00 AM,32.6,3:00 PM,TEMPERATURE OBSERVATION 2024.pdf,12
2024-12-10,21.9,6:00 AM,32.8,1:00 PM,TEMPERATURE OBSERVATION 2024.pdf,12
2024-12-11,21.8,6:00 AM,31.2,1:00 PM,TEMPERATURE OBSERVATION 2024.pdf,12
2024-12-12,21.0,5:00 AM,33.2,1:00 PM,TEMPERATURE OBSERVATION 2024.pdf,12
2024-12-13,20.8,6:00 AM,30.2,2:00 PM,TEMPERATURE OBSERVATION 2024.pdf,12
2024-12-14,21.5,4:00 AM,32.7,1:00 PM,TEMPERATURE OBSERVATION 2024.pdf,12
2024-12-15,21.6,5:30 AM,29.9,2:00 PM,TEMPERATURE OBSERVATION 2024.pdf,12
2024-12-16,19.1,7:30 AM,30.2,11:00 AM,TEMPERATURE OBSERVATION 2024.pdf,12
2024-12-17,20.9,10:00 AM,27.5,2:00 PM,TEMPERATURE OBSERVATION 2024.pdf,12
2024-12-18,21.4,6:00 AM,31.3,2:00 PM,TEMPERATURE OBSERVATION 2024.pdf,12
2024-12-19,20.8,5:40 AM,30.3,12:00 PM,TEMPERATURE OBSERVATION 2024.pdf,12
2024-12-20,21.1,6:00 AM,27.8,3:00 PM,TEMPERATURE OBSERVATION 2024.pdf,12
2024-12-21,21.0,4:00 AM,27.0,2:00 PM,TEMPERATURE OBSERVATION 2024.pdf,12
2024-12-22,21.4,6:40 AM,32.0,2:00 PM,TEMPERATURE OBSERVATION 2024.pdf,12
2024-12-23,19.7,5:00 AM,30.0,2:00 PM,TEMPERATURE OBSERVATION 2024.pdf,12
2024-12-24,21.3,6:30 AM,31.2,3:00 PM,TEMPERATURE OBSERVATION 2024.pdf,12
2024-12-25,21.0,6:00 AM,29.8,12:00 PM,TEMPERATURE OBSERVATION 2024.pdf,12
2024-12-26,21.8,6:00 AM,31.7,1:00 PM,TEMPERATURE OBSERVATION 2024.pdf,12
2024-12-27,20.8,6:00 AM,29.6,12:00 PM,TEMPERATURE OBSERVATION 2024.pdf,12
2024-12-28,20.0,6:00 AM,28.5,12:00 PM,TEMPERATURE OBSERVATION 2024.pdf,12
2024-12-29,21.0,2:00 AM,29.3,12:00 PM,TEMPERATURE OBSERVATION 2024.pdf,12
2024-12-30,21.0,6:00 AM,31.7,2:00 PM,TEMPERATURE OBSERVATION 2024.pdf,12
2024-12-31,25.0,5:20 AM,31.3,2:00 PM,TEMPERATURE OBSERVATION 2024.pdf,12
2025-01-01,20.7,4:00 am,31.4,2:00 pm,TEMPERATURE OBSERVATION 2025.pdf,1
2025-01-02,21.3,6:00 am,31.9,1:00 pm,TEMPERATURE OBSERVATION 2025.pdf,1
2025-01-03,21.0,6:00 am,32.3,12:00 pm,TEMPERATURE OBSERVATION 2025.pdf,1
2025-01-04,19.8,6:00 am,31.7,1:00 pm,TEMPERATURE OBSERVATION 2025.pdf,1
2025-01-05,19.0,6:00 am,30.9,2:00 pm,TEMPERATURE OBSERVATION 2025.pdf,1
2025-01-06,20.7,6:00 am,31.9,2:00 pm,TEMPERATURE OBSERVATION 2025.pdf,1
2025-01-07,21.0,6:00 am,31.9,2:00 pm,TEMPERATURE OBSERVATION 2025.pdf,1
2025-01-08,20.0,5:00 am,26.4,2:00 pm,TEMPERATURE OBSERVATION 2025.pdf,1
2025-01-09,20.2,6:00 am,29.9,12:00 pm,TEMPERATURE OBSERVATION 2025.pdf,1
2025-01-10,20.0,6:00 am,26.9,3:15 pm,TEMPERATURE OBSERVATION 2025.pdf,1
2025-01-11,20.2,5:30 am,31.3,6:10 pm,TEMPERATURE OBSERVATION 2025.pdf,1
2025-01-12,24.0,5:40 am,29.3,12:10 pm,TEMPERATURE OBSERVATION 2025.pdf,1
2025-01-13,24.5,"5:00 am
6:00 am
7:00 am
7:00 am
6:00 am
7:00 am
6:00 am
6:00 am
7:00 am",31.1,2:00 pm,TEMPERATURE OBSERVATION 2025.pdf,1
2025-01-14,25.0,,30.9,12:00 pm,TEMPERATURE OBSERVATION 2025.pdf,1
2025-01-15,24.6,,31.3,1:00 pm,TEMPERATURE OBSERVATION 2025.pdf,1
2025-01-16,24.6,,30.1,1:00 pm,TEMPERATURE OBSERVATION 2025.pdf,1
2025-01-17,24.1,,31.5,2:00 pm,TEMPERATURE OBSERVATION 2025.pdf,1
2025-01-18,24.0,,32.1,2:00 pm,TEMPERATURE OBSERVATION 2025.pdf,1
2025-01-19,23.7,,31.4,2:00 pm,TEMPERATURE OBSERVATION 2025.pdf,1
2025-01-20,24.5,,30.5,3:00 pm,TEMPERATURE OBSERVATION 2025.pdf,1
2025-01-21,24.2,,31.6,12:00 pm,TEMPERATURE OBSERVATION 2025.pdf,1
2025-01-22,25.0,5:00 am,32.3,2:00 pm,TEMPERATURE OBSERVATION 2025.pdf,1
2025-01-23,24.7,"6:00 am
6:10 am
7:00 am
7:00 am
6:00 am
5:00 am
6:00 am
6:00 am",31.5,3:00 pm,TEMPERATURE OBSERVATION 2025.pdf,1
2025-01-24,24.0,,33.1,1:00 pm,TEMPERATURE OBSERVATION 2025.pdf,1
2025-01-25,24.6,,33.3,1:00 pm,TEMPERATURE OBSERVATION 2025.pdf,1
2025-01-26,23.8,,31.8,1:00 pm,TEMPERATURE OBSERVATION 2025.pdf,1
2025-01-27,23.3,,30.3,1:00 pm,TEMPERATURE OBSERVATION 2025.pdf,1
2025-01-28,23.8,,29.5,1:00 pm,TEMPERATURE OBSERVATION 2025.pdf,1
2025-01-29,24.5,,30.3,1:00 pm,TEMPERATURE OBSERVATION 2025.pdf,1
2025-01-30,24.8,,31.4,2:00 pm,TEMPERATURE OBSERVATION 2025.pdf,1
2025-01-31,23.7,6:40 am,33.3,2:00 pm,TEMPERATURE OBSERVATION 2025.pdf,1
2025-02-01,24.0,5:00 am,32.5,11:00 am,TEMPERATURE OBSERVATION 2025.pdf,2
2025-02-02,24.0,6:00 am,33.5,1:00 pm,TEMPERATURE OBSERVATION 2025.pdf,2
2025-02-03,23.7,7:00 am,33.3,3:00 pm,TEMPERATURE OBSERVATION 2025.pdf,2
2025-02-04,23.5,7:00 am,32.7,2:00 pm,TEMPERATURE OBSERVATION 2025.pdf,2
2025-02-05,24.3,7:00 am,32.1,3:00 pm,TEMPERATURE OBSERVATION 2025.pdf,2
2025-02-06,23.0,2:00 am,29.5,12:00 pm,TEMPERATURE OBSERVATION 2025.pdf,2
2025-02-07,23.9,7:00 am,26.3,4:50 pm,TEMPERATURE OBSERVATION 2025.pdf,2
2025-02-08,23.7,6:50 am,32.1,2:00 pm,TEMPERATURE OBSERVATION 2025.pdf,2
2025-02-09,24.0,7:00 am,30.5,1:00 pm,TEMPERATURE OBSERVATION 2025.pdf,2
2025-02-10,24.2,4:00 am,31.2,2:40 pm,TEMPERATURE OBSERVATION 2025.pdf,2
2025-02-11,24.9,6:10 am,32.1,1:00 pm,TEMPERATURE OBSERVATION 2025.pdf,2
2025-02-12,25.0,7:00 am,32.5,2:50 pm,TEMPERATURE OBSERVATION 2025.pdf,2
2025-02-13,24.2,7:00 am,30.7,1:00 pm,TEMPERATURE OBSERVATION 2025.pdf,2
2025-02-14,24.8,6:40 am,32.3,2:00 pm,TEMPERATURE OBSERVATION 2025.pdf,2
2025-02-15,25.0,6:00 am,32.9,2:00 pm,TEMPERATURE OBSERVATION 2025.pdf,2
2025-02-16,24.5,6:50 am,33.9,12:00 pm,TEMPERATURE OBSERVATION 2025.pdf,2
2025-02-17,24.5,7:00 am,33.3,1:00 pm,TEMPERATURE OBSERVATION 2025.pdf,2
2025-02-18,24.8,6:00 am,32.5,3:10 pm,TEMPERATURE OBSERVATION 2025.pdf,2
2025-02-19,24.5,2:00 am,31.7,1:00 pm,TEMPERATURE OBSERVATION 2025.pdf,2
2025-02-20,24.2,12:20 am,31.4,12:00 pm,TEMPERATURE OBSERVATION 2025.pdf,2
2025-02-21,24.0,7:10 am,31.3,12:20 pm,TEMPERATURE OBSERVATION 2025.pdf,2
2025-02-22,23.6,7:00 am,28.5,3:00 pm,TEMPERATURE OBSERVATION 2025.pdf,2
2025-02-23,23.5,6:00 am,31.5,1:50 pm,TEMPERATURE OBSERVATION 2025.pdf,2
2025-02-24,23.4,6:40 am,29.5,3:00 pm,TEMPERATURE OBSERVATION 2025.pdf,2
2025-02-25,24.9,6:50 am,30.5,1:00 pm,TEMPERATURE OBSERVATION 2025.pdf,2
2025-02-26,23.2,6:40 am,29.3,3:00 pm,TEMPERATURE OBSERVATION 2025.pdf,2
2025-02-27,23.0,6:00 am,30.5,2:00 pm,TEMPERATURE OBSERVATION 2025.pdf,2
2025-02-28,24.3,6:50 am,31.7,1:00 pm,TEMPERATURE OBSERVATION 2025.pdf,2
2025-03-01,24.4,6:00 am,31.1,12:00 pm,TEMPERATURE OBSERVATION 2025.pdf,3
2025-03-02,24.2,6:30 am,32.7,1:40 pm,TEMPERATURE OBSERVATION 2025.pdf,3
2025-03-03,25.0,6:30 am,32.0,3:00 pm,TEMPERATURE OBSERVATION 2025.pdf,3
2025-03-04,25.7,6:00 am,33.9,2:00 pm,TEMPERATURE OBSERVATION 2025.pdf,3
2025-03-05,25.5,6:40 am,33.5,2:00 pm,TEMPERATURE OBSERVATION 2025.pdf,3
2025-03-06,25.6,6:40 am,33.7,1:00 pm,TEMPERATURE OBSERVATION 2025.pdf,3
2025-03-07,24.8,6:00 am,34.2,2:00 pm,TEMPERATURE OBSERVATION 2025.pdf,3
2025-03-08,25.5,6:00 am,33.5,2:00 pm,TEMPERATURE OBSERVATION 2025.pdf,3
2025-03-09,24.7,4:10 am,32.7,12:00 pm,TEMPERATURE OBSERVATION 2025.pdf,3
2025-03-10,25.2,6:30 am,32.9,1:00 pm,TEMPERATURE OBSERVATION 2025.pdf,3
2025-03-11,25.7,6:00 am,33.5,1:30 pm,TEMPERATURE OBSERVATION 2025.pdf,3
2025-03-12,25.3,6:00 am,33.5,1:00 pm,TEMPERATURE OBSERVATION 2025.pdf,3
2025-03-13,21.0,6:50 am,34.0,1:00 pm,TEMPERATURE OBSERVATION 2025.pdf,3
2025-03-14,25.0,6:00 am,32.1,12:00 pm,TEMPERATURE OBSERVATION 2025.pdf,3
2025-03-15,25.0,4:00 am,32.1,3:00 pm,TEMPERATURE OBSERVATION 2025.pdf,3
2025-03-16,25.0,6:00 am,30.9,3:00 pm,TEMPERATURE OBSERVATION 2025.pdf,3
2025-03-17,24.6,6:40 am,30.9,2:00 pm,TEMPERATURE OBSERVATION 2025.pdf,3
2025-03-18,24.6,7:08 am,31.5,1:00 pm,TEMPERATURE OBSERVATION 2025.pdf,3
2025-03-19,23.6,7:10 am,30.1,3:00 pm,TEMPERATURE OBSERVATION 2025.pdf,3
2025-03-20,24.0,5:40 am,28.0,4:00 pm,TEMPERATURE OBSERVATION 2025.pdf,3
2025-03-21,24.0,6:15 am,29.7,1:00 pm,TEMPERATURE OBSERVATION 2025.pdf,3
2025-03-22,23.9,6:20 am,31.0,12:30 pm,TEMPERATURE OBSERVATION 2025.pdf,3
2025-03-23,24.0,6:10 am,30.7,12:00 pm,TEMPERATURE OBSERVATION 2025.pdf,3
2025-03-24,23.6,7:10 am,32.3,2:00 pm,TEMPERATURE OBSERVATION 2025.pdf,3
2025-03-25,25.2,4:40 am,33.7,2:00 pm,TEMPERATURE OBSERVATION 2025.pdf,3
2025-03-26,25.9,7:20 am,33.3,3:00 pm,TEMPERATURE OBSERVATION 2025.pdf,3
2025-03-27,24.8,7:00 am,32.9,1:00 pm,TEMPERATURE OBSERVATION 2025.pdf,3
2025-03-28,21.8,6:00 am,33.1,2:00 pm,TEMPERATURE OBSERVATION 2025.pdf,3
2025-03-29,24.9,6:30 am,32.5,2:40 pm,TEMPERATURE OBSERVATION 2025.pdf,3
2025-03-30,24.8,7:00 am,32.9,12:00 pm,TEMPERATURE OBSERVATION 2025.pdf,3
2025-03-31,23.0,6:00 am,33.5,2:00 pm,TEMPERATURE OBSERVATION 2025.pdf,3
2025-04-01,24.0,5:50 AM,32.3,12:00 pm,TEMPERATURE OBSERVATION 2025.pdf,4
2025-04-02,26.4,6:50 am,33.7,2:00 pm,TEMPERATURE OBSERVATION 2025.pdf,4
2025-04-03,25.4,5:40 am,32.5,3:00 pm,TEMPERATURE OBSERVATION 2025.pdf,4
2025-04-04,26.1,6:40 am,33.7,2:00 pm,TEMPERATURE OBSERVATION 2025.pdf,4
2025-04-05,25.0,6:00 am,34.1,2:00 pm,TEMPERATURE OBSERVATION 2025.pdf,4
2025-04-06,24.8,6:00 am,34.7,2:00 pm,TEMPERATURE OBSERVATION 2025.pdf,4
2025-04-07,25.8,6:00 am,34.3,3:00 pm,TEMPERATURE OBSERVATION 2025.pdf,4
2025-04-08,25.9,6:00 am,34.5,1:00 pm,TEMPERATURE OBSERVATION 2025.pdf,4
2025-04-09,24.8,6:30 am,33.9,3:00 pm,TEMPERATURE OBSERVATION 2025.pdf,4
2025-04-10,24.0,6:30 am,34.1,1:00 pm,TEMPERATURE OBSERVATION 2025.pdf,4
2025-04-11,25.8,6:30 am,34.5,3:00 pm,TEMPERATURE OBSERVATION 2025.pdf,4
2025-04-12,25.5,11:00 pm,33.7,12:00 pm,TEMPERATURE OBSERVATION 2025.pdf,4
2025-04-13,22.9,5:40 am,35.3,2:00 pm,TEMPERATURE OBSERVATION 2025.pdf,4
2025-04-14,22.5,6:40 am,33.7,3:00 pm,TEMPERATURE OBSERVATION 2025.pdf,4
2025-04-15,24.6,6:30 am,34.7,12:00 pm,TEMPERATURE OBSERVATION 2025.pdf,4
2025-04-16,25.8,6:40 am,34.7,12:00 pm,TEMPERATURE OBSERVATION 2025.pdf,4
2025-04-17,26.0,6:30 am,34.9,1:00 pm,TEMPERATURE OBSERVATION 2025.pdf,4
2025-04-18,26.0,6:30 am,35.1,3:00 pm,TEMPERATURE OBSERVATION 2025.pdf,4
2025-04-19,25.4,6:30 am,35.9,12:00 pm,TEMPERATURE OBSERVATION 2025.pdf,4
2025-04-20,25.9,6:40 am,35.1,3:00 pm,TEMPERATURE OBSERVATION 2025.pdf,4
2025-04-21,25.7,6:10 am,35.1,3:00 pm,TEMPERATURE OBSERVATION 2025.pdf,4
2025-04-22,25.7,7:00 am,36.3,3:00 pm,TEMPERATURE OBSERVATION 2025.pdf,4
2025-04-23,24.8,6:40 am,34.9,3:00 pm,TEMPERATURE OBSERVATION 2025.pdf,4
2025-04-24,26.2,6:30 am,36.3,3:00 pm,TEMPERATURE OBSERVATION 2025.pdf,4
2025-04-25,25.0,6:40 am,35.3,2:00 pm,TEMPERATURE OBSERVATION 2025.pdf,4
2025-04-26,25.9,6:00 am,34.1,2:00 pm,TEMPERATURE OBSERVATION 2025.pdf,4
2025-04-27,25.1,6:30 am,34.9,1:00 pm,TEMPERATURE OBSERVATION 2025.pdf,4
2025-04-28,25.5,6:00 am,35.3,1:00 pm,TEMPERATURE OBSERVATION 2025.pdf,4
2025-04-29,17.3,6:00 am,34.3,12:00 pm,TEMPERATURE OBSERVATION 2025.pdf,4
2025-04-30,26.1,5:50 am,32.9,12:00 pm,TEMPERATURE OBSERVATION 2025.pdf,4
2025-05-01,26.0,6:40 AM,35.3,1:00 PM,TEMPERATURE OBSERVATION 2025.pdf,5
2025-05-02,25.5,6:00 am,33.5,2:00 pm,TEMPERATURE OBSERVATION 2025.pdf,5
2025-05-03,24.2,5:40 AM,30.1,2:00 pm,TEMPERATURE OBSERVATION 2025.pdf,5
2025-05-04,24.4,6:00 am,33.3,2:00 pm,TEMPERATURE OBSERVATION 2025.pdf,5
2025-05-05,24.8,6:00 am,32.9,12:00 PM,TEMPERATURE OBSERVATION 2025.pdf,5
2025-05-06,24.8,6:40 AM,32.5,12:00 PM,TEMPERATURE OBSERVATION 2025.pdf,5
2025-05-07,25.0,6:30 AM,33.9,1:00 PM,TEMPERATURE OBSERVATION 2025.pdf,5
2025-05-08,25.1,6:30 AM,33.5,2:00 pm,TEMPERATURE OBSERVATION 2025.pdf,5
2025-05-09,25.4,6:10 AM,33.7,2:00 pm,TEMPERATURE OBSERVATION 2025.pdf,5
2025-05-10,25.0,10:00 PM,34.5,2:00 pm,TEMPERATURE OBSERVATION 2025.pdf,5
2025-05-11,25.8,6:00 am,33.1,2:00 pm,TEMPERATURE OBSERVATION 2025.pdf,5
2025-05-12,26.0,5:10 AM,34.6,3:00 PM,TEMPERATURE OBSERVATION 2025.pdf,5
2025-05-13,26.0,6:00 am,33.9,2:00 pm,TEMPERATURE OBSERVATION 2025.pdf,5
2025-05-14,26.3,6:00 am,33.9,3:00 pm,TEMPERATURE OBSERVATION 2025.pdf,5
2025-05-15,25.6,2:00 am,34.5,3:00 pm,TEMPERATURE OBSERVATION 2025.pdf,5
2025-05-16,25.3,5:00 am,33.9,3:00 pm,TEMPERATURE OBSERVATION 2025.pdf,5
2025-05-17,25.4,6:00 am,34.5,1:00 pm,TEMPERATURE OBSERVATION 2025.pdf,5
2025-05-18,25.2,6:00 am,34.3,1:00 pm,TEMPERATURE OBSERVATION 2025.pdf,5
2025-05-19,25.9,6:00 am,34.1,1:00 pm,TEMPERATURE OBSERVATION 2025.pdf,5
2025-05-20,25.0,6:30 am,34.6,2:00 pm,TEMPERATURE OBSERVATION 2025.pdf,5
2025-05-21,25.3,6:00 am,33.3,2:00 pm,TEMPERATURE OBSERVATION 2025.pdf,5
2025-05-22,25.8,6:10 am,33.5,1:00 pm,TEMPERATURE OBSERVATION 2025.pdf,5
2025-05-23,21.9,6:00 am,34.4,1:00 pm,TEMPERATURE OBSERVATION 2025.pdf,5
2025-05-24,24.8,6:00 am,32.3,1:00 pm,TEMPERATURE OBSERVATION 2025.pdf,5
2025-05-25,24.5,6:30 am,32.9,1:00 pm,TEMPERATURE OBSERVATION 2025.pdf,5
2025-05-26,24.9,11:50 pm,33.7,1:00 pm,TEMPERATURE OBSERVATION 2025.pdf,5
2025-05-27,24.3,6:00 am,33.5,3:00 pm,TEMPERATURE OBSERVATION 2025.pdf,5
2025-05-28,25.5,6:30 am,31.1,2:00 pm,TEMPERATURE OBSERVATION 2025.pdf,5
2025-05-29,24.9,6:00 am,31.9,12:00 pm,TEMPERATURE OBSERVATION 2025.pdf,5
2025-05-30,24.8,6:00 am,32.7,1:00 pm,TEMPERATURE OBSERVATION 2025.pdf,5
2025-05-31,25.0,4:00 am,33.6,3:00 pm,TEMPERATURE OBSERVATION 2025.pdf,5
2025-06-01,25.8,6:00 AM,32.4,2:00 PM,TEMPERATURE OBSERVATION 2025.pdf,6
2025-06-02,24.1,6:30 AM,33.1,2:00 PM,TEMPERATURE OBSERVATION 2025.pdf,6
2025-06-03,25.4,6:30 AM,33.3,2:00 PM,TEMPERATURE OBSERVATION 2025.pdf,6
2025-06-04,25.2,6:40 AM,32.7,12:00 PM,TEMPERATURE OBSERVATION 2025.pdf,6
2025-06-05,25.9,6:30 AM,32.7,11:00 AM,TEMPERATURE OBSERVATION 2025.pdf,6
2025-06-06,24.3,6:30 AM,30.3,11:00 AM,TEMPERATURE OBSERVATION 2025.pdf,6
2025-06-07,25.4,5:30 AM,32.1,12:00 PM,TEMPERATURE OBSERVATION 2025.pdf,6
2025-06-08,26.0,6:00 AM,32.2,1:00 PM,TEMPERATURE OBSERVATION 2025.pdf,6
2025-06-09,25.5,2:50 AM,31.7,12:00 PM,TEMPERATURE OBSERVATION 2025.pdf,6
2025-06-10,24.0,2:40 AM,30.9,3:00 PM,TEMPERATURE OBSERVATION 2025.pdf,6
2025-06-11,23.4,11:40 PM,32.1,12:00 PM,TEMPERATURE OBSERVATION 2025.pdf,6
2025-06-12,23.9,6:00 AM,29.5,12:00 PM,TEMPERATURE OBSERVATION 2025.pdf,6
2025-06-13,24.1,6:00 am,32.9,1:00 pm,TEMPERATURE OBSERVATION 2025.pdf,6
2025-06-14,25.8,6:20 am,32.7,12:00 pm,TEMPERATURE OBSERVATION 2025.pdf,6
2025-06-15,24.4,5:40 am,32.9,2:00 pm,TEMPERATURE OBSERVATION 2025.pdf,6
2025-06-16,23.6,5:50 am,31.3,2:00 pm,TEMPERATURE OBSERVATION 2025.pdf,6
2025-06-17,23.9,5:55 am,31.3,1:00 pm,TEMPERATURE OBSERVATION 2025.pdf,6
2025-06-18,25.0,"6:00 am
6:00 am",32.7,2:00 pm,TEMPERATURE OBSERVATION 2025.pdf,6
2025-06-19,25.7,,33.9,2:00 pm,TEMPERATURE OBSERVATION 2025.pdf,6
2025-06-20,24.5,8:30 pm,32.1,2:00 pm,TEMPERATURE OBSERVATION 2025.pdf,6
2025-06-21,24.4,5:30 am,30.1,1:00 pm,TEMPERATURE OBSERVATION 2025.pdf,6
2025-06-22,24.0,5:00 am,31.5,2:00 pm,TEMPERATURE OBSERVATION 2025.pdf,6
2025-06-23,23.9,6:10 am,30.1,1:00 pm,TEMPERATURE OBSERVATION 2025.pdf,6
2025-06-24,24.7,6:40 am,31.7,1:00 pm,TEMPERATURE OBSERVATION 2025.pdf,6
2025-06-25,25.0,6:50 am,30.9,1:00 pm,TEMPERATURE OBSERVATION 2025.pdf,6
2025-06-26,24.7,7:00 am,31.7,1:00 pm,TEMPERATURE OBSERVATION 2025.pdf,6
2025-06-27,24.5,"6:00 am
6:00 am",31.3,12:00 pm,TEMPERATURE OBSERVATION 2025.pdf,6
2025-06-28,24.7,,32.2,1:20 pm,TEMPERATURE OBSERVATION 2025.pdf,6
2025-06-29,24.3,5:30 am,31.0,1:00 pm,TEMPERATURE OBSERVATION 2025.pdf,6
2025-06-30,24.7,7:00 am,31.3,1:00 pm,TEMPERATURE OBSERVATION 2025.pdf,6
2025-07-01,24.9,6:20 AM,30.3,2:00 PM,TEMPERATURE OBSERVATION 2025.pdf,7
2025-07-02,25.3,6:30 AM,31.7,1:00 PM,TEMPERATURE OBSERVATION 2025.pdf,7
2025-07-03,25.3,6:20 AM,31.1,1:00 PM,TEMPERATURE OBSERVATION 2025.pdf,7
2025-07-04,25.0,5:00 AM,31.3,1:00 PM,TEMPERATURE OBSERVATION 2025.pdf,7
2025-07-05,24.4,6:00 AM,30.5,12:00 PM,TEMPERATURE OBSERVATION 2025.pdf,7
2025-07-06,25.6,6:50 AM,31.3,2:00 PM,TEMPERATURE OBSERVATION 2025.pdf,7
2025-07-07,24.7,6:00 AM,31.5,1:00 PM,TEMPERATURE OBSERVATION 2025.pdf,7
2025-07-08,25.6,5:40 AM,32.3,2:00 PM,TEMPERATURE OBSERVATION 2025.pdf,7
2025-07-09,26.8,5:15 AM,31.5,12:00 PM,TEMPERATURE OBSERVATION 2025.pdf,7
2025-07-10,25.7,1:00 AM,32.2,12:00 PM,TEMPERATURE OBSERVATION 2025.pdf,7
2025-07-11,23.8,11:30 PM,31.4,1:00 PM,TEMPERATURE OBSERVATION 2025.pdf,7
2025-07-12,25.0,6:00 AM,31.7,3:50 PM,TEMPERATURE OBSERVATION 2025.pdf,7
2025-07-13,25.2,6:00 am,30.3,1:00 pm,TEMPERATURE OBSERVATION 2025.pdf,7
2025-07-14,24.8,4:00 am,32.3,1:00 pm,TEMPERATURE OBSERVATION 2025.pdf,7
2025-07-15,24.6,6:30 am,29.7,1:00 pm,TEMPERATURE OBSERVATION 2025.pdf,7
2025-07-16,24.2,6:00 am,31.1,1:00 pm,TEMPERATURE OBSERVATION 2025.pdf,7
2025-07-17,24.0,6:00 am,27.2,5:30 pm,TEMPERATURE OBSERVATION 2025.pdf,7
2025-07-18,24.2,6:00 am,28.1,2:00 pm,TEMPERATURE OBSERVATION 2025.pdf,7
2025-07-19,25.0,11:00 am,29.3,2:10 pm,TEMPERATURE OBSERVATION 2025.pdf,7
2025-07-20,23.7,6:00 am,26.9,1:30 pm,TEMPERATURE OBSERVATION 2025.pdf,7
2025-07-21,24.1,4:00 am,29.9,1:00 pm,TEMPERATURE OBSERVATION 2025.pdf,7
2025-07-22,24.9,4:30 am,30.7,1:00 pm,TEMPERATURE OBSERVATION 2025.pdf,7
2025-07-23,26.0,2:30 am,29.4,12:00 pm,TEMPERATURE OBSERVATION 2025.pdf,7
2025-07-24,24.9,11:00 pm,30.0,12:00 pm,TEMPERATURE OBSERVATION 2025.pdf,7
2025-07-25,24.9,4:00 pm,29.5,3:00 pm,TEMPERATURE OBSERVATION 2025.pdf,7
2025-07-26,26.5,12:00 am,32.1,2:00 pm,TEMPERATURE OBSERVATION 2025.pdf,7
2025-07-27,26.6,6:20 am,31.5,11:00 am,TEMPERATURE OBSERVATION 2025.pdf,7
2025-07-28,26.2,5:00 am,31.4,1:00 pm,TEMPERATURE OBSERVATION 2025.pdf,7
2025-07-29,26.0,6:00 am,30.9,1:00 pm,TEMPERATURE OBSERVATION 2025.pdf,7
2025-07-30,25.9,3:50 am,31.5,1:00 pm,TEMPERATURE OBSERVATION 2025.pdf,7
2025-07-31,25.3,6:00 am,31.5,12:00 pm,TEMPERATURE OBSERVATION 2025.pdf,7
2025-08-01,23.1,6:30 am,31.9,2:00 pm,TEMPERATURE OBSERVATION 2025.pdf,8
2025-08-02,24.5,6:30 am,32.4,2:00 pm,TEMPERATURE OBSERVATION 2025.pdf,8
2025-08-03,24.5,6:30 am,33.3,1:00 pm,TEMPERATURE OBSERVATION 2025.pdf,8
2025-08-04,24.0,6:00 am,35.1,3:00 pm,TEMPERATURE OBSERVATION 2025.pdf,8
2025-08-05,24.8,6:00 am,34.3,2:00 pm,TEMPERATURE OBSERVATION 2025.pdf,8
2025-08-06,24.9,6:30 am,30.7,12:00 pm,TEMPERATURE OBSERVATION 2025.pdf,8
2025-08-07,24.2,6:00 am,32.5,1:00 pm,TEMPERATURE OBSERVATION 2025.pdf,8
2025-08-08,24.1,5:30 am,31.3,1:00 pm,TEMPERATURE OBSERVATION 2025.pdf,8
2025-08-09,24.8,6:20 am,32.1,12:00 pm,TEMPERATURE OBSERVATION 2025.pdf,8
2025-08-10,24.5,6:20 am,32.5,2:00 pm,TEMPERATURE OBSERVATION 2025.pdf,8
2025-08-11,23.9,3:50 am,33.1,12:00 pm,TEMPERATURE OBSERVATION 2025.pdf,8
2025-08-12,24.0,6:00 am,31.5,1:00 pm,TEMPERATURE OBSERVATION 2025.pdf,8
2025-08-13,24.0,12:00 am,30.7,3:00 pm,TEMPERATURE OBSERVATION 2025.pdf,8
2025-08-14,23.6,6:30 am,28.5,12:00 pm,TEMPERATURE OBSERVATION 2025.pdf,8
2025-08-15,24.0,6:00 am,28.7,1:00 pm,TEMPERATURE OBSERVATION 2025.pdf,8
2025-08-16,23.9,6:30 am,30.8,1:00 pm,TEMPERATURE OBSERVATION 2025.pdf,8
2025-08-17,23.0,6:00 am,31.9,12:00 pm,TEMPERATURE OBSERVATION 2025.pdf,8
2025-08-18,23.5,6:00 am,33.9,2:00 pm,TEMPERATURE OBSERVATION 2025.pdf,8
2025-08-19,25.0,6:30 am,33.3,2:00 pm,TEMPERATURE OBSERVATION 2025.pdf,8
2025-08-20,23.5,6:50 am,33.3,1:00 pm,TEMPERATURE OBSERVATION 2025.pdf,8
2025-08-21,23.5,6:30 am,32.5,1:00 pm,TEMPERATURE OBSERVATION 2025.pdf,8
2025-08-22,22.2,6:00 am,29.3,12:00 pm,TEMPERATURE OBSERVATION 2025.pdf,8
2025-08-23,23.3,5:50 am,31.5,1:00 pm,TEMPERATURE OBSERVATION 2025.pdf,8
2025-08-24,24.0,6:00 am,30.1,3:00 pm,TEMPERATURE OBSERVATION 2025.pdf,8
2025-08-25,23.8,9:00 pm,29.1,1:00 pm,TEMPERATURE OBSERVATION 2025.pdf,8
2025-08-26,23.5,2:00 am,31.3,12:00 pm,TEMPERATURE OBSERVATION 2025.pdf,8
2025-08-27,24.0,12:00 am,30.3,1:00 pm,TEMPERATURE OBSERVATION 2025.pdf,8
2025-08-28,23.6,1:20 am,29.1,12:00 pm,TEMPERATURE OBSERVATION 2025.pdf,8
2025-08-29,24.9,3:50 am,30.1,2:00 pm,TEMPERATURE OBSERVATION 2025.pdf,8
2025-08-30,24.0,6:00 am,30.5,1:00 pm,TEMPERATURE OBSERVATION 2025.pdf,8
2025-08-31,23.0,4:00 am,30.9,12:00 pm,TEMPERATURE OBSERVATION 2025.pdf,8
2025-09-01,23.8,2:00 am,30.1,11:00 am,TEMPERATURE OBSERVATION 2025.pdf,9
2025-09-02,24.0,6:40 am,32.4,3:00 pm,TEMPERATURE OBSERVATION 2025.pdf,9
2025-09-03,24.5,6:30 am,31.7,3:00 pm,TEMPERATURE OBSERVATION 2025.pdf,9
2025-09-04,24.5,6:30 am,31.5,12:00 pm,TEMPERATURE OBSERVATION 2025.pdf,9
2025-09-05,24.2,6:30 am,33.3,12:00 pm,TEMPERATURE OBSERVATION 2025.pdf,9
2025-09-06,23.9,6:20 am,32.0,1:00 pm,TEMPERATURE OBSERVATION 2025.pdf,9
2025-09-07,23.0,6:00 am,32.9,2:00 pm,TEMPERATURE OBSERVATION 2025.pdf,9
2025-09-08,23.0,6:40 am,27.0,1:00 pm,TEMPERATURE OBSERVATION 2025.pdf,9
2025-09-09,23.8,6:50 am,31.9,1:00 pm,TEMPERATURE OBSERVATION 2025.pdf,9
2025-09-10,23.5,6:50 am,31.5,1:00 pm,TEMPERATURE OBSERVATION 2025.pdf,9
2025-09-11,24.0,6:00 am,32.1,12:00 pm,TEMPERATURE OBSERVATION 2025.pdf,9
2025-09-12,23.8,6:30 am,32.9,1:00 pm,TEMPERATURE OBSERVATION 2025.pdf,9
2025-09-13,23.5,6:00 am,31.7,2:00 pm,TEMPERATURE OBSERVATION 2025.pdf,9
2025-09-14,24.0,6:00 am,32.7,12:00 pm,TEMPERATURE OBSERVATION 2025.pdf,9
2025-09-15,24.2,1:00 am,31.7,12:00 pm,TEMPERATURE OBSERVATION 2025.pdf,9
2025-09-16,23.2,6:00 am,28.5,2:00 pm,TEMPERATURE OBSERVATION 2025.pdf,9
2025-09-17,23.8,6:50 am,28.1,1:00 pm,TEMPERATURE OBSERVATION 2025.pdf,9
2025-09-18,24.8,6:00 am,31.3,2:00 pm,TEMPERATURE OBSERVATION 2025.pdf,9
2025-09-19,25.2,2:50 am,31.5,1:00 pm,TEMPERATURE OBSERVATION 2025.pdf,9
2025-09-20,24.6,4:00 am,29.3,11:30 am,TEMPERATURE OBSERVATION 2025.pdf,9
2025-09-21,23.5,5:00 am,28.1,2:00 pm,TEMPERATURE OBSERVATION 2025.pdf,9
2025-09-22,23.0,12:00 am,30.5,1:00 pm,TEMPERATURE OBSERVATION 2025.pdf,9
2025-09-23,25.0,7:00 am,30.7,1:00 pm,TEMPERATURE OBSERVATION 2025.pdf,9
2025-09-24,24.0,6:00 am,30.1,1:00 pm,TEMPERATURE OBSERVATION 2025.pdf,9
2025-09-25,24.0,3:10 am,31.7,12:00 pm,TEMPERATURE OBSERVATION 2025.pdf,9
2025-09-26,23.0,6:00 am,29.6,12:00 pm,TEMPERATURE OBSERVATION 2025.pdf,9
2025-09-27,23.0,6:00 am,29.5,2:00 pm,TEMPERATURE OBSERVATION 2025.pdf,9
2025-09-28,24.3,6:50 am,31.9,1:00 pm,TEMPERATURE OBSERVATION 2025.pdf,9
2025-09-29,24.2,6:00 am,32.7,12:00 pm,TEMPERATURE OBSERVATION 2025.pdf,9
2025-09-30,22.0,6:00 am,31.1,1:00 pm,TEMPERATURE OBSERVATION 2025.pdf,9
2025-10-01,23.0,5:00 am,31.0,1:00 pm,TEMPERATURE OBSERVATION 2025.pdf,10
2025-10-02,23.0,5:00 am,32.4,12:00 pm,TEMPERATURE OBSERVATION 2025.pdf,10
2025-10-03,23.8,5:50 am,29.7,12:00 pm,TEMPERATURE OBSERVATION 2025.pdf,10
2025-10-04,23.0,12:00 am,32.0,12:00 pm,TEMPERATURE OBSERVATION 2025.pdf,10
2025-10-05,22.4,6:00 am,31.9,11:00 am,TEMPERATURE OBSERVATION 2025.pdf,10
2025-10-06,23.8,4:00 am,31.5,2:00 pm,TEMPERATURE OBSERVATION 2025.pdf,10
2025-10-07,23.7,6:00 am,31.9,12:00 pm,TEMPERATURE OBSERVATION 2025.pdf,10
2025-10-08,24.0,12:00 am,32.1,12:00 pm,TEMPERATURE OBSERVATION 2025.pdf,10
2025-10-09,24.0,2:00 am,29.9,2:10 pm,TEMPERATURE OBSERVATION 2025.pdf,10
2025-10-10,23.8,2:00 am,31.9,1:00 pm,TEMPERATURE OBSERVATION 2025.pdf,10
2025-10-11,23.8,6:00 am,30.6,2:00 pm,TEMPERATURE OBSERVATION 2025.pdf,10
2025-10-12,24.0,6:00 am,32.1,1:00 pm,TEMPERATURE OBSERVATION 2025.pdf,10
2025-10-13,24.7,6:20 am,33.3,1:00 pm,TEMPERATURE OBSERVATION 2025.pdf,10
2025-10-14,24.4,6:50 am,31.5,12:00 pm,TEMPERATURE OBSERVATION 2025.pdf,10
2025-10-15,24.9,5:00 am,32.5,12:00 pm,TEMPERATURE OBSERVATION 2025.pdf,10
2025-10-16,25.9,6:50 am,33.1,1:00 pm,TEMPERATURE OBSERVATION 2025.pdf,10
2025-10-17,25.0,6:30 am,31.7,2:00 pm,TEMPERATURE OBSERVATION 2025.pdf,10
2025-10-18,23.8,11:00 pm,26.4,11:20 am,TEMPERATURE OBSERVATION 2025.pdf,10
2025-10-19,24.0,7:00 am,30.5,12:00 pm,TEMPERATURE OBSERVATION 2025.pdf,10
2025-10-20,24.7,6:00 am,33.5,12:00 pm,TEMPERATURE OBSERVATION 2025.pdf,10
2025-10-21,25.0,6:00 am,31.3,11;00 am,TEMPERATURE OBSERVATION 2025.pdf,10
2025-10-22,24.0,4:00 am,32.5,12:00 pm,TEMPERATURE OBSERVATION 2025.pdf,10
2025-10-23,24.2,4:00 am,31.7,1:00 pm,TEMPERATURE OBSERVATION 2025.pdf,10
2025-10-24,23.8,4:40 am,33.1,1:00 pm,TEMPERATURE OBSERVATION 2025.pdf,10
2025-10-25,24.2,7:00 am,31.9,2:00 pm,TEMPERATURE OBSERVATION 2025.pdf,10
2025-10-26,24.7,6:00 am,28.3,12:00 pm,TEMPERATURE OBSERVATION 2025.pdf,10
2025-10-27,24.5,6:40 am,32.1,12:00 pm,TEMPERATURE OBSERVATION 2025.pdf,10
2025-10-28,24.5,4:00 am,32.3,1:00 pm,TEMPERATURE OBSERVATION 2025.pdf,10
2025-10-29,24.9,6:30 am,30.5,2:00 pm,TEMPERATURE OBSERVATION 2025.pdf,10
2025-10-30,24.8,6:30 am,29.7,2:00 pm,TEMPERATURE OBSERVATION 2025.pdf,10
2025-10-31,24.9,5:00 am,30.9,2:00 pm,TEMPERATURE OBSERVATION 2025.pdf,10
2025-11-01,24.4,6:00 am,32.9,3:00 pm,TEMPERATURE OBSERVATION 2025.pdf,11
2025-11-02,24.1,6:20 am,32.9,2:00 pm,TEMPERATURE OBSERVATION 2025.pdf,11
2025-11-03,23.0,5:30 am,29.5,12:30 pm,TEMPERATURE OBSERVATION 2025.pdf,11
2025-11-04,23.0,6:30 am,25.4,1:00 pm,TEMPERATURE OBSERVATION 2025.pdf,11
2025-11-05,23.1,7:00 am,31.1,1:00 pm,TEMPERATURE OBSERVATION 2025.pdf,11
2025-11-06,22.5,6:00 am,32.9,1:00 pm,TEMPERATURE OBSERVATION 2025.pdf,11
2025-11-07,24.0,6:30 am,32.1,2:00 pm,TEMPERATURE OBSERVATION 2025.pdf,11
2025-11-08,24.4,5:00 am,31.3,2:00 pm,TEMPERATURE OBSERVATION 2025.pdf,11
2025-11-09,27.0,6:00 am,29.3,2:00 pm,TEMPERATURE OBSERVATION 2025.pdf,11
2025-11-10,25.0,6:00 am,30.5,2:00 pm,TEMPERATURE OBSERVATION 2025.pdf,11
2025-11-11,23.2,7:00 am,31.7,2:00 pm,TEMPERATURE OBSERVATION 2025.pdf,11
2025-11-12,25.2,7:00 am,32.5,2:00 pm,TEMPERATURE OBSERVATION 2025.pdf,11
2025-11-13,24.0,7:00 am,33.1,1:00 pm,TEMPERATURE OBSERVATION 2025.pdf,11
2025-11-14,24.5,6:30 am,28.1,2:00 pm,TEMPERATURE OBSERVATION 2025.pdf,11
2025-11-15,24.8,12:50 am,31.9,2:00 pm,TEMPERATURE OBSERVATION 2025.pdf,11
2025-11-16,24.4,6:50 am,32.9,2:00 pm,TEMPERATURE OBSERVATION 2025.pdf,11
2025-11-17,24.7,5:40 am,33.9,2:00 pm,TEMPERATURE OBSERVATION 2025.pdf,11
2025-11-18,25.0,6:00 am,31.1,2:00 pm,TEMPERATURE OBSERVATION 2025.pdf,11
2025-11-19,24.4,12:20 am,33.3,1:00 pm,TEMPERATURE OBSERVATION 2025.pdf,11
2025-11-20,24.2,12:00 am,32.9,1:00 pm,TEMPERATURE OBSERVATION 2025.pdf,11
2025-11-21,24.0,6:00 am,32.1,1:00 pm,TEMPERATURE OBSERVATION 2025.pdf,11
2025-11-22,24.5,6:00 am,32.0,2:00 pm,TEMPERATURE OBSERVATION 2025.pdf,11
2025-11-23,24.9,6:00 am,30.1,1:00 pm,TEMPERATURE OBSERVATION 2025.pdf,11
2025-11-24,24.0,7:50 am,27.0,10:00 am,TEMPERATURE OBSERVATION 2025.pdf,11
2025-11-25,23.1,6:30 am,25.2,5:00 pm,TEMPERATURE OBSERVATION 2025.pdf,11
2025-11-26,24.9,7:00 am,32.9,1:00 pm,TEMPERATURE OBSERVATION 2025.pdf,11
2025-11-27,25.0,7:00 am,33.0,12:00 pm,TEMPERATURE OBSERVATION 2025.pdf,11
2025-11-28,25.0,6:50 am,32.8,12:00 pm,TEMPERATURE OBSERVATION 2025.pdf,11
2025-11-29,23.0,6:00 am,32.9,1:00 pm,TEMPERATURE OBSERVATION 2025.pdf,11
2025-11-30,23.6,7:00 am,32.5,2:00 pm,TEMPERATURE OBSERVATION 2025.pdf,11
2025-12-01,24.4,7:00 am,32.5,1:00 pm,TEMPERATURE OBSERVATION 2025.pdf,12
2025-12-02,23.4,7:00 am,32.9,2:00 pm,TEMPERATURE OBSERVATION 2025.pdf,12
2025-12-03,24.0,6:20 am,32.5,12:00 pm,TEMPERATURE OBSERVATION 2025.pdf,12
2025-12-04,24.1,4:20 am,28.9,1:00 pm,TEMPERATURE OBSERVATION 2025.pdf,12
2025-12-05,23.5,3:00 am,29.3,2:00 pm,TEMPERATURE OBSERVATION 2025.pdf,12
2025-12-06,23.8,6:20 am,28.9,12:00 pm,TEMPERATURE OBSERVATION 2025.pdf,12
2025-12-07,23.0,6:00 am,28.0,3:00 pm,TEMPERATURE OBSERVATION 2025.pdf,12
2025-12-08,24.5,6:20 am,32.5,12:00 pm,TEMPERATURE OBSERVATION 2025.pdf,12
2025-12-09,24.0,7:00 am,32.6,12:00 pm,TEMPERATURE OBSERVATION 2025.pdf,12
2025-12-10,24.5,7:00 am,32.7,1:00 pm,TEMPERATURE OBSERVATION 2025.pdf,12
2025-12-11,25.0,6:00 am,31.7,12:00 pm,TEMPERATURE OBSERVATION 2025.pdf,12
2025-12-12,24.3,6:50 am,32.9,1:00 pm,TEMPERATURE OBSERVATION 2025.pdf,12
2025-12-13,24.6,6:00 am,30.4,2:00 pm,TEMPERATURE OBSERVATION 2025.pdf,12
2025-12-14,23.5,6:00 am,31.4,1:00 pm,TEMPERATURE OBSERVATION 2025.pdf,12
2025-12-15,24.7,6:40 am,32.7,3:00 pm,TEMPERATURE OBSERVATION 2025.pdf,12
2025-12-16,24.5,6:00 am,32.8,2:00 pm,TEMPERATURE OBSERVATION 2025.pdf,12
2025-12-17,24.0,6:00 am,32.1,2:00 pm,TEMPERATURE OBSERVATION 2025.pdf,12
2025-12-18,24.1,6:00 am,32.3,1:00 pm,TEMPERATURE OBSERVATION 2025.pdf,12
2025-12-19,24.2,5:20 am,31.8,2:00 pm,TEMPERATURE OBSERVATION 2025.pdf,12
2025-12-20,23.8,6:00 am,30.7,1:00 pm,TEMPERATURE OBSERVATION 2025.pdf,12
2025-12-21,24.0,6:00 am,31.9,1:00 pm,TEMPERATURE OBSERVATION 2025.pdf,12
2025-12-22,23.8,6:00 am,32.3,1:00 pm,TEMPERATURE OBSERVATION 2025.pdf,12
2025-12-23,24.0,5:00 am,31.9,2:00 pm,TEMPERATURE OBSERVATION 2025.pdf,12
2025-12-24,24.0,6:00 am,32.5,2:00 pm,TEMPERATURE OBSERVATION 2025.pdf,12
2025-12-25,24.5,6:30 am,31.9,1:00 pm,TEMPERATURE OBSERVATION 2025.pdf,12
2025-12-26,24.0,6:00 am,31.7,1:00 pm,TEMPERATURE OBSERVATION 2025.pdf,12
2025-12-27,23.3,6:00 am,31.9,1:00 pm,TEMPERATURE OBSERVATION 2025.pdf,12
2025-12-28,23.2,6:00 am,31.8,2:00 pm,TEMPERATURE OBSERVATION 2025.pdf,12
2025-12-29,23.5,6:00 am,32.3,2:00 pm,TEMPERATURE OBSERVATION 2025.pdf,12
2025-12-30,24.3,7:00 am,31.9,1:00 pm,TEMPERATURE OBSERVATION 2025.pdf,12
2025-12-31,24.2,6:50 am,32.3,1:00 pm,TEMPERATURE OBSERVATION 2025.pdf,12
2026-01-01,24.4,6:40 am,31.7,1:00 pm,TEMPERATURE OBSERVATION 2026.pdf,1
2026-01-02,23.0,4:00 am,32.3,2:00 pm,TEMPERATURE OBSERVATION 2026.pdf,1
2026-01-03,22.0,6:40 am,32.3,12:00 pm,TEMPERATURE OBSERVATION 2026.pdf,1
2026-01-04,22.1,6:50 am,31.7,1:00 pm,TEMPERATURE OBSERVATION 2026.pdf,1
2026-01-05,23.0,6:00 am,29.7,2:00 pm,TEMPERATURE OBSERVATION 2026.pdf,1
2026-01-06,23.5,6:00 am,31.7,2:00 pm,TEMPERATURE OBSERVATION 2026.pdf,1
2026-01-07,23.5,3:00 am,30.5,1:00 pm,TEMPERATURE OBSERVATION 2026.pdf,1
2026-01-08,24.3,5:40 am,29.1,12:00 pm,TEMPERATURE OBSERVATION 2026.pdf,1
2026-01-09,24.0,6:00 am,31.5,1:00 pm,TEMPERATURE OBSERVATION 2026.pdf,1
2026-01-10,23.3,6:40 am,31.0,1:00 pm,TEMPERATURE OBSERVATION 2026.pdf,1
2026-01-11,23.0,6:30 am,31.5,2:00 pm,TEMPERATURE OBSERVATION 2026.pdf,1
2026-01-12,22.5,6:00 am,31.9,2:00 pm,TEMPERATURE OBSERVATION 2026.pdf,1
2026-01-13,22.6,7:10 am,31.3,2:00 pm,TEMPERATURE OBSERVATION 2026.pdf,1
2026-01-14,23.3,6:00 am,30.7,1:00 pm,TEMPERATURE OBSERVATION 2026.pdf,1
2026-01-15,23.1,3:00 am,29.5,2:00 pm,TEMPERATURE OBSERVATION 2026.pdf,1
2026-01-16,23.8,6:00 am,25.0,12:50 pm,TEMPERATURE OBSERVATION 2026.pdf,1
2026-01-17,21.5,7:00 am,27.0,12:00 pm,TEMPERATURE OBSERVATION 2026.pdf,1
2026-01-18,21.5,6:30 am,30.7,2:00 pm,TEMPERATURE OBSERVATION 2026.pdf,1
2026-01-19,22.0,7:00 am,32.1,2:00 pm,TEMPERATURE OBSERVATION 2026.pdf,1
2026-01-20,22.0,6:00 am,30.9,1:00 pm,TEMPERATURE OBSERVATION 2026.pdf,1
2026-01-21,22.0,6:00 am,30.1,1:00 pm,TEMPERATURE OBSERVATION 2026.pdf,1
2026-01-22,22.0,5:00 am,30.3,1:00 pm,TEMPERATURE OBSERVATION 2026.pdf,1
2026-01-23,21.6,5:00 am,30.2,2:00 pm,TEMPERATURE OBSERVATION 2026.pdf,1
2026-01-24,21.3,6:00 am,28.5,3:00 pm,TEMPERATURE OBSERVATION 2026.pdf,1
2026-01-25,22.2,4:00 am,30.3,12:00 pm,TEMPERATURE OBSERVATION 2026.pdf,1
2026-01-26,23.3,6:00 am,26.8,12:30 pm,TEMPERATURE OBSERVATION 2026.pdf,1
2026-01-27,23.9,4:00 am,30.7,1:00 pm,TEMPERATURE OBSERVATION 2026.pdf,1
2026-01-28,22.8,7:00 am,31.1,2:00 pm,TEMPERATURE OBSERVATION 2026.pdf,1
2026-01-29,21.0,6:30 am,29.5,12:00 pm,TEMPERATURE OBSERVATION 2026.pdf,1
2026-01-30,22.8,4:00 am,30.5,2:00 pm,TEMPERATURE OBSERVATION 2026.pdf,1
2026-01-31,22.2,5:00 am,28.3,2:00 pm,TEMPERATURE OBSERVATION 2026.pdf,1
2026-02-01,23.3,6:00 am,31.9,1:00 pm,TEMPERATURE OBSERVATION 2026.pdf,2
2026-02-02,23.0,7:00 am,27.0,12:00 pm,TEMPERATURE OBSERVATION 2026.pdf,2
2026-02-03,21.9,7:00 am,28.7,12:00 pm,TEMPERATURE OBSERVATION 2026.pdf,2
2026-02-04,23.2,7:00 am,30.5,2:00 pm,TEMPERATURE OBSERVATION 2026.pdf,2
2026-02-05,22.3,4:00 am,28.5,2:00 pm,TEMPERATURE OBSERVATION 2026.pdf,2
2026-02-06,23.0,6:00 pm,24.1,12:00 pm,TEMPERATURE OBSERVATION 2026.pdf,2
2026-02-07,23.1,6:30 am,29.3,3:00 pm,TEMPERATURE OBSERVATION 2026.pdf,2
2026-02-08,23.5,6:00 am,31.7,2:00 pm,TEMPERATURE OBSERVATION 2026.pdf,2
2026-02-09,21.9,7:00 am,28.0,12:00 pm,TEMPERATURE OBSERVATION 2026.pdf,2
2026-02-10,22.4,4:00 am,30.3,1:00 pm,TEMPERATURE OBSERVATION 2026.pdf,2
2026-02-11,24.0,7:00 am,30.7,1:00 pm,TEMPERATURE OBSERVATION 2026.pdf,2
2026-02-12,23.2,5:00 am,30.7,1:00 pm,TEMPERATURE OBSERVATION 2026.pdf,2
2026-02-13,23.5,6:30 am,30.5,2:00 pm,TEMPERATURE OBSERVATION 2026.pdf,2
2026-02-14,23.2,6:30 am,32.5,2:00 pm,TEMPERATURE OBSERVATION 2026.pdf,2
2026-02-15,23.0,4:00 am,31.4,2:00 pm,TEMPERATURE OBSERVATION 2026.pdf,2
2026-02-16,24.5,7:00 am,32.1,12:00 pm,TEMPERATURE OBSERVATION 2026.pdf,2
2026-02-17,23.4,6:40 am,32.7,2:00 pm,TEMPERATURE OBSERVATION 2026.pdf,2
2026-02-18,23.5,5:00 am,29.0,11:00 am,TEMPERATURE OBSERVATION 2026.pdf,2
2026-02-19,23.2,6:00 am,29.1,12:00 pm,TEMPERATURE OBSERVATION 2026.pdf,2
2026-02-20,23.5,6:00 am,30.1,2:00 pm,TEMPERATURE OBSERVATION 2026.pdf,2
2026-02-21,23.0,6:00 am,31.1,2:00 pm,TEMPERATURE OBSERVATION 2026.pdf,2
2026-02-22,23.0,6:00 am,30.1,2:00 pm,TEMPERATURE OBSERVATION 2026.pdf,2
2026-02-23,24.0,6:00 am,31.9,1:00 pm,TEMPERATURE OBSERVATION 2026.pdf,2
2026-02-24,24.2,7:00 am,33.3,2:00 pm,TEMPERATURE OBSERVATION 2026.pdf,2
2026-02-25,24.2,6:00 am,31.9,1:00 pm,TEMPERATURE OBSERVATION 2026.pdf,2
2026-02-26,21.0,6:00 am,31.9,2:00 pm,TEMPERATURE OBSERVATION 2026.pdf,2
2026-02-27,20.0,6:00 am,29.8,2:00 pm,TEMPERATURE OBSERVATION 2026.pdf,2
2026-02-28,23.8,7:00 am,33.1,3:00 pm,TEMPERATURE OBSERVATION 2026.pdf,2
2026-03-01,24.0,6:40 am,33.6,3:00 pm,TEMPERATURE OBSERVATION 2026.pdf,3
2026-03-02,23.8,7:00 am,33.1,3:00 pm,TEMPERATURE OBSERVATION 2026.pdf,3
2026-03-03,24.0,6:30 am,31.9,2:00 pm,TEMPERATURE OBSERVATION 2026.pdf,3
2026-03-04,23.0,7:00 am,32.3,2:00 pm,TEMPERATURE OBSERVATION 2026.pdf,3
2026-03-05,22.8,6:30 am,30.8,12:00 pm,TEMPERATURE OBSERVATION 2026.pdf,3
2026-03-06,22.9,6:00 am,33.1,2:00 pm,TEMPERATURE OBSERVATION 2026.pdf,3
2026-03-07,23.2,6:00 am,32.3,3:00 pm,TEMPERATURE OBSERVATION 2026.pdf,3
2026-03-08,23.5,7:20 am,31.9,1:00 pm,TEMPERATURE OBSERVATION 2026.pdf,3
2026-03-09,23.0,2:00 am,26.2,3:00 pm,TEMPERATURE OBSERVATION 2026.pdf,3
2026-03-10,22.0,7:00 am,29.8,4:00 pm,TEMPERATURE OBSERVATION 2026.pdf,3
2026-03-11,22.5,6:00 am,31.2,12:00 pm,TEMPERATURE OBSERVATION 2026.pdf,3
2026-03-12,22.5,6:00 am,31.7,2:00 pm,TEMPERATURE OBSERVATION 2026.pdf,3
2026-03-13,21.8,6:00 am,30.1,12:00 pm,TEMPERATURE OBSERVATION 2026.pdf,3
2026-03-14,19.2,6:30 am,31.0,2:00 pm,TEMPERATURE OBSERVATION 2026.pdf,3
2026-03-15,19.9,6:20 am,31.2,12:00 pm,TEMPERATURE OBSERVATION 2026.pdf,3
2026-03-16,19.6,5:50 am,30.3,2:00 pm,TEMPERATURE OBSERVATION 2026.pdf,3
2026-03-17,21.1,4:00 am,32.1,3:00 pm,TEMPERATURE OBSERVATION 2026.pdf,3
2026-03-18,23.0,6:00 am,33.3,2:00 pm,TEMPERATURE OBSERVATION 2026.pdf,3
2026-03-19,22.2,6:00 am,32.1,2:00 pm,TEMPERATURE OBSERVATION 2026.pdf,3
2026-03-20,24.0,6:00 am,32.8,2:00 pm,TEMPERATURE OBSERVATION 2026.pdf,3
2026-03-21,23.0,6:00 am,32.6,3:00 pm,TEMPERATURE OBSERVATION 2026.pdf,3
2026-03-22,22.7,5:50 am,32.9,1:00 pm,TEMPERATURE OBSERVATION 2026.pdf,3
2026-03-23,22.6,7:00 am,31.3,3:00 pm,TEMPERATURE OBSERVATION 2026.pdf,3
2026-03-24,22.2,6:30 am,32.6,1:00 pm,TEMPERATURE OBSERVATION 2026.pdf,3
2026-03-25,25.1,6:00 am,32.9,2:00 pm,TEMPERATURE OBSERVATION 2026.pdf,3
2026-03-26,25.2,7:00 am,33.5,2:00 pm,TEMPERATURE OBSERVATION 2026.pdf,3
2026-03-27,23.1,6:30 am,33.9,1:00 pm,TEMPERATURE OBSERVATION 2026.pdf,3
2026-03-28,20.7,7:10 am,32.8,2:00 pm,TEMPERATURE OBSERVATION 2026.pdf,3
2026-03-29,22.0,6:00 am,34.1,2:00 pm,TEMPERATURE OBSERVATION 2026.pdf,3
2026-03-30,23.5,6:30 am,34.3,1:00 pm,TEMPERATURE OBSERVATION 2026.pdf,3
2026-03-31,23.2,6:30 am,34.5,2:00 pm,TEMPERATURE OBSERVATION 2026.pdf,3
2026-04-01,22.6,4:00 am,33.7,12:00 pm,TEMPERATURE OBSERVATION 2026.pdf,4
2026-04-02,23.1,5:30 am,34.0,11:00 am,TEMPERATURE OBSERVATION 2026.pdf,4
2026-04-03,23.0,5:30 am,33.9,1:00 pm,TEMPERATURE OBSERVATION 2026.pdf,4
2026-04-04,23.0,6:00 am,33.5,12:00 pm,TEMPERATURE OBSERVATION 2026.pdf,4
2026-04-05,24.2,5:50 am,35.7,2:00 pm,TEMPERATURE OBSERVATION 2026.pdf,4
2026-04-06,23.3,7:00 am,35.9,3:00 pm,TEMPERATURE OBSERVATION 2026.pdf,4
2026-04-07,24.0,6:00 am,34.3,4:00 pm,TEMPERATURE OBSERVATION 2026.pdf,4
2026-04-08,24.9,7:00 am,34.9,1:00 pm,TEMPERATURE OBSERVATION 2026.pdf,4
2026-04-09,22.2,6:30 am,35.9,2:00 pm,TEMPERATURE OBSERVATION 2026.pdf,4
2026-04-10,22.2,7:00 am,34.1,4:00 pm,TEMPERATURE OBSERVATION 2026.pdf,4
2026-04-11,21.5,7:00 am,33.2,2:00 pm,TEMPERATURE OBSERVATION 2026.pdf,4
2026-04-12,20.6,7:00 am,33.9,12:00 pm,TEMPERATURE OBSERVATION 2026.pdf,4
2026-04-13,23.4,4:00 am,34.6,2:00 pm,TEMPERATURE OBSERVATION 2026.pdf,4
2026-04-14,21.1,6:00 am,34.1,1:00 pm,TEMPERATURE OBSERVATION 2026.pdf,4
2026-04-15,21.9,5:40 am,33.9,2:00 pm,TEMPERATURE OBSERVATION 2026.pdf,4
2026-04-16,20.8,6:00 am,34.9,2:00 pm,TEMPERATURE OBSERVATION 2026.pdf,4
2026-04-17,20.8,6:00 am,33.7,3:00 pm,TEMPERATURE OBSERVATION 2026.pdf,4
2026-04-18,21.8,6:50 am,33.0,4:00 pm,TEMPERATURE OBSERVATION 2026.pdf,4
2026-04-19,20.6,6:40 am,32.7,4:00 pm,TEMPERATURE OBSERVATION 2026.pdf,4
2026-04-20,24.6,3:10 am,33.7,3:00 pm,TEMPERATURE OBSERVATION 2026.pdf,4
2026-04-21,24.5,6:30 am,35.1,1:00 pm,TEMPERATURE OBSERVATION 2026.pdf,4
2026-04-22,23.5,6:00 am,35.6,2:00 pm,TEMPERATURE OBSERVATION 2026.pdf,4
2026-04-23,24.8,6:00 am,35.3,1:00 pm,TEMPERATURE OBSERVATION 2026.pdf,4
2026-04-24,26.2,6:00 am,35.7,1:00 pm,TEMPERATURE OBSERVATION 2026.pdf,4
2026-04-25,25.9,6:40 am,36.4,2:00 pm,TEMPERATURE OBSERVATION 2026.pdf,4
2026-04-26,25.6,7:00 am,36.1,3:00 pm,TEMPERATURE OBSERVATION 2026.pdf,4
2026-04-27,25.3,5:20 am,35.1,1:00 pm,TEMPERATURE OBSERVATION 2026.pdf,4
2026-04-28,25.8,5:00 am,35.4,2:00 pm,TEMPERATURE OBSERVATION 2026.pdf,4
2026-04-29,24.9,5:50 am,35.9,3:00 pm,TEMPERATURE OBSERVATION 2026.pdf,4
2026-04-30,26.0,5:00 am,32.9,12:00 pm,TEMPERATURE OBSERVATION 2026.pdf,4
2026-05-01,25.8,4:00 am,36.7,1:00 pm,TEMPERATURE OBSERVATION 2026.pdf,5
2026-05-02,25.0,6:00 am,34.4,1:00 pm,TEMPERATURE OBSERVATION 2026.pdf,5
2026-05-03,25.0,6:00 am,33.1,12:00 pm,TEMPERATURE OBSERVATION 2026.pdf,5
2026-05-04,25.0,6:00 am,35.8,1:00 pm,TEMPERATURE OBSERVATION 2026.pdf,5
2026-05-05,26.0,6:00 am,34.5,1:00 pm,TEMPERATURE OBSERVATION 2026.pdf,5
2026-05-06,25.9,5:00 am,34.6,3:00 pm,TEMPERATURE OBSERVATION 2026.pdf,5
2026-05-07,26.1,6:00 am,35.4,2:00 pm,TEMPERATURE OBSERVATION 2026.pdf,5
2026-05-08,26.5,6:00 am,36.2,3:00 pm,TEMPERATURE OBSERVATION 2026.pdf,5
2026-05-09,25.8,6:00 am,35.5,12:00 pm,TEMPERATURE OBSERVATION 2026.pdf,5
2026-05-10,25.8,6:40 am,35.6,4:00 pm,TEMPERATURE OBSERVATION 2026.pdf,5
2026-05-11,23.3,6:10 am,35.8,1:00 pm,TEMPERATURE OBSERVATION 2026.pdf,5
2026-05-12,25.7,5:50 am,35.7,3:00 pm,TEMPERATURE OBSERVATION 2026.pdf,5
2026-05-13,26.2,6:00 am,35.5,12:00 pm,TEMPERATURE OBSERVATION 2026.pdf,5
2026-05-14,26.5,6:00 am,35.5,2:00 pm,TEMPERATURE OBSERVATION 2026.pdf,5
2026-05-15,25.4,4:40 am,36.0,1:00 pm,TEMPERATURE OBSERVATION 2026.pdf,5
2026-05-16,24.8,6:00 am,36.0,1:00 pm,TEMPERATURE OBSERVATION 2026.pdf,5
2026-05-17,24.4,6:30 am,35.3,2:00 pm,TEMPERATURE OBSERVATION 2026.pdf,5
2026-05-18,26.0,6:30 am,35.7,1:00 pm,TEMPERATURE OBSERVATION 2026.pdf,5
2026-05-19,24.2,6:00 am,34.6,12:00 pm,TEMPERATURE OBSERVATION 2026.pdf,5
2026-05-20,26.0,6:20 am,34.5,3:00 pm,TEMPERATURE OBSERVATION 2026.pdf,5
2026-05-21,26.0,7:00 am,35.3,12:00 pm,TEMPERATURE OBSERVATION 2026.pdf,5
2026-05-22,26.5,7:00 am,35.9,1:00 pm,TEMPERATURE OBSERVATION 2026.pdf,5
2026-05-23,25.5,6:50 am,34.6,12:00 pm,TEMPERATURE OBSERVATION 2026.pdf,5
2026-05-24,24.5,7:00 am,36.6,2:00 pm,TEMPERATURE OBSERVATION 2026.pdf,5
2026-05-25,25.1,7:00 am,35.1,1:00 pm,TEMPERATURE OBSERVATION 2026.pdf,5
2026-05-26,25.2,7:00 am,33.7,1:00 pm,TEMPERATURE OBSERVATION 2026.pdf,5
2026-05-27,25.3,7:00 am,34.0,3:00 pm,TEMPERATURE OBSERVATION 2026.pdf,5
2026-05-28,25.1,7:00 am,33.7,1:00 pm,TEMPERATURE OBSERVATION 2026.pdf,5
2026-05-29,26.8,7:00 am,34.1,12:00 pm,TEMPERATURE OBSERVATION 2026.pdf,5
2026-05-30,22.0,6:30 am,33.2,12:00 pm,TEMPERATURE OBSERVATION 2026.pdf,5
2026-05-31,25.3,6:50 am,30.2,9:00 am,TEMPERATURE OBSERVATION 2026.pdf,5
2026-06-01,24.0,7:00 am,31.2,3:00 pm,TEMPERATURE OBSERVATION 2026.pdf,6
2026-06-02,25.3,5:40 am,30.1,12:00 pm,TEMPERATURE OBSERVATION 2026.pdf,6
2026-06-03,24.7,6:00 am,31.9,1:00 pm,TEMPERATURE OBSERVATION 2026.pdf,6
2026-06-04,26.0,6:00 am,30.9,3:00 pm,TEMPERATURE OBSERVATION 2026.pdf,6
2026-06-05,24.0,7:00 am,33.6,1:00 pm,TEMPERATURE OBSERVATION 2026.pdf,6
2026-06-06,23.5,6:00 am,33.2,2:00 pm,TEMPERATURE OBSERVATION 2026.pdf,6
2026-06-07,23.6,6:00 am,34.1,1:00 pm,TEMPERATURE OBSERVATION 2026.pdf,6
2026-06-08,24.5,6:00 am,34.1,2:00 pm,TEMPERATURE OBSERVATION 2026.pdf,6
2026-06-09,25.0,6:00 am,33.3,2:00 pm,TEMPERATURE OBSERVATION 2026.pdf,6
2026-06-10,25.8,7:00 am,33.3,12:00 pm,TEMPERATURE OBSERVATION 2026.pdf,6
2026-06-11,26.0,7:00 am,31.4,2:00 pm,TEMPERATURE OBSERVATION 2026.pdf,6
2026-06-12,25.5,6:00 am,33.1,3:00 pm,TEMPERATURE OBSERVATION 2026.pdf,6
2026-06-13,24.8,6:00 am,33.7,1:00 pm,TEMPERATURE OBSERVATION 2026.pdf,6
2026-06-14,24.0,6:30 am,32.5,2:00 pm,TEMPERATURE OBSERVATION 2026.pdf,6
2026-06-15,24.0,6:00 am,32.7,1:00 pm,TEMPERATURE OBSERVATION 2026.pdf,6
2026-06-16,25.1,6:10 am,34.1,1:00 pm,TEMPERATURE OBSERVATION 2026.pdf,6
2026-06-17,23.9,3:00 am,34.1,12:00 pm,TEMPERATURE OBSERVATION 2026.pdf,6
2026-06-18,25.7,6:00 am,34.1,1:00 pm,TEMPERATURE OBSERVATION 2026.pdf,6
2026-06-19,25.0,6:00 am,32.9,12:00 pm,TEMPERATURE OBSERVATION 2026.pdf,6
2026-06-20,25.0,6:00 am,32.6,2:00 pm,TEMPERATURE OBSERVATION 2026.pdf,6
2026-06-21,24.8,6:30 am,34.1,1:00 pm,TEMPERATURE OBSERVATION 2026.pdf,6
2026-06-22,25.8,2:00 am,29.9,2:00 pm,TEMPERATURE OBSERVATION 2026.pdf,6
2026-06-23,25.0,6:00 am,29.5,11:00 am,TEMPERATURE OBSERVATION 2026.pdf,6
2026-06-24,24.0,1:50 pm,27.0,12:00 pm,TEMPERATURE OBSERVATION 2026.pdf,6
2026-06-25,26.0,5:00 am,31.7,1:00 pm,TEMPERATURE OBSERVATION 2026.pdf,6
2026-06-26,25.0,6:30 am,30.8,12:00 pm,TEMPERATURE OBSERVATION 2026.pdf,6
2026-06-27,25.2,7:00 am,32.5,12:00 pm,TEMPERATURE OBSERVATION 2026.pdf,6
2026-06-28,24.4,6:00 am,32.5,1:00 pm,TEMPERATURE OBSERVATION 2026.pdf,6
2026-06-29,24.3,7:00 am,31.3,12:00 pm,TEMPERATURE OBSERVATION 2026.pdf,6
2026-06-30,25.2,7:00 am,30.9,12:00 pm,TEMPERATURE OBSERVATION 2026.pdf,6
2026-07-01,24.9,6:00 am,31.3,12:00 pm,TEMPERATURE OBSERVATION 2026.pdf,7
2026-07-02,24.5,6:00 am,30.5,2:00 pm,TEMPERATURE OBSERVATION 2026.pdf,7
2026-07-03,24.3,4:30 am,32.6,2:00 pm,TEMPERATURE OBSERVATION 2026.pdf,7
2026-07-04,24.2,6:30 am,33.2,2:20 pm,TEMPERATURE OBSERVATION 2026.pdf,7
2026-07-05,23.9,6:30 am,33.3,2:00 pm,TEMPERATURE OBSERVATION 2026.pdf,7
2026-07-06,24.2,7:00 am,32.9,2:00 pm,TEMPERATURE OBSERVATION 2026.pdf,7
2026-07-07,24.8,7:00 am,32.3,12:00 pm,TEMPERATURE OBSERVATION 2026.pdf,7
2026-07-08,24.5,7:00 am,34.3,1:00 pm,TEMPERATURE OBSERVATION 2026.pdf,7
2026-07-09,25.5,4:00 am,29.0,2:00 pm,TEMPERATURE OBSERVATION 2026.pdf,7
2026-07-10,23.3,11:00 pm,30.1,12:00 pm,TEMPERATURE OBSERVATION 2026.pdf,7
2026-07-11,22.5,6:20 am,29.3,12:30 pm,TEMPERATURE OBSERVATION 2026.pdf,7
2026-07-12,24.0,6:00 am,30.0,1:30 pm,TEMPERATURE OBSERVATION 2026.pdf,7
2026-07-13,23.3,6:00 am,31.3,12:00 pm,TEMPERATURE OBSERVATION 2026.pdf,7
2026-07-14,25.6,6:00 am,31.7,1:00 pm,TEMPERATURE OBSERVATION 2026.pdf,7
2026-07-15,24.1,6:50 am,32.5,12:00 pm,TEMPERATURE OBSERVATION 2026.pdf,7
2026-07-16,25.0,6:40 am,32.8,1:00 pm,TEMPERATURE OBSERVATION 2026.pdf,7
2026-07-17,25.0,6:30 am,32.0,1:00 pm,TEMPERATURE OBSERVATION 2026.pdf,7
2026-07-18,24.0,6:40 am,32.7,2:00 pm,TEMPERATURE OBSERVATION 2026.pdf,7
2026-07-19,23.7,6:40 am,31.3,1:00 pm,TEMPERATURE OBSERVATION 2026.pdf,7
2026-07-20,23.3,5:00 am,32.5,1:00 pm,TEMPERATURE OBSERVATION 2026.pdf,7
2026-07-21,24.0,6:00 am,32.5,12:00 pm,TEMPERATURE OBSERVATION 2026.pdf,7
2026-07-22,24.1,5:00 am,32.8,1:00 pm,TEMPERATURE OBSERVATION 2026.pdf,7
2026-07-23,23.5,7:00 am,31.2,1:00 pm,TEMPERATURE OBSERVATION 2026.pdf,7
2026-07-24,24.0,7:00 am,25.6,4:00 pm,TEMPERATURE OBSERVATION 2026.pdf,7
2026-07-25,24.0,6:00 am,30.3,1:00 pm,TEMPERATURE OBSERVATION 2026.pdf,7
2026-07-26,23.7,4:00 am,29.5,10:20 am,TEMPERATURE OBSERVATION 2026.pdf,7
2026-07-27,24.1,7:00 am,31.3,1:00 pm,TEMPERATURE OBSERVATION 2026.pdf,7
2026-07-28,23.8,6:00 am,30.7,1:00 pm,TEMPERATURE OBSERVATION 2026.pdf,7
2026-07-29,23.0,6:00 am,30.9,1:00 pm,TEMPERATURE OBSERVATION 2026.pdf,7
2026-07-30,24.0,5:00 am,32.5,1:00 pm,TEMPERATURE OBSERVATION 2026.pdf,7
2026-07-31,23.2,5:30 am,30.7,1:00 pm,TEMPERATURE OBSERVATION 2026.pdf,7
2026-08-01,23.9,6:00 am,29.0,2:00 pm,TEMPERATURE OBSERVATION 2026.pdf,8
2026-08-02,26.3,1:00 am,31.9,12:00 pm,TEMPERATURE OBSERVATION 2026.pdf,8
2026-08-03,24.3,1:40 am,29.7,12:00 pm,TEMPERATURE OBSERVATION 2026.pdf,8
2026-08-04,25.1,4:00 am,31.7,12:00 pm,TEMPERATURE OBSERVATION 2026.pdf,8
2026-08-05,24.6,6:20 am,31.0,11:00 am,TEMPERATURE OBSERVATION 2026.pdf,8
2026-08-06,24.0,6:00 am,30.7,12:00 pm,TEMPERATURE OBSERVATION 2026.pdf,8
2026-08-07,20.8,1:00 pm,28.7,4:40 pm,TEMPERATURE OBSERVATION 2026.pdf,8
2026-08-08,25.7,12:30 pm,28.8,4:00 pm,TEMPERATURE OBSERVATION 2026.pdf,8
2026-08-09,26.3,2:00 am,31.3,12:00 pm,TEMPERATURE OBSERVATION 2026.pdf,8
2026-08-10,25.1,5:00 am,30.1,12:00 pm,TEMPERATURE OBSERVATION 2026.pdf,8
2026-08-11,24.6,7:00 am,30.3,12:00 pm,TEMPERATURE OBSERVATION 2026.pdf,8
2026-08-12,28.1,12:00 am,30.5,1:00 pm,TEMPERATURE OBSERVATION 2026.pdf,8
2026-08-13,27.0,6:00 am,31.7,12:00 pm,TEMPERATURE OBSERVATION 2026.pdf,8
2026-08-14,26.2,5:00 am,31.3,1:00 pm,TEMPERATURE OBSERVATION 2026.pdf,8
2026-08-15,26.8,7:00 am,31.5,12:00 pm,TEMPERATURE OBSERVATION 2026.pdf,8
2026-08-16,25.3,7:50 am,31.5,1:00 pm,TEMPERATURE OBSERVATION 2026.pdf,8
2026-08-17,24.0,5:00 am,31.2,12:00 pm,TEMPERATURE OBSERVATION 2026.pdf,8
2026-08-18,24.0,12:30 am,29.1,2:00 pm,TEMPERATURE OBSERVATION 2026.pdf,8
2026-08-19,26.0,6:00 am,31.1,1:00 pm,TEMPERATURE OBSERVATION 2026.pdf,8
2026-08-20,25.5,6:00 am,31.7,1:00 pm,TEMPERATURE OBSERVATION 2026.pdf,8
2026-08-21,25.6,6:00 am,31.5,2:00 pm,TEMPERATURE OBSERVATION 2026.pdf,8
2026-08-22,27.0,11:00 pm,31.3,12:00 pm,TEMPERATURE OBSERVATION 2026.pdf,8
2026-08-23,26.2,7:00 am,31.7,1:00 pm,TEMPERATURE OBSERVATION 2026.pdf,8
2026-08-24,25.8,6:00 am,31.7,12:00 pm,TEMPERATURE OBSERVATION 2026.pdf,8
2026-08-25,25.4,11:50 am,27.0,9:50 am,TEMPERATURE OBSERVATION 2026.pdf,8
2026-08-26,25.4,7:00 am,31.0,1:00 pm,TEMPERATURE OBSERVATION 2026.pdf,8
2026-08-27,24.0,10:30 pm,30.5,1:00 pm,TEMPERATURE OBSERVATION 2026.pdf,8
2026-08-28,23.8,5:00 am,31.7,2:00 pm,TEMPERATURE OBSERVATION 2026.pdf,8
2026-08-29,25.2,11:00 am,29.8,2:00 pm,TEMPERATURE OBSERVATION 2026.pdf,8
2026-08-30,24.0,11:00 am,30.9,2:00 pm,TEMPERATURE OBSERVATION 2026.pdf,8
2026-08-31,28.2,7:00 am,30.5,2:00 pm,TEMPERATURE OBSERVATION 2026.pdf,8
2026-09-01,27.8,2:00 am,31.1,2:00 pm,TEMPERATURE OBSERVATION 2026.pdf,9
2026-09-02,28.0,4:40 am,30.9,12:00 pm,TEMPERATURE OBSERVATION 2026.pdf,9
2026-09-03,27.2,6:00 am,30.5,2:00 pm,TEMPERATURE OBSERVATION 2026.pdf,9
2026-09-04,23.5,10:30 pm,30.1,1:00 pm,TEMPERATURE OBSERVATION 2026.pdf,9
2026-09-05,24.0,10:00 pm,31.5,2:00 pm,TEMPERATURE OBSERVATION 2026.pdf,9
2026-09-06,26.4,5:00 am,31.5,1:00 pm,TEMPERATURE OBSERVATION 2026.pdf,9
2026-09-07,26.3,6:00 am,30.3,2:00 pm,TEMPERATURE OBSERVATION 2026.pdf,9
2026-09-08,26.3,6:00 am,30.7,2:00 pm,TEMPERATURE OBSERVATION 2026.pdf,9
2026-09-09,24.2,3:00 am,31.3,1:00 pm,TEMPERATURE OBSERVATION 2026.pdf,9
2026-09-10,24.0,10:50 am,28.9,2:00 pm,TEMPERATURE OBSERVATION 2026.pdf,9
2026-09-11,25.0,6:00 am,31.7,1:00 pm,TEMPERATURE OBSERVATION 2026.pdf,9
2026-09-12,23.2,7:00 am,32.6,1:00 pm,TEMPERATURE OBSERVATION 2026.pdf,9
2026-09-13,23.8,6:30 am,33.2,1:00 pm,TEMPERATURE OBSERVATION 2026.pdf,9
2026-09-14,25.1,6:20 am,32.4,1:00 pm,TEMPERATURE OBSERVATION 2026.pdf,9
2026-09-15,24.9,6:30 am,32.3,12:00 pm,TEMPERATURE OBSERVATION 2026.pdf,9
2026-09-16,24.1,7:00 am,29.1,1:00 pm,TEMPERATURE OBSERVATION 2026.pdf,9
2026-09-17,24.1,6:00 am,27.7,1:00 pm,TEMPERATURE OBSERVATION 2026.pdf,9
2026-09-18,23.2,6:00 am,30.5,1:00 pm,TEMPERATURE OBSERVATION 2026.pdf,9
2026-09-19,24.5,7:00 am,31.6,1:00 pm,TEMPERATURE OBSERVATION 2026.pdf,9
2026-09-20,24.7,6:30 am,32.3,1:00 pm,TEMPERATURE OBSERVATION 2026.pdf,9
2026-09-21,24.9,7:00 am,32.5,1:00 pm,TEMPERATURE OBSERVATION 2026.pdf,9
2026-09-22,24.0,6:00 am,30.5,1:00 pm,TEMPERATURE OBSERVATION 2026.pdf,9
2026-09-23,,,,,TEMPERATURE OBSERVATION 2026.pdf,9
2026-09-24,,,,,TEMPERATURE OBSERVATION 2026.pdf,9
2026-09-25,,,,,TEMPERATURE OBSERVATION 2026.pdf,9
2026-09-26,,,,,TEMPERATURE OBSERVATION 2026.pdf,9
2026-09-27,,,,,TEMPERATURE OBSERVATION 2026.pdf,9
2026-09-28,,,,,TEMPERATURE OBSERVATION 2026.pdf,9
2026-09-29,,,,,TEMPERATURE OBSERVATION 2026.pdf,9
2026-09-30,,,,,TEMPERATURE OBSERVATION 2026.pdf,9
