date,rain_2pm_mm,rain_8pm_mm,rain_2am_mm,rain_8am_mm,rain_24h_mm,remarks,source_file,source_page
2015-01-01,0.0,0.0,3.4,4.8,8.2,LIGHT-MODERATE RAIN,SUMMARY OF DAILY PCPN 2015 ILOILO.pdf,2
2015-01-02,0.0,3.9,1.2,4.6,9.7,LIGHT-MODERATE RAIN,SUMMARY OF DAILY PCPN 2015 ILOILO.pdf,2
2015-01-03,0.0,1.9,0.0,0.0,1.9,LIGHT RAIN,SUMMARY OF DAILY PCPN 2015 ILOILO.pdf,2
2015-01-04,0.0,0.0,0.0,0.0,0.0,,SUMMARY OF DAILY PCPN 2015 ILOILO.pdf,2
2015-01-05,0.0,0.0,0.0,0.0,0.0,,SUMMARY OF DAILY PCPN 2015 ILOILO.pdf,2
2015-01-06,0.0,0.0,0.0,0.0,0.0,,SUMMARY OF DAILY PCPN 2015 ILOILO.pdf,2
2015-01-07,0.0,0.0,0.0,0.0,0.0,,SUMMARY OF DAILY PCPN 2015 ILOILO.pdf,2
2015-01-08,0.0,0.0,0.0,0.0,0.0,,SUMMARY OF DAILY PCPN 2015 ILOILO.pdf,2
2015-01-09,0.0,0.0,0.0,0.0,0.0,,SUMMARY OF DAILY PCPN 2015 ILOILO.pdf,2
2015-01-10,0.0,0.0,0.0,0.0,0.0,,SUMMARY OF DAILY PCPN 2015 ILOILO.pdf,2
2015-01-11,0.4,0.0,0.0,0.0,0.4,LIGHT RAIN,SUMMARY OF DAILY PCPN 2015 ILOILO.pdf,2
2015-01-12,0.0,0.0,0.0,0.0,0.0,,SUMMARY OF DAILY PCPN 2015 ILOILO.pdf,2
2015-01-13,0.0,0.0,0.0,0.0,0.0,,SUMMARY OF DAILY PCPN 2015 ILOILO.pdf,2
2015-01-14,0.0,0.0,0.0,0.0,0.0,,SUMMARY OF DAILY PCPN 2015 ILOILO.pdf,2
2015-01-15,0.0,0.0,0.0,0.0,0.0,,SUMMARY OF DAILY PCPN 2015 ILOILO.pdf,2
2015-01-16,0.0,0.0,0.0,0.0,0.0,,SUMMARY OF DAILY PCPN 2015 ILOILO.pdf,2
2015-01-17,0.8,0.0,0.0,0.0,0.8,LIGHT RAIN,SUMMARY OF DAILY PCPN 2015 ILOILO.pdf,2
2015-01-18,0.0,0.0,0.0,0.0,0.0,,SUMMARY OF DAILY PCPN 2015 ILOILO.pdf,2
2015-01-19,0.0,0.0,0.0,0.0,0.0,,SUMMARY OF DAILY PCPN 2015 ILOILO.pdf,2
2015-01-20,0.0,0.0,0.0,0.0,0.0,,SUMMARY OF DAILY PCPN 2015 ILOILO.pdf,2
2015-01-21,0.0,0.0,0.0,0.0,0.0,,SUMMARY OF DAILY PCPN 2015 ILOILO.pdf,2
2015-01-22,0.0,1.2,5.4,0.0,6.6,LIGHT-MODERATE RAIN,SUMMARY OF DAILY PCPN 2015 ILOILO.pdf,2
2015-01-23,0.0,15.4,0.0,0.0,15.4,MODERATE RAIN,SUMMARY OF DAILY PCPN 2015 ILOILO.pdf,2
2015-01-24,0.0,0.0,0.0,0.0,0.0,,SUMMARY OF DAILY PCPN 2015 ILOILO.pdf,2
2015-01-25,0.0,3.6,0.0,0.0,3.6,LIGHT RAIN,SUMMARY OF DAILY PCPN 2015 ILOILO.pdf,2
2015-01-26,0.0,0.0,0.0,0.0,0.0,,SUMMARY OF DAILY PCPN 2015 ILOILO.pdf,2
2015-01-27,0.0,0.0,0.0,0.0,0.0,,SUMMARY OF DAILY PCPN 2015 ILOILO.pdf,2
2015-01-28,0.0,0.0,0.0,0.0,0.0,,SUMMARY OF DAILY PCPN 2015 ILOILO.pdf,2
2015-01-29,0.0,0.0,0.0,0.0,0.0,,SUMMARY OF DAILY PCPN 2015 ILOILO.pdf,2
2015-01-30,0.0,0.0,0.0,0.0,0.0,,SUMMARY OF DAILY PCPN 2015 ILOILO.pdf,2
2015-01-31,0.0,0.0,0.0,0.0,0.0,,SUMMARY OF DAILY PCPN 2015 ILOILO.pdf,2
2015-02-01,0.0,0.0,0.0,0.0,0.0,,SUMMARY OF DAILY PCPN 2015 ILOILO.pdf,1
2015-02-02,0.0,0.0,0.0,0.0,0.0,,SUMMARY OF DAILY PCPN 2015 ILOILO.pdf,1
2015-02-03,0.0,0.0,0.0,0.0,0.0,,SUMMARY OF DAILY PCPN 2015 ILOILO.pdf,1
2015-02-04,0.0,0.0,0.0,0.0,0.0,,SUMMARY OF DAILY PCPN 2015 ILOILO.pdf,1
2015-02-05,0.0,0.0,0.0,0.0,0.0,,SUMMARY OF DAILY PCPN 2015 ILOILO.pdf,1
2015-02-06,0.0,0.0,0.0,0.0,0.0,,SUMMARY OF DAILY PCPN 2015 ILOILO.pdf,1
2015-02-07,0.0,0.0,0.0,0.0,0.0,,SUMMARY OF DAILY PCPN 2015 ILOILO.pdf,1
2015-02-08,0.0,0.0,0.0,0.0,0.0,,SUMMARY OF DAILY PCPN 2015 ILOILO.pdf,1
2015-02-09,0.0,0.0,0.0,0.0,0.0,,SUMMARY OF DAILY PCPN 2015 ILOILO.pdf,1
2015-02-10,0.0,0.0,0.0,0.0,0.0,,SUMMARY OF DAILY PCPN 2015 ILOILO.pdf,1
2015-02-11,0.0,0.0,0.0,0.0,0.0,,SUMMARY OF DAILY PCPN 2015 ILOILO.pdf,1
2015-02-12,0.0,0.0,0.0,0.0,0.0,,SUMMARY OF DAILY PCPN 2015 ILOILO.pdf,1
2015-02-13,0.0,0.0,0.0,0.0,0.0,,SUMMARY OF DAILY PCPN 2015 ILOILO.pdf,1
2015-02-14,0.0,0.0,0.0,0.0,0.0,,SUMMARY OF DAILY PCPN 2015 ILOILO.pdf,1
2015-02-15,0.0,0.0,0.0,0.0,0.0,,SUMMARY OF DAILY PCPN 2015 ILOILO.pdf,1
2015-02-16,0.0,0.0,0.0,0.0,0.0,,SUMMARY OF DAILY PCPN 2015 ILOILO.pdf,1
2015-02-17,0.0,0.0,0.0,0.0,0.0,,SUMMARY OF DAILY PCPN 2015 ILOILO.pdf,1
2015-02-18,0.0,0.0,0.0,0.0,0.0,,SUMMARY OF DAILY PCPN 2015 ILOILO.pdf,1
2015-02-19,0.0,0.0,0.0,0.0,0.0,,SUMMARY OF DAILY PCPN 2015 ILOILO.pdf,1
2015-02-20,0.0,1.0,8.2,0.0,9.2,LIGHT-MODERATE RAIN,SUMMARY OF DAILY PCPN 2015 ILOILO.pdf,1
2015-02-21,0.0,0.0,0.0,0.0,0.0,,SUMMARY OF DAILY PCPN 2015 ILOILO.pdf,1
2015-02-22,0.0,0.0,0.0,0.0,0.0,,SUMMARY OF DAILY PCPN 2015 ILOILO.pdf,1
2015-02-23,0.0,0.0,0.0,0.0,0.0,,SUMMARY OF DAILY PCPN 2015 ILOILO.pdf,1
2015-02-24,0.0,0.0,0.0,0.0,0.0,,SUMMARY OF DAILY PCPN 2015 ILOILO.pdf,1
2015-02-25,0.0,0.0,0.0,0.0,0.0,,SUMMARY OF DAILY PCPN 2015 ILOILO.pdf,1
2015-02-26,0.0,0.0,0.0,0.0,0.0,,SUMMARY OF DAILY PCPN 2015 ILOILO.pdf,1
2015-02-27,0.0,0.0,0.0,0.0,0.0,,SUMMARY OF DAILY PCPN 2015 ILOILO.pdf,1
2015-02-28,0.0,0.0,0.0,0.0,0.0,,SUMMARY OF DAILY PCPN 2015 ILOILO.pdf,1
2015-03-01,0.0,0.0,0.0,0.0,0.0,,SUMMARY OF DAILY PCPN 2015 ILOILO.pdf,3
2015-03-02,0.0,0.6,0.0,0.0,0.6,LIGHT RAIN,SUMMARY OF DAILY PCPN 2015 ILOILO.pdf,3
2015-03-03,0.0,0.0,0.0,0.0,0.0,,SUMMARY OF DAILY PCPN 2015 ILOILO.pdf,3
2015-03-04,0.0,0.0,0.0,0.0,0.0,,SUMMARY OF DAILY PCPN 2015 ILOILO.pdf,3
2015-03-05,0.0,0.0,0.0,0.0,0.0,,SUMMARY OF DAILY PCPN 2015 ILOILO.pdf,3
2015-03-06,0.0,0.0,0.4,0.0,0.4,LIGHT RAIN,SUMMARY OF DAILY PCPN 2015 ILOILO.pdf,3
2015-03-07,0.0,0.0,0.0,0.0,0.0,,SUMMARY OF DAILY PCPN 2015 ILOILO.pdf,3
2015-03-08,0.0,0.0,0.0,0.0,0.0,,SUMMARY OF DAILY PCPN 2015 ILOILO.pdf,3
2015-03-09,0.0,0.0,0.0,0.0,0.0,,SUMMARY OF DAILY PCPN 2015 ILOILO.pdf,3
2015-03-10,0.0,0.0,0.0,0.0,0.0,,SUMMARY OF DAILY PCPN 2015 ILOILO.pdf,3
2015-03-11,0.0,0.0,0.0,0.0,0.0,,SUMMARY OF DAILY PCPN 2015 ILOILO.pdf,3
2015-03-12,0.0,0.0,0.0,0.0,0.0,,SUMMARY OF DAILY PCPN 2015 ILOILO.pdf,3
2015-03-13,0.0,0.0,0.0,0.0,0.0,,SUMMARY OF DAILY PCPN 2015 ILOILO.pdf,3
2015-03-14,0.0,0.0,0.0,0.0,0.0,,SUMMARY OF DAILY PCPN 2015 ILOILO.pdf,3
2015-03-15,0.0,0.0,0.0,0.0,0.0,,SUMMARY OF DAILY PCPN 2015 ILOILO.pdf,3
2015-03-16,0.0,0.0,0.0,0.0,0.0,,SUMMARY OF DAILY PCPN 2015 ILOILO.pdf,3
2015-03-17,0.0,0.0,0.0,0.0,0.0,,SUMMARY OF DAILY PCPN 2015 ILOILO.pdf,3
2015-03-18,0.0,0.0,0.0,0.0,0.0,,SUMMARY OF DAILY PCPN 2015 ILOILO.pdf,3
2015-03-19,0.0,0.0,0.0,0.0,0.0,,SUMMARY OF DAILY PCPN 2015 ILOILO.pdf,3
2015-03-20,0.0,0.0,0.0,0.0,0.0,,SUMMARY OF DAILY PCPN 2015 ILOILO.pdf,3
2015-03-21,0.0,0.0,0.0,0.0,0.0,,SUMMARY OF DAILY PCPN 2015 ILOILO.pdf,3
2015-03-22,0.0,0.0,0.0,0.0,0.0,,SUMMARY OF DAILY PCPN 2015 ILOILO.pdf,3
2015-03-23,0.0,0.0,0.0,0.0,0.0,,SUMMARY OF DAILY PCPN 2015 ILOILO.pdf,3
2015-03-24,0.0,0.0,0.0,0.0,0.0,,SUMMARY OF DAILY PCPN 2015 ILOILO.pdf,3
2015-03-25,0.0,3.3,0.0,0.0,3.3,RAINSHOWER,SUMMARY OF DAILY PCPN 2015 ILOILO.pdf,3
2015-03-26,0.0,5.6,0.0,0.0,5.6,RAINSHOWER,SUMMARY OF DAILY PCPN 2015 ILOILO.pdf,3
2015-03-27,0.0,0.0,0.3,0.0,0.3,LIGHT RAIN,SUMMARY OF DAILY PCPN 2015 ILOILO.pdf,3
2015-03-28,0.0,0.0,0.0,0.0,0.0,,SUMMARY OF DAILY PCPN 2015 ILOILO.pdf,3
2015-03-29,0.0,0.0,0.0,0.0,0.0,,SUMMARY OF DAILY PCPN 2015 ILOILO.pdf,3
2015-03-30,0.0,0.0,0.0,0.0,0.0,,SUMMARY OF DAILY PCPN 2015 ILOILO.pdf,3
2015-03-31,0.0,0.0,0.0,0.0,0.0,,SUMMARY OF DAILY PCPN 2015 ILOILO.pdf,3
2015-04-01,0.0,0.0,0.0,0.0,0.0,,SUMMARY OF DAILY PCPN 2015 ILOILO.pdf,4
2015-04-02,0.0,0.0,0.0,0.0,0.0,,SUMMARY OF DAILY PCPN 2015 ILOILO.pdf,4
2015-04-03,0.0,0.0,0.0,0.0,0.0,,SUMMARY OF DAILY PCPN 2015 ILOILO.pdf,4
2015-04-04,0.0,0.0,0.0,0.0,0.0,,SUMMARY OF DAILY PCPN 2015 ILOILO.pdf,4
2015-04-05,0.0,0.0,0.0,0.0,0.0,,SUMMARY OF DAILY PCPN 2015 ILOILO.pdf,4
2015-04-06,0.0,0.0,0.0,0.0,0.0,,SUMMARY OF DAILY PCPN 2015 ILOILO.pdf,4
2015-04-07,0.0,0.0,0.0,0.0,0.0,,SUMMARY OF DAILY PCPN 2015 ILOILO.pdf,4
2015-04-08,0.0,0.0,0.0,0.0,0.0,,SUMMARY OF DAILY PCPN 2015 ILOILO.pdf,4
2015-04-09,0.0,0.0,0.0,0.0,0.0,,SUMMARY OF DAILY PCPN 2015 ILOILO.pdf,4
2015-04-10,0.0,0.0,0.0,0.0,0.0,,SUMMARY OF DAILY PCPN 2015 ILOILO.pdf,4
2015-04-11,0.0,0.0,0.0,0.0,0.0,,SUMMARY OF DAILY PCPN 2015 ILOILO.pdf,4
2015-04-12,0.0,0.0,0.0,0.0,0.0,,SUMMARY OF DAILY PCPN 2015 ILOILO.pdf,4
2015-04-13,0.0,0.0,0.0,0.0,0.0,,SUMMARY OF DAILY PCPN 2015 ILOILO.pdf,4
2015-04-14,0.0,0.0,0.0,0.0,0.0,,SUMMARY OF DAILY PCPN 2015 ILOILO.pdf,4
2015-04-15,0.0,0.0,0.0,0.0,0.0,,SUMMARY OF DAILY PCPN 2015 ILOILO.pdf,4
2015-04-16,0.0,0.0,0.0,0.0,0.0,,SUMMARY OF DAILY PCPN 2015 ILOILO.pdf,4
2015-04-17,0.0,0.0,0.0,0.0,0.0,,SUMMARY OF DAILY PCPN 2015 ILOILO.pdf,4
2015-04-18,0.0,0.0,0.0,0.0,0.0,,SUMMARY OF DAILY PCPN 2015 ILOILO.pdf,4
2015-04-19,0.0,0.0,0.0,0.0,0.0,,SUMMARY OF DAILY PCPN 2015 ILOILO.pdf,4
2015-04-20,0.0,0.0,0.0,0.0,0.0,,SUMMARY OF DAILY PCPN 2015 ILOILO.pdf,4
2015-04-21,0.0,0.0,0.0,0.2,0.2,LIGHT RAIN,SUMMARY OF DAILY PCPN 2015 ILOILO.pdf,4
2015-04-22,0.0,0.0,0.0,0.0,0.0,,SUMMARY OF DAILY PCPN 2015 ILOILO.pdf,4
2015-04-23,0.0,0.0,0.0,0.0,0.0,,SUMMARY OF DAILY PCPN 2015 ILOILO.pdf,4
2015-04-24,0.0,0.0,0.0,0.0,0.0,,SUMMARY OF DAILY PCPN 2015 ILOILO.pdf,4
2015-04-25,0.0,0.0,0.0,0.0,0.0,,SUMMARY OF DAILY PCPN 2015 ILOILO.pdf,4
2015-04-26,0.0,0.0,0.0,0.0,0.0,,SUMMARY OF DAILY PCPN 2015 ILOILO.pdf,4
2015-04-27,0.0,0.0,0.0,0.0,0.0,,SUMMARY OF DAILY PCPN 2015 ILOILO.pdf,4
2015-04-28,0.0,0.0,0.0,0.0,0.0,,SUMMARY OF DAILY PCPN 2015 ILOILO.pdf,4
2015-04-29,0.0,0.0,0.0,0.0,0.0,,SUMMARY OF DAILY PCPN 2015 ILOILO.pdf,4
2015-04-30,0.0,0.0,0.0,0.0,0.0,,SUMMARY OF DAILY PCPN 2015 ILOILO.pdf,4
2015-05-01,0.0,2.9,0.0,0.0,2.9,RAINSHOWER,SUMMARY OF DAILY PCPN 2015 ILOILO.pdf,5
2015-05-02,0.0,3.0,0.0,4.4,7.4,RAINSHOWER,SUMMARY OF DAILY PCPN 2015 ILOILO.pdf,5
2015-05-03,0.0,4.1,0.0,6.0,10.1,RAINSHOWER,SUMMARY OF DAILY PCPN 2015 ILOILO.pdf,5
2015-05-04,4.2,0.0,0.0,0.0,4.2,RAINSHOWER,SUMMARY OF DAILY PCPN 2015 ILOILO.pdf,5
2015-05-05,0.0,0.0,0.0,0.0,0.0,,SUMMARY OF DAILY PCPN 2015 ILOILO.pdf,5
2015-05-06,0.0,0.0,0.0,0.0,0.0,,SUMMARY OF DAILY PCPN 2015 ILOILO.pdf,5
2015-05-07,0.0,0.0,0.0,0.0,0.0,,SUMMARY OF DAILY PCPN 2015 ILOILO.pdf,5
2015-05-08,0.0,0.0,0.0,0.0,0.0,,SUMMARY OF DAILY PCPN 2015 ILOILO.pdf,5
2015-05-09,0.0,0.0,0.0,0.0,0.0,,SUMMARY OF DAILY PCPN 2015 ILOILO.pdf,5
2015-05-10,0.0,0.0,0.0,0.0,0.0,,SUMMARY OF DAILY PCPN 2015 ILOILO.pdf,5
2015-05-11,0.0,0.0,0.0,0.0,0.0,,SUMMARY OF DAILY PCPN 2015 ILOILO.pdf,5
2015-05-12,0.0,0.0,0.0,0.0,0.0,,SUMMARY OF DAILY PCPN 2015 ILOILO.pdf,5
2015-05-13,0.0,0.0,0.0,0.0,0.0,,SUMMARY OF DAILY PCPN 2015 ILOILO.pdf,5
2015-05-14,0.0,0.0,0.0,0.0,0.0,,SUMMARY OF DAILY PCPN 2015 ILOILO.pdf,5
2015-05-15,0.0,0.0,0.0,0.0,0.0,,SUMMARY OF DAILY PCPN 2015 ILOILO.pdf,5
2015-05-16,0.0,0.0,0.0,0.0,0.0,,SUMMARY OF DAILY PCPN 2015 ILOILO.pdf,5
2015-05-17,0.0,0.0,0.0,0.0,0.0,,SUMMARY OF DAILY PCPN 2015 ILOILO.pdf,5
2015-05-18,0.0,0.0,0.0,0.0,0.0,,SUMMARY OF DAILY PCPN 2015 ILOILO.pdf,5
2015-05-19,0.0,0.0,0.0,0.0,0.0,,SUMMARY OF DAILY PCPN 2015 ILOILO.pdf,5
2015-05-20,0.0,0.0,0.0,0.0,0.0,,SUMMARY OF DAILY PCPN 2015 ILOILO.pdf,5
2015-05-21,0.0,0.0,0.0,0.0,0.0,,SUMMARY OF DAILY PCPN 2015 ILOILO.pdf,5
2015-05-22,0.0,0.0,0.0,0.0,0.0,,SUMMARY OF DAILY PCPN 2015 ILOILO.pdf,5
2015-05-23,0.0,0.0,0.0,0.0,0.0,,SUMMARY OF DAILY PCPN 2015 ILOILO.pdf,5
2015-05-24,0.0,0.0,0.0,0.0,0.0,,SUMMARY OF DAILY PCPN 2015 ILOILO.pdf,5
2015-05-25,0.0,0.0,0.0,0.0,0.0,,SUMMARY OF DAILY PCPN 2015 ILOILO.pdf,5
2015-05-26,0.0,0.0,0.0,0.0,0.0,,SUMMARY OF DAILY PCPN 2015 ILOILO.pdf,5
2015-05-27,0.0,0.0,0.0,0.0,0.0,,SUMMARY OF DAILY PCPN 2015 ILOILO.pdf,5
2015-05-28,0.0,0.0,0.0,0.0,0.0,,SUMMARY OF DAILY PCPN 2015 ILOILO.pdf,5
2015-05-29,0.0,0.0,0.0,0.0,0.0,,SUMMARY OF DAILY PCPN 2015 ILOILO.pdf,5
2015-05-30,0.0,0.0,0.0,0.0,0.0,,SUMMARY OF DAILY PCPN 2015 ILOILO.pdf,5
2015-05-31,0.0,0.0,0.0,0.0,0.0,,SUMMARY OF DAILY PCPN 2015 ILOILO.pdf,5
2015-06-01,0.0,14.2,24.8,0.0,39.0,SERIES OF LIGHT-MODERATE RAIN,SUMMARY OF DAILY PCPN 2015 ILOILO.pdf,6
2015-06-02,0.0,0.0,0.0,15.2,15.2,MODERATE RAIN,SUMMARY OF DAILY PCPN 2015 ILOILO.pdf,6
2015-06-03,5.0,0.0,0.0,0.0,5.0,RAINSHOWER,SUMMARY OF DAILY PCPN 2015 ILOILO.pdf,6
2015-06-04,0.0,22.2,6.2,0.0,28.4,SERIES OF LIGHT-MODERATE RAIN,SUMMARY OF DAILY PCPN 2015 ILOILO.pdf,6
2015-06-05,0.0,0.0,0.0,0.0,0.0,,SUMMARY OF DAILY PCPN 2015 ILOILO.pdf,6
2015-06-06,0.0,0.0,0.0,0.0,0.0,,SUMMARY OF DAILY PCPN 2015 ILOILO.pdf,6
2015-06-07,3.8,12.2,0.0,0.0,16.0,SERIES OF LIGHT-MODERATE RAIN,SUMMARY OF DAILY PCPN 2015 ILOILO.pdf,6
2015-06-08,0.0,,0.0,0.0,0.0,,SUMMARY OF DAILY PCPN 2015 ILOILO.pdf,6
2015-06-09,0.0,0.8,0.0,0.0,0.8,LIGHT RAIN,SUMMARY OF DAILY PCPN 2015 ILOILO.pdf,6
2015-06-10,0.0,14.6,0.0,0.0,14.6,MODERATE RAIN,SUMMARY OF DAILY PCPN 2015 ILOILO.pdf,6
2015-06-11,0.0,0.0,0.0,0.0,0.0,,SUMMARY OF DAILY PCPN 2015 ILOILO.pdf,6
2015-06-12,0.0,0.0,0.0,0.0,0.0,,SUMMARY OF DAILY PCPN 2015 ILOILO.pdf,6
2015-06-13,0.0,6.8,0.0,0.0,6.8,RAINSHOWERS,SUMMARY OF DAILY PCPN 2015 ILOILO.pdf,6
2015-06-14,0.0,13.2,0.0,0.0,13.2,MODERATE RAIN,SUMMARY OF DAILY PCPN 2015 ILOILO.pdf,6
2015-06-15,0.0,0.0,27.0,0.0,27.0,MODERATE RAIN,SUMMARY OF DAILY PCPN 2015 ILOILO.pdf,6
2015-06-16,0.0,0.0,0.0,0.8,0.8,LIGHT RAIN,SUMMARY OF DAILY PCPN 2015 ILOILO.pdf,6
2015-06-17,0.0,2.6,0.0,0.0,2.6,RAINSHOWERS,SUMMARY OF DAILY PCPN 2015 ILOILO.pdf,6
2015-06-18,0.6,6.9,0.0,0.0,7.5,SERIES OF RAINSHOWERS,SUMMARY OF DAILY PCPN 2015 ILOILO.pdf,6
2015-06-19,0.0,2.4,0.0,0.0,2.4,RAINSHOWERS,SUMMARY OF DAILY PCPN 2015 ILOILO.pdf,6
2015-06-20,0.0,0.0,0.0,7.2,7.2,RAINSHOWERS,SUMMARY OF DAILY PCPN 2015 ILOILO.pdf,6
2015-06-21,0.0,0.0,0.7,0.0,0.7,LIGHT RAIN,SUMMARY OF DAILY PCPN 2015 ILOILO.pdf,6
2015-06-22,0.0,0.0,0.0,0.0,0.0,,SUMMARY OF DAILY PCPN 2015 ILOILO.pdf,6
2015-06-23,0.0,2.3,0.0,0.0,2.3,RAINSHOWERS,SUMMARY OF DAILY PCPN 2015 ILOILO.pdf,6
2015-06-24,0.0,13.5,29.3,0.0,42.8,SERIES OF MODERATE RAINS,SUMMARY OF DAILY PCPN 2015 ILOILO.pdf,6
2015-06-25,0.0,8.8,0.0,0.0,8.8,RAINSHOWERS,SUMMARY OF DAILY PCPN 2015 ILOILO.pdf,6
2015-06-26,0.0,0.0,0.0,0.0,0.0,,SUMMARY OF DAILY PCPN 2015 ILOILO.pdf,6
2015-06-27,0.0,10.5,0.0,0.0,10.5,RAINSHOWERS,SUMMARY OF DAILY PCPN 2015 ILOILO.pdf,6
2015-06-28,0.0,3.2,4.6,0.0,7.8,SERIES OF MODERATE RAINS,SUMMARY OF DAILY PCPN 2015 ILOILO.pdf,6
2015-06-29,0.0,0.0,0.0,0.0,0.0,,SUMMARY OF DAILY PCPN 2015 ILOILO.pdf,6
2015-06-30,0.0,12.2,0.0,0.0,12.2,RAINSHOWERS,SUMMARY OF DAILY PCPN 2015 ILOILO.pdf,6
2015-07-01,0.0,0.6,0.0,0.0,0.6,LIGHT RAIN,SUMMARY OF DAILY PCPN 2015 ILOILO.pdf,7
2015-07-02,1.8,24.2,10.4,8.2,44.6,SERIES OF LIGHT-MODERATE RAIN,SUMMARY OF DAILY PCPN 2015 ILOILO.pdf,7
2015-07-03,15.0,12.5,14.6,5.4,47.5,SERIES OF LIGHT-MODERATE RAIN,SUMMARY OF DAILY PCPN 2015 ILOILO.pdf,7
2015-07-04,6.3,8.0,7.5,4.5,26.3,SERIES OF LIGHT-MODERATE RAIN,SUMMARY OF DAILY PCPN 2015 ILOILO.pdf,7
2015-07-05,0.0,6.0,7.2,3.0,16.2,SERIES OF LIGHT-MODERATE RAIN,SUMMARY OF DAILY PCPN 2015 ILOILO.pdf,7
2015-07-06,2.0,8.2,5.0,3.2,18.4,SERIES OF LIGHT-MODERATE RAIN,SUMMARY OF DAILY PCPN 2015 ILOILO.pdf,7
2015-07-07,6.2,11.2,23.4,12.6,53.4,SERIES OF MODERATE-HEAVY RAIN,SUMMARY OF DAILY PCPN 2015 ILOILO.pdf,7
2015-07-08,22.6,24.0,10.2,7.8,64.6,SERIES OF MODERATE-HEAVY RAIN,SUMMARY OF DAILY PCPN 2015 ILOILO.pdf,7
2015-07-09,12.8,2.0,4.0,7.0,25.8,SERIES OF LIGHT-MODERATE RAIN,SUMMARY OF DAILY PCPN 2015 ILOILO.pdf,7
2015-07-10,9.2,6.8,0.0,0.0,16.0,SERIES OF LIGHT-MODERATE RAIN,SUMMARY OF DAILY PCPN 2015 ILOILO.pdf,7
2015-07-11,2.4,2.8,0.0,0.0,5.2,SERIES OF LIGHT-MODERATE RAIN,SUMMARY OF DAILY PCPN 2015 ILOILO.pdf,7
2015-07-12,0.0,0.0,0.0,0.0,0.0,,SUMMARY OF DAILY PCPN 2015 ILOILO.pdf,7
2015-07-13,0.0,0.0,0.0,0.0,0.0,,SUMMARY OF DAILY PCPN 2015 ILOILO.pdf,7
2015-07-14,0.0,0.0,0.0,0.0,0.0,,SUMMARY OF DAILY PCPN 2015 ILOILO.pdf,7
2015-07-15,0.0,0.0,0.0,0.0,0.0,,SUMMARY OF DAILY PCPN 2015 ILOILO.pdf,7
2015-07-16,0.0,0.0,0.0,0.0,0.0,,SUMMARY OF DAILY PCPN 2015 ILOILO.pdf,7
2015-07-17,0.0,0.8,0.0,0.0,0.8,RAINSHOWERS,SUMMARY OF DAILY PCPN 2015 ILOILO.pdf,7
2015-07-18,0.0,0.0,0.0,0.0,0.0,,SUMMARY OF DAILY PCPN 2015 ILOILO.pdf,7
2015-07-19,0.0,0.0,0.0,0.0,0.0,,SUMMARY OF DAILY PCPN 2015 ILOILO.pdf,7
2015-07-20,0.0,0.0,0.0,0.0,0.0,,SUMMARY OF DAILY PCPN 2015 ILOILO.pdf,7
2015-07-21,0.0,40.4,7.6,0.0,48.0,SERIES OF MODERATE-HEAVY RAIN,SUMMARY OF DAILY PCPN 2015 ILOILO.pdf,7
2015-07-22,0.0,0.0,0.0,1.0,1.0,RAINSHOWERS,SUMMARY OF DAILY PCPN 2015 ILOILO.pdf,7
2015-07-23,0.0,0.0,0.0,0.0,0.0,,SUMMARY OF DAILY PCPN 2015 ILOILO.pdf,7
2015-07-24,0.0,0.0,0.0,0.0,0.0,,SUMMARY OF DAILY PCPN 2015 ILOILO.pdf,7
2015-07-25,0.0,0.0,0.0,0.0,0.0,,SUMMARY OF DAILY PCPN 2015 ILOILO.pdf,7
2015-07-26,0.0,1.8,0.0,0.0,1.8,LIGHT-MODERATE RAIN,SUMMARY OF DAILY PCPN 2015 ILOILO.pdf,7
2015-07-27,0.0,7.0,11.6,0.0,18.6,SERIES OF LIGHT-MODERATE RAIN,SUMMARY OF DAILY PCPN 2015 ILOILO.pdf,7
2015-07-28,0.0,0.0,0.0,0.0,0.0,,SUMMARY OF DAILY PCPN 2015 ILOILO.pdf,7
2015-07-29,0.0,42.4,20.0,10.0,72.4,SERIES OF MODERATE-HEAVY RAIN,SUMMARY OF DAILY PCPN 2015 ILOILO.pdf,7
2015-07-30,8.8,3.5,0.0,1.0,13.3,SERIES OF LIGHT-MODERATE RAIN,SUMMARY OF DAILY PCPN 2015 ILOILO.pdf,7
2015-07-31,0.0,4.0,0.0,0.0,0.0,,SUMMARY OF DAILY PCPN 2015 ILOILO.pdf,7
2015-08-01,0.0,32.2,13.0,0.0,45.2,SERIES OF RAIN,SUMMARY OF DAILY PCPN 2015 ILOILO.pdf,8
2015-08-02,0.0,0.0,0.0,5.0,5.0,RAINSHOWERS,SUMMARY OF DAILY PCPN 2015 ILOILO.pdf,8
2015-08-03,0.0,15.4,10.6,0.0,26.0,SERIES OF RAIN,SUMMARY OF DAILY PCPN 2015 ILOILO.pdf,8
2015-08-04,0.0,0.0,0.4,0.8,1.2,SERIES OF LIGHT RAIN,SUMMARY OF DAILY PCPN 2015 ILOILO.pdf,8
2015-08-05,0.0,24.5,15.0,23.5,63.0,SERIES OF MODERATE RAIN,SUMMARY OF DAILY PCPN 2015 ILOILO.pdf,8
2015-08-06,26.8,16.6,62.0,53.2,158.6,SERIES OF RAIN,SUMMARY OF DAILY PCPN 2015 ILOILO.pdf,8
2015-08-07,9.2,27.0,18.2,7.4,61.8,SERIES OF MODERATE-HEAVY RAIN,SUMMARY OF DAILY PCPN 2015 ILOILO.pdf,8
2015-08-08,18.5,26.6,0.0,11.9,57.0,SERIES OF MODERATE RAIN,SUMMARY OF DAILY PCPN 2015 ILOILO.pdf,8
2015-08-09,16.0,0.0,0.0,0.0,16.0,MODERATE RAIN,SUMMARY OF DAILY PCPN 2015 ILOILO.pdf,8
2015-08-10,0.0,0.0,0.0,0.0,0.0,,SUMMARY OF DAILY PCPN 2015 ILOILO.pdf,8
2015-08-11,0.0,0.0,0.0,0.2,0.2,RAINSHOWERS,SUMMARY OF DAILY PCPN 2015 ILOILO.pdf,8
2015-08-12,0.0,0.0,0.0,0.0,0.0,,SUMMARY OF DAILY PCPN 2015 ILOILO.pdf,8
2015-08-13,0.0,0.0,0.0,0.0,0.0,,SUMMARY OF DAILY PCPN 2015 ILOILO.pdf,8
2015-08-14,5.6,0.0,0.0,0.0,5.6,RAINSHOWERS,SUMMARY OF DAILY PCPN 2015 ILOILO.pdf,8
2015-08-15,0.0,0.0,0.0,0.0,0.0,,SUMMARY OF DAILY PCPN 2015 ILOILO.pdf,8
2015-08-16,0.0,10.8,0.0,0.0,10.8,MODERATE RAIN,SUMMARY OF DAILY PCPN 2015 ILOILO.pdf,8
2015-08-17,0.0,0.4,0.0,0.0,0.4,RAINSHOWERS,SUMMARY OF DAILY PCPN 2015 ILOILO.pdf,8
2015-08-18,0.0,4.2,0.0,0.0,4.2,RAINSHOWERS,SUMMARY OF DAILY PCPN 2015 ILOILO.pdf,8
2015-08-19,0.0,0.0,0.0,0.0,0.0,,SUMMARY OF DAILY PCPN 2015 ILOILO.pdf,8
2015-08-20,2.0,33.0,12.8,35.4,83.2,SERIES OF MODERATE-HEAVY RAIN,SUMMARY OF DAILY PCPN 2015 ILOILO.pdf,8
2015-08-21,4.8,14.2,9.8,1.8,30.6,SERIES OF MODERATE-HEAVY RAIN,SUMMARY OF DAILY PCPN 2015 ILOILO.pdf,8
2015-08-22,5.2,20.2,16.6,6.4,48.4,SERIES OF MODERATE-HEAVY RAIN,SUMMARY OF DAILY PCPN 2015 ILOILO.pdf,8
2015-08-23,1.0,6.6,2.2,0.0,9.8,SERIES OF LIGHT-MODERATE RAIN,SUMMARY OF DAILY PCPN 2015 ILOILO.pdf,8
2015-08-24,0.0,0.0,0.0,0.0,0.0,,SUMMARY OF DAILY PCPN 2015 ILOILO.pdf,8
2015-08-25,0.0,0.0,0.0,0.0,0.0,,SUMMARY OF DAILY PCPN 2015 ILOILO.pdf,8
2015-08-26,0.0,0.0,0.0,0.0,0.0,,SUMMARY OF DAILY PCPN 2015 ILOILO.pdf,8
2015-08-27,0.0,0.0,0.0,0.0,0.0,,SUMMARY OF DAILY PCPN 2015 ILOILO.pdf,8
2015-08-28,0.0,13.4,0.0,0.6,14.0,SERIES OF LIGHT-MODERATE RAIN,SUMMARY OF DAILY PCPN 2015 ILOILO.pdf,8
2015-08-29,0.0,1.0,0.0,0.0,1.0,RAINSHOWERS,SUMMARY OF DAILY PCPN 2015 ILOILO.pdf,8
2015-08-30,0.0,0.0,0.0,0.0,0.0,,SUMMARY OF DAILY PCPN 2015 ILOILO.pdf,8
2015-08-31,0.0,0.0,0.0,0.0,0.0,,SUMMARY OF DAILY PCPN 2015 ILOILO.pdf,8
2015-09-01,0.0,0.0,0.0,0.0,0.0,,SUMMARY OF DAILY PCPN 2015 ILOILO.pdf,9
2015-09-02,0.0,0.0,0.0,0.0,0.0,,SUMMARY OF DAILY PCPN 2015 ILOILO.pdf,9
2015-09-03,0.0,0.0,0.0,0.0,0.0,,SUMMARY OF DAILY PCPN 2015 ILOILO.pdf,9
2015-09-04,0.0,0.0,0.0,0.0,0.0,,SUMMARY OF DAILY PCPN 2015 ILOILO.pdf,9
2015-09-05,0.8,0.6,0.0,0.2,1.6,SERIES OF MODERATE RAIN,SUMMARY OF DAILY PCPN 2015 ILOILO.pdf,9
2015-09-06,0.0,0.2,0.0,0.0,0.2,SERIES OF RAIN,SUMMARY OF DAILY PCPN 2015 ILOILO.pdf,9
2015-09-07,0.0,0.0,0.5,2.2,2.7,SERIES OF MODERATE-HEAVY RAIN,SUMMARY OF DAILY PCPN 2015 ILOILO.pdf,9
2015-09-08,0.0,0.0,0.0,0.0,0.0,,SUMMARY OF DAILY PCPN 2015 ILOILO.pdf,9
2015-09-09,7.2,0.0,0.0,0.0,7.2,MODERATE RAIN,SUMMARY OF DAILY PCPN 2015 ILOILO.pdf,9
2015-09-10,0.0,0.0,0.0,0.0,0.0,,SUMMARY OF DAILY PCPN 2015 ILOILO.pdf,9
2015-09-11,0.0,0.0,0.0,0.0,0.0,,SUMMARY OF DAILY PCPN 2015 ILOILO.pdf,9
2015-09-12,0.0,0.0,0.0,5.8,5.8,MODERATE RAIN,SUMMARY OF DAILY PCPN 2015 ILOILO.pdf,9
2015-09-13,0.0,0.8,0.0,0.0,0.8,LIGHT RAIN,SUMMARY OF DAILY PCPN 2015 ILOILO.pdf,9
2015-09-14,0.0,7.6,0.0,0.0,7.6,MODERATE RAIN,SUMMARY OF DAILY PCPN 2015 ILOILO.pdf,9
2015-09-15,0.0,18.4,0.0,1.2,19.6,SERIES OF MODERATE RAIN,SUMMARY OF DAILY PCPN 2015 ILOILO.pdf,9
2015-09-16,0.0,22.6,2.6,6.4,31.6,SERIES OF MODERATE-HEAVY RAIN,SUMMARY OF DAILY PCPN 2015 ILOILO.pdf,9
2015-09-17,0.0,16.0,0.0,0.0,16.0,MODERATE RAIN,SUMMARY OF DAILY PCPN 2015 ILOILO.pdf,9
2015-09-18,0.0,0.0,0.0,1.8,1.8,LIGHT RAIN,SUMMARY OF DAILY PCPN 2015 ILOILO.pdf,9
2015-09-19,0.3,0.0,0.0,0.0,0.3,LIGHT RAIN,SUMMARY OF DAILY PCPN 2015 ILOILO.pdf,9
2015-09-20,0.0,0.6,0.0,0.0,0.6,LIGHT RAIN,SUMMARY OF DAILY PCPN 2015 ILOILO.pdf,9
2015-09-21,0.0,0.0,0.0,0.0,0.0,,SUMMARY OF DAILY PCPN 2015 ILOILO.pdf,9
2015-09-22,0.3,1.0,0.0,0.0,1.3,SERIES OF LIGHT-MODERATE RAIN,SUMMARY OF DAILY PCPN 2015 ILOILO.pdf,9
2015-09-23,0.0,0.0,0.0,0.0,0.0,,SUMMARY OF DAILY PCPN 2015 ILOILO.pdf,9
2015-09-24,0.0,0.0,0.0,0.2,0.2,LIGHT RAIN,SUMMARY OF DAILY PCPN 2015 ILOILO.pdf,9
2015-09-25,0.0,0.0,0.0,0.0,0.0,,SUMMARY OF DAILY PCPN 2015 ILOILO.pdf,9
2015-09-26,0.0,0.0,0.0,0.0,0.0,,SUMMARY OF DAILY PCPN 2015 ILOILO.pdf,9
2015-09-27,0.0,0.0,0.0,27.6,27.6,MODERATE RAIN,SUMMARY OF DAILY PCPN 2015 ILOILO.pdf,9
2015-09-28,0.2,0.0,0.4,0.0,0.6,SERIES OF LIGHT RAIN,SUMMARY OF DAILY PCPN 2015 ILOILO.pdf,9
2015-09-29,0.0,0.0,0.0,0.0,0.0,,SUMMARY OF DAILY PCPN 2015 ILOILO.pdf,9
2015-09-30,0.0,30.2,1.6,0.0,31.8,SERIES OF MODERATE-HEAVY RAIN,SUMMARY OF DAILY PCPN 2015 ILOILO.pdf,9
2015-10-01,0.0,0.4,,2.2,2.6,LIGHT RAIN,SUMMARY OF DAILY PCPN 2015 ILOILO.pdf,10
2015-10-02,1.8,0.0,0.0,0.0,1.8,LIGHT RAIN,SUMMARY OF DAILY PCPN 2015 ILOILO.pdf,10
2015-10-03,0.0,0.0,0.0,0.0,,,SUMMARY OF DAILY PCPN 2015 ILOILO.pdf,10
2015-10-04,2.0,1.0,0.0,0.0,3.0,LIGHT RAIN,SUMMARY OF DAILY PCPN 2015 ILOILO.pdf,10
2015-10-05,0.0,0.0,0.0,0.0,,,SUMMARY OF DAILY PCPN 2015 ILOILO.pdf,10
2015-10-06,0.0,0.0,0.0,0.0,,,SUMMARY OF DAILY PCPN 2015 ILOILO.pdf,10
2015-10-07,0.1,0.3,0.0,0.0,0.4,LIGHT RAIN,SUMMARY OF DAILY PCPN 2015 ILOILO.pdf,10
2015-10-08,0.0,0.0,0.0,0.0,,,SUMMARY OF DAILY PCPN 2015 ILOILO.pdf,10
2015-10-09,0.0,0.0,0.0,0.0,,,SUMMARY OF DAILY PCPN 2015 ILOILO.pdf,10
2015-10-10,0.0,0.0,0.0,0.0,,,SUMMARY OF DAILY PCPN 2015 ILOILO.pdf,10
2015-10-11,0.1,0.2,0.0,0.0,0.3,LIGHT RAIN,SUMMARY OF DAILY PCPN 2015 ILOILO.pdf,10
2015-10-12,0.0,16.8,0.0,0.0,16.8,LIGHT-MODERATE RAIN,SUMMARY OF DAILY PCPN 2015 ILOILO.pdf,10
2015-10-13,6.8,2.6,0.0,0.0,9.4,SERIES OF LIGHT-MODERATE RAIN,SUMMARY OF DAILY PCPN 2015 ILOILO.pdf,10
2015-10-14,0.0,0.0,0.0,0.0,,,SUMMARY OF DAILY PCPN 2015 ILOILO.pdf,10
2015-10-15,23.8,0.2,0.0,0.0,24.0,SERIES OF LIGHT-MODERATE RAIN,SUMMARY OF DAILY PCPN 2015 ILOILO.pdf,10
2015-10-16,0.0,0.0,0.2,0.0,0.2,LIGHT RAIN,SUMMARY OF DAILY PCPN 2015 ILOILO.pdf,10
2015-10-17,0.0,0.0,16.0,12.2,28.2,SERIES OF LIGHT-MODERATE RAIN,SUMMARY OF DAILY PCPN 2015 ILOILO.pdf,10
2015-10-18,5.0,9.0,2.8,0.0,16.8,SERIES OF LIGHT-MODERATE RAIN,SUMMARY OF DAILY PCPN 2015 ILOILO.pdf,10
2015-10-19,0.0,10.8,13.8,0.8,25.4,SERIES OF LIGHT-MODERATE RAIN,SUMMARY OF DAILY PCPN 2015 ILOILO.pdf,10
2015-10-20,0.0,0.0,0.0,0.0,,,SUMMARY OF DAILY PCPN 2015 ILOILO.pdf,10
2015-10-21,0.0,0.0,0.0,0.4,0.4,LIGHT RAIN,SUMMARY OF DAILY PCPN 2015 ILOILO.pdf,10
2015-10-22,0.0,0.0,0.0,13.4,13.4,SERIES OF LIGHT-MODERATE RAIN,SUMMARY OF DAILY PCPN 2015 ILOILO.pdf,10
2015-10-23,0.6,0.0,0.0,0.0,0.6,LIGHT RAIN,SUMMARY OF DAILY PCPN 2015 ILOILO.pdf,10
2015-10-24,0.0,0.0,0.0,0.0,,,SUMMARY OF DAILY PCPN 2015 ILOILO.pdf,10
2015-10-25,0.0,0.0,0.0,0.0,,,SUMMARY OF DAILY PCPN 2015 ILOILO.pdf,10
2015-10-26,0.0,0.0,0.0,0.0,,,SUMMARY OF DAILY PCPN 2015 ILOILO.pdf,10
2015-10-27,0.0,0.0,0.0,0.0,,,SUMMARY OF DAILY PCPN 2015 ILOILO.pdf,10
2015-10-28,0.0,0.0,0.0,0.0,,,SUMMARY OF DAILY PCPN 2015 ILOILO.pdf,10
2015-10-29,0.0,0.0,0.0,0.0,,,SUMMARY OF DAILY PCPN 2015 ILOILO.pdf,10
2015-10-30,0.0,0.0,0.0,0.0,,,SUMMARY OF DAILY PCPN 2015 ILOILO.pdf,10
2015-10-31,0.0,5.0,0.0,0.0,5.0,LIGHT-MODERATE RAIN,SUMMARY OF DAILY PCPN 2015 ILOILO.pdf,10
2015-11-01,0.0,1.4,,,1.4,LIGHT RAIN,SUMMARY OF DAILY PCPN 2015 ILOILO.pdf,11
2015-11-02,0.0,0.0,3.4,1.6,5.0,LIGHT-MODERATE RAIN,SUMMARY OF DAILY PCPN 2015 ILOILO.pdf,11
2015-11-03,0.0,0.0,0.0,0.0,0.0,,SUMMARY OF DAILY PCPN 2015 ILOILO.pdf,11
2015-11-04,0.0,0.0,0.0,0.0,0.0,,SUMMARY OF DAILY PCPN 2015 ILOILO.pdf,11
2015-11-05,0.0,0.0,0.0,0.0,0.0,,SUMMARY OF DAILY PCPN 2015 ILOILO.pdf,11
2015-11-06,0.0,0.8,0.0,0.0,0.8,LIGHT RAIN,SUMMARY OF DAILY PCPN 2015 ILOILO.pdf,11
2015-11-07,0.0,0.0,0.0,0.0,0.0,,SUMMARY OF DAILY PCPN 2015 ILOILO.pdf,11
2015-11-08,0.0,0.0,0.0,0.0,0.0,,SUMMARY OF DAILY PCPN 2015 ILOILO.pdf,11
2015-11-09,0.0,0.0,0.0,0.0,0.0,,SUMMARY OF DAILY PCPN 2015 ILOILO.pdf,11
2015-11-10,0.0,0.0,0.0,0.0,0.0,,SUMMARY OF DAILY PCPN 2015 ILOILO.pdf,11
2015-11-11,0.0,0.0,0.0,0.0,0.0,,SUMMARY OF DAILY PCPN 2015 ILOILO.pdf,11
2015-11-12,0.0,0.0,0.0,0.0,0.0,,SUMMARY OF DAILY PCPN 2015 ILOILO.pdf,11
2015-11-13,0.0,0.0,0.0,0.0,0.0,,SUMMARY OF DAILY PCPN 2015 ILOILO.pdf,11
2015-11-14,0.0,0.0,0.0,0.0,0.0,,SUMMARY OF DAILY PCPN 2015 ILOILO.pdf,11
2015-11-15,0.0,0.0,1.6,0.0,1.6,LIGHT RAIN,SUMMARY OF DAILY PCPN 2015 ILOILO.pdf,11
2015-11-16,0.0,0.0,0.0,0.0,0.0,,SUMMARY OF DAILY PCPN 2015 ILOILO.pdf,11
2015-11-17,0.0,0.0,0.0,1.0,1.0,LIGHT RAIN,SUMMARY OF DAILY PCPN 2015 ILOILO.pdf,11
2015-11-18,0.0,0.0,0.0,0.0,0.0,,SUMMARY OF DAILY PCPN 2015 ILOILO.pdf,11
2015-11-19,0.0,0.0,0.0,1.0,1.0,LIGHT RAIN,SUMMARY OF DAILY PCPN 2015 ILOILO.pdf,11
2015-11-20,0.0,0.0,0.0,0.0,0.0,,SUMMARY OF DAILY PCPN 2015 ILOILO.pdf,11
2015-11-21,0.0,1.4,,2.4,3.8,LIGHT RAIN,SUMMARY OF DAILY PCPN 2015 ILOILO.pdf,11
2015-11-22,0.0,0.0,0.0,0.0,0.0,,SUMMARY OF DAILY PCPN 2015 ILOILO.pdf,11
2015-11-23,0.2,0.0,0.0,0.0,0.2,LIGHT RAIN,SUMMARY OF DAILY PCPN 2015 ILOILO.pdf,11
2015-11-24,0.0,0.1,0.0,0.0,0.1,LIGHT RAIN,SUMMARY OF DAILY PCPN 2015 ILOILO.pdf,11
2015-11-25,0.0,0.0,0.0,0.0,0.0,,SUMMARY OF DAILY PCPN 2015 ILOILO.pdf,11
2015-11-26,3.0,0.0,0.0,0.0,3.0,LIGHT RAIN,SUMMARY OF DAILY PCPN 2015 ILOILO.pdf,11
2015-11-27,0.0,0.0,0.0,0.0,0.0,,SUMMARY OF DAILY PCPN 2015 ILOILO.pdf,11
2015-11-28,0.0,2.0,0.0,0.0,2.0,LIGHT RAIN,SUMMARY OF DAILY PCPN 2015 ILOILO.pdf,11
2015-11-29,0.0,0.0,0.0,0.0,0.0,,SUMMARY OF DAILY PCPN 2015 ILOILO.pdf,11
2015-11-30,0.0,0.0,0.0,0.0,0.0,,SUMMARY OF DAILY PCPN 2015 ILOILO.pdf,11
2015-12-01,0.0,0.0,0.0,0.0,0.0,,SUMMARY OF DAILY PCPN 2015 ILOILO.pdf,12
2015-12-02,0.0,0.0,0.0,4.2,4.2,LIGHT RAIN,SUMMARY OF DAILY PCPN 2015 ILOILO.pdf,12
2015-12-03,2.6,0.0,0.0,0.0,2.6,LIGHT RAIN,SUMMARY OF DAILY PCPN 2015 ILOILO.pdf,12
2015-12-04,0.0,0.0,0.0,0.0,0.0,,SUMMARY OF DAILY PCPN 2015 ILOILO.pdf,12
2015-12-05,0.0,0.0,0.0,0.0,0.0,,SUMMARY OF DAILY PCPN 2015 ILOILO.pdf,12
2015-12-06,0.0,0.0,0.0,0.0,0.0,,SUMMARY OF DAILY PCPN 2015 ILOILO.pdf,12
2015-12-07,0.0,0.0,0.0,11.4,11.4,HEAVY RAIN,SUMMARY OF DAILY PCPN 2015 ILOILO.pdf,12
2015-12-08,0.0,0.0,0.0,0.0,0.0,,SUMMARY OF DAILY PCPN 2015 ILOILO.pdf,12
2015-12-09,0.0,0.0,0.0,0.0,0.0,,SUMMARY OF DAILY PCPN 2015 ILOILO.pdf,12
2015-12-10,0.0,0.0,0.0,0.0,0.0,,SUMMARY OF DAILY PCPN 2015 ILOILO.pdf,12
2015-12-11,0.0,0.0,0.0,0.0,0.0,,SUMMARY OF DAILY PCPN 2015 ILOILO.pdf,12
2015-12-12,0.0,0.0,0.0,0.0,0.0,,SUMMARY OF DAILY PCPN 2015 ILOILO.pdf,12
2015-12-13,0.0,0.0,0.0,0.0,0.0,,SUMMARY OF DAILY PCPN 2015 ILOILO.pdf,12
2015-12-14,2.0,1.2,0.0,0.4,3.6,LIGHT RAIN,SUMMARY OF DAILY PCPN 2015 ILOILO.pdf,12
2015-12-15,0.2,2.4,1.4,12.0,16.0,LIGHT-MODERATE RAIN,SUMMARY OF DAILY PCPN 2015 ILOILO.pdf,12
2015-12-16,0.0,0.8,0.0,1.2,2.0,LIGHT RAIN,SUMMARY OF DAILY PCPN 2015 ILOILO.pdf,12
2015-12-17,0.0,17.2,0.0,0.0,17.2,LIGHT-MODERATE RAIN,SUMMARY OF DAILY PCPN 2015 ILOILO.pdf,12
2015-12-18,0.0,2.2,2.6,0.1,4.9,LIGHT RAIN,SUMMARY OF DAILY PCPN 2015 ILOILO.pdf,12
2015-12-19,0.0,3.4,0.0,0.0,3.4,LIGHT RAIN,SUMMARY OF DAILY PCPN 2015 ILOILO.pdf,12
2015-12-20,0.0,0.0,0.0,0.0,0.0,,SUMMARY OF DAILY PCPN 2015 ILOILO.pdf,12
2015-12-21,0.0,0.0,0.0,0.0,0.0,,SUMMARY OF DAILY PCPN 2015 ILOILO.pdf,12
2015-12-22,0.0,0.0,0.0,0.0,0.0,,SUMMARY OF DAILY PCPN 2015 ILOILO.pdf,12
2015-12-23,0.0,0.0,0.0,2.8,2.8,LIGHT RAIN,SUMMARY OF DAILY PCPN 2015 ILOILO.pdf,12
2015-12-24,9.2,3.1,0.0,0.0,12.3,LIGHT-MODERATE RAIN,SUMMARY OF DAILY PCPN 2015 ILOILO.pdf,12
2015-12-25,0.0,0.0,0.0,0.0,0.0,,SUMMARY OF DAILY PCPN 2015 ILOILO.pdf,12
2015-12-26,0.0,0.0,0.0,0.0,0.0,,SUMMARY OF DAILY PCPN 2015 ILOILO.pdf,12
2015-12-27,0.0,0.0,0.0,0.0,0.0,,SUMMARY OF DAILY PCPN 2015 ILOILO.pdf,12
2015-12-28,0.0,0.0,0.0,0.0,0.0,,SUMMARY OF DAILY PCPN 2015 ILOILO.pdf,12
2015-12-29,0.0,0.0,0.0,0.0,0.0,,SUMMARY OF DAILY PCPN 2015 ILOILO.pdf,12
2015-12-30,0.2,0.0,0.0,0.0,0.2,LIGHT RAIN,SUMMARY OF DAILY PCPN 2015 ILOILO.pdf,12
2015-12-31,0.0,0.0,0.0,0.0,0.0,,SUMMARY OF DAILY PCPN 2015 ILOILO.pdf,12
2016-01-01,0.0,0.0,0.0,0.0,0.0,,SUMMARY OF DAILY PCPN 2016 ILOILO.pdf,1
2016-01-02,0.0,0.0,0.0,0.0,0.0,,SUMMARY OF DAILY PCPN 2016 ILOILO.pdf,1
2016-01-03,0.0,0.0,0.0,0.0,0.0,,SUMMARY OF DAILY PCPN 2016 ILOILO.pdf,1
2016-01-04,0.0,0.0,0.0,0.0,0.0,,SUMMARY OF DAILY PCPN 2016 ILOILO.pdf,1
2016-01-05,0.0,0.0,0.0,0.0,0.0,,SUMMARY OF DAILY PCPN 2016 ILOILO.pdf,1
2016-01-06,0.0,0.0,0.0,0.0,0.0,,SUMMARY OF DAILY PCPN 2016 ILOILO.pdf,1
2016-01-07,0.0,0.0,0.0,0.0,0.0,,SUMMARY OF DAILY PCPN 2016 ILOILO.pdf,1
2016-01-08,0.0,0.0,0.0,0.0,0.0,,SUMMARY OF DAILY PCPN 2016 ILOILO.pdf,1
2016-01-09,0.0,0.0,0.0,0.0,0.0,,SUMMARY OF DAILY PCPN 2016 ILOILO.pdf,1
2016-01-10,0.0,0.0,0.0,0.0,0.0,,SUMMARY OF DAILY PCPN 2016 ILOILO.pdf,1
2016-01-11,0.0,0.0,0.0,0.0,0.0,,SUMMARY OF DAILY PCPN 2016 ILOILO.pdf,1
2016-01-12,0.0,0.0,0.0,0.0,0.0,,SUMMARY OF DAILY PCPN 2016 ILOILO.pdf,1
2016-01-13,0.0,0.0,0.0,0.0,0.0,,SUMMARY OF DAILY PCPN 2016 ILOILO.pdf,1
2016-01-14,0.0,0.0,0.0,0.0,0.0,,SUMMARY OF DAILY PCPN 2016 ILOILO.pdf,1
2016-01-15,0.0,0.0,0.0,0.0,0.0,,SUMMARY OF DAILY PCPN 2016 ILOILO.pdf,1
2016-01-16,0.0,0.0,0.0,0.0,0.0,,SUMMARY OF DAILY PCPN 2016 ILOILO.pdf,1
2016-01-17,0.0,0.0,0.0,0.0,0.0,,SUMMARY OF DAILY PCPN 2016 ILOILO.pdf,1
2016-01-18,0.0,0.0,0.0,0.0,0.0,,SUMMARY OF DAILY PCPN 2016 ILOILO.pdf,1
2016-01-19,0.0,0.0,0.0,0.0,0.0,,SUMMARY OF DAILY PCPN 2016 ILOILO.pdf,1
2016-01-20,0.0,0.0,0.0,0.0,0.0,,SUMMARY OF DAILY PCPN 2016 ILOILO.pdf,1
2016-01-21,0.0,0.0,0.0,0.0,0.0,,SUMMARY OF DAILY PCPN 2016 ILOILO.pdf,1
2016-01-22,0.0,0.0,0.0,0.0,0.0,,SUMMARY OF DAILY PCPN 2016 ILOILO.pdf,1
2016-01-23,0.0,0.0,0.0,0.0,0.0,,SUMMARY OF DAILY PCPN 2016 ILOILO.pdf,1
2016-01-24,0.0,0.0,0.0,0.0,0.0,,SUMMARY OF DAILY PCPN 2016 ILOILO.pdf,1
2016-01-25,5.8,0.7,0.0,1.0,7.5,SERIES OF LIGHT RAIN,SUMMARY OF DAILY PCPN 2016 ILOILO.pdf,1
2016-01-26,0.0,0.0,0.8,5.0,5.8,SERIES OF LIGHT RAIN,SUMMARY OF DAILY PCPN 2016 ILOILO.pdf,1
2016-01-27,0.2,1.2,0.0,0.6,2.0,SERIES OF LIGHT RAIN,SUMMARY OF DAILY PCPN 2016 ILOILO.pdf,1
2016-01-28,0.0,0.0,0.0,0.0,0.0,,SUMMARY OF DAILY PCPN 2016 ILOILO.pdf,1
2016-01-29,0.0,0.0,0.0,0.0,0.0,,SUMMARY OF DAILY PCPN 2016 ILOILO.pdf,1
2016-01-30,0.0,0.0,0.0,0.0,0.0,,SUMMARY OF DAILY PCPN 2016 ILOILO.pdf,1
2016-01-31,0.0,0.0,0.0,0.0,0.0,,SUMMARY OF DAILY PCPN 2016 ILOILO.pdf,1
2016-02-01,0.4,1.0,0.0,0.2,1.6,LIGHT RAIN,SUMMARY OF DAILY PCPN 2016 ILOILO.pdf,2
2016-02-02,1.0,0.6,0.0,0.0,1.6,LIGHT RAIN,SUMMARY OF DAILY PCPN 2016 ILOILO.pdf,2
2016-02-03,0.0,0.0,0.0,0.0,0.0,,SUMMARY OF DAILY PCPN 2016 ILOILO.pdf,2
2016-02-04,0.0,0.0,0.0,0.0,0.0,,SUMMARY OF DAILY PCPN 2016 ILOILO.pdf,2
2016-02-05,0.0,0.0,0.0,0.0,0.0,,SUMMARY OF DAILY PCPN 2016 ILOILO.pdf,2
2016-02-06,0.0,0.0,0.0,0.0,0.0,,SUMMARY OF DAILY PCPN 2016 ILOILO.pdf,2
2016-02-07,0.0,0.0,0.0,0.0,0.0,,SUMMARY OF DAILY PCPN 2016 ILOILO.pdf,2
2016-02-08,0.0,1.4,0.0,0.0,1.4,LIGHT RAIN,SUMMARY OF DAILY PCPN 2016 ILOILO.pdf,2
2016-02-09,0.0,0.0,0.0,0.0,0.0,,SUMMARY OF DAILY PCPN 2016 ILOILO.pdf,2
2016-02-10,0.0,0.0,0.0,0.0,0.0,,SUMMARY OF DAILY PCPN 2016 ILOILO.pdf,2
2016-02-11,0.0,0.0,0.0,0.0,0.0,,SUMMARY OF DAILY PCPN 2016 ILOILO.pdf,2
2016-02-12,0.0,0.0,0.0,0.0,0.0,,SUMMARY OF DAILY PCPN 2016 ILOILO.pdf,2
2016-02-13,0.0,0.0,0.0,0.2,0.2,LIGHT RAIN,SUMMARY OF DAILY PCPN 2016 ILOILO.pdf,2
2016-02-14,0.2,17.0,0.0,0.0,17.2,LIGHT-MODERATE RAIN,SUMMARY OF DAILY PCPN 2016 ILOILO.pdf,2
2016-02-15,0.0,0.0,0.0,0.0,0.0,,SUMMARY OF DAILY PCPN 2016 ILOILO.pdf,2
2016-02-16,0.0,0.0,0.0,0.0,0.0,,SUMMARY OF DAILY PCPN 2016 ILOILO.pdf,2
2016-02-17,1.6,1.2,11.0,0.0,13.8,LIGHT-MODERATE RAIN,SUMMARY OF DAILY PCPN 2016 ILOILO.pdf,2
2016-02-18,0.0,0.0,0.0,0.0,0.0,,SUMMARY OF DAILY PCPN 2016 ILOILO.pdf,2
2016-02-19,0.0,0.0,0.0,0.0,0.0,,SUMMARY OF DAILY PCPN 2016 ILOILO.pdf,2
2016-02-20,0.0,0.0,0.0,0.0,0.0,,SUMMARY OF DAILY PCPN 2016 ILOILO.pdf,2
2016-02-21,0.0,0.0,0.0,0.0,0.0,,SUMMARY OF DAILY PCPN 2016 ILOILO.pdf,2
2016-02-22,0.0,0.0,0.0,0.0,0.0,,SUMMARY OF DAILY PCPN 2016 ILOILO.pdf,2
2016-02-23,0.0,0.0,0.0,0.0,0.0,,SUMMARY OF DAILY PCPN 2016 ILOILO.pdf,2
2016-02-24,0.0,0.0,0.0,0.0,0.0,,SUMMARY OF DAILY PCPN 2016 ILOILO.pdf,2
2016-02-25,1.8,0.0,3.0,0.0,4.8,SERIES OF LIGHT RAIN,SUMMARY OF DAILY PCPN 2016 ILOILO.pdf,2
2016-02-26,0.0,4.4,0.0,0.4,4.8,SERIES OF LIGHT RAIN,SUMMARY OF DAILY PCPN 2016 ILOILO.pdf,2
2016-02-27,1.6,0.0,0.0,0.0,1.6,LIGHT RAIN,SUMMARY OF DAILY PCPN 2016 ILOILO.pdf,2
2016-02-28,0.0,0.0,0.0,0.0,0.0,,SUMMARY OF DAILY PCPN 2016 ILOILO.pdf,2
2016-02-29,0.0,0.0,0.0,0.0,0.0,,SUMMARY OF DAILY PCPN 2016 ILOILO.pdf,2
2016-03-01,0.0,0.0,0.0,0.0,0.0,,SUMMARY OF DAILY PCPN 2016 ILOILO.pdf,3
2016-03-02,0.0,0.0,0.0,0.0,0.0,,SUMMARY OF DAILY PCPN 2016 ILOILO.pdf,3
2016-03-03,0.0,0.0,0.0,0.0,0.0,,SUMMARY OF DAILY PCPN 2016 ILOILO.pdf,3
2016-03-04,0.0,0.0,0.0,0.0,0.0,,SUMMARY OF DAILY PCPN 2016 ILOILO.pdf,3
2016-03-05,0.0,0.0,0.0,0.0,0.0,,SUMMARY OF DAILY PCPN 2016 ILOILO.pdf,3
2016-03-06,0.0,0.0,0.0,0.0,0.0,,SUMMARY OF DAILY PCPN 2016 ILOILO.pdf,3
2016-03-07,0.0,0.0,0.0,0.0,0.0,,SUMMARY OF DAILY PCPN 2016 ILOILO.pdf,3
2016-03-08,0.0,0.0,0.0,0.0,0.0,,SUMMARY OF DAILY PCPN 2016 ILOILO.pdf,3
2016-03-09,0.0,0.0,0.0,0.0,0.0,,SUMMARY OF DAILY PCPN 2016 ILOILO.pdf,3
2016-03-10,0.0,0.0,0.0,0.0,0.0,,SUMMARY OF DAILY PCPN 2016 ILOILO.pdf,3
2016-03-11,0.0,0.0,0.0,0.0,0.0,,SUMMARY OF DAILY PCPN 2016 ILOILO.pdf,3
2016-03-12,0.0,0.0,0.0,0.0,0.0,,SUMMARY OF DAILY PCPN 2016 ILOILO.pdf,3
2016-03-13,0.0,0.0,0.0,0.0,0.0,,SUMMARY OF DAILY PCPN 2016 ILOILO.pdf,3
2016-03-14,0.0,0.0,0.0,0.0,0.0,,SUMMARY OF DAILY PCPN 2016 ILOILO.pdf,3
2016-03-15,0.0,0.0,0.0,0.0,0.0,,SUMMARY OF DAILY PCPN 2016 ILOILO.pdf,3
2016-03-16,0.0,0.0,0.0,0.0,0.0,,SUMMARY OF DAILY PCPN 2016 ILOILO.pdf,3
2016-03-17,0.0,0.0,0.0,0.0,0.0,,SUMMARY OF DAILY PCPN 2016 ILOILO.pdf,3
2016-03-18,0.0,0.0,0.0,0.0,0.0,,SUMMARY OF DAILY PCPN 2016 ILOILO.pdf,3
2016-03-19,0.0,0.0,0.0,0.0,0.0,,SUMMARY OF DAILY PCPN 2016 ILOILO.pdf,3
2016-03-20,0.0,0.0,0.0,0.0,0.0,,SUMMARY OF DAILY PCPN 2016 ILOILO.pdf,3
2016-03-21,0.0,0.0,0.0,0.0,0.0,,SUMMARY OF DAILY PCPN 2016 ILOILO.pdf,3
2016-03-22,0.0,0.0,0.0,0.0,0.0,,SUMMARY OF DAILY PCPN 2016 ILOILO.pdf,3
2016-03-23,0.0,0.0,0.0,0.0,0.0,,SUMMARY OF DAILY PCPN 2016 ILOILO.pdf,3
2016-03-24,0.0,0.0,0.0,0.0,0.0,,SUMMARY OF DAILY PCPN 2016 ILOILO.pdf,3
2016-03-25,0.0,0.0,0.0,0.0,0.0,,SUMMARY OF DAILY PCPN 2016 ILOILO.pdf,3
2016-03-26,0.0,0.0,0.0,0.0,0.0,,SUMMARY OF DAILY PCPN 2016 ILOILO.pdf,3
2016-03-27,0.0,0.0,0.0,0.0,0.0,,SUMMARY OF DAILY PCPN 2016 ILOILO.pdf,3
2016-03-28,0.0,0.0,0.0,0.0,0.0,,SUMMARY OF DAILY PCPN 2016 ILOILO.pdf,3
2016-03-29,0.0,0.0,0.0,0.0,0.0,,SUMMARY OF DAILY PCPN 2016 ILOILO.pdf,3
2016-03-30,0.0,0.0,0.0,0.0,0.0,,SUMMARY OF DAILY PCPN 2016 ILOILO.pdf,3
2016-03-31,0.0,0.0,0.0,0.0,0.0,,SUMMARY OF DAILY PCPN 2016 ILOILO.pdf,3
2016-04-01,0.0,0.0,0.0,0.0,0.0,,SUMMARY OF DAILY PCPN 2016 ILOILO.pdf,4
2016-04-02,0.0,0.0,0.0,0.0,0.0,,SUMMARY OF DAILY PCPN 2016 ILOILO.pdf,4
2016-04-03,0.0,0.0,0.0,0.0,0.0,,SUMMARY OF DAILY PCPN 2016 ILOILO.pdf,4
2016-04-04,0.0,0.0,0.0,0.0,0.0,,SUMMARY OF DAILY PCPN 2016 ILOILO.pdf,4
2016-04-05,0.0,0.0,0.0,0.0,0.0,,SUMMARY OF DAILY PCPN 2016 ILOILO.pdf,4
2016-04-06,0.0,0.0,0.0,0.0,0.0,,SUMMARY OF DAILY PCPN 2016 ILOILO.pdf,4
2016-04-07,0.0,0.0,0.0,0.0,0.0,,SUMMARY OF DAILY PCPN 2016 ILOILO.pdf,4
2016-04-08,0.0,0.0,0.0,0.0,0.0,,SUMMARY OF DAILY PCPN 2016 ILOILO.pdf,4
2016-04-09,0.0,0.0,0.0,0.0,0.0,,SUMMARY OF DAILY PCPN 2016 ILOILO.pdf,4
2016-04-10,0.0,0.0,0.0,0.0,0.0,,SUMMARY OF DAILY PCPN 2016 ILOILO.pdf,4
2016-04-11,0.0,0.0,0.0,0.0,0.0,,SUMMARY OF DAILY PCPN 2016 ILOILO.pdf,4
2016-04-12,0.0,0.0,0.0,0.0,0.0,,SUMMARY OF DAILY PCPN 2016 ILOILO.pdf,4
2016-04-13,1.6,0.0,0.0,0.0,1.6,LIGHT RAIN,SUMMARY OF DAILY PCPN 2016 ILOILO.pdf,4
2016-04-14,0.0,0.0,0.0,0.0,0.0,,SUMMARY OF DAILY PCPN 2016 ILOILO.pdf,4
2016-04-15,0.0,0.0,0.0,0.0,0.0,,SUMMARY OF DAILY PCPN 2016 ILOILO.pdf,4
2016-04-16,0.0,0.0,0.0,0.0,0.0,,SUMMARY OF DAILY PCPN 2016 ILOILO.pdf,4
2016-04-17,0.0,0.0,0.0,0.0,0.0,,SUMMARY OF DAILY PCPN 2016 ILOILO.pdf,4
2016-04-18,0.0,0.0,0.0,0.0,0.0,,SUMMARY OF DAILY PCPN 2016 ILOILO.pdf,4
2016-04-19,0.0,0.0,0.0,0.0,0.0,,SUMMARY OF DAILY PCPN 2016 ILOILO.pdf,4
2016-04-20,0.0,0.0,0.0,0.0,0.0,,SUMMARY OF DAILY PCPN 2016 ILOILO.pdf,4
2016-04-21,0.0,0.0,0.0,0.0,0.0,,SUMMARY OF DAILY PCPN 2016 ILOILO.pdf,4
2016-04-22,0.0,0.0,0.0,0.0,0.0,,SUMMARY OF DAILY PCPN 2016 ILOILO.pdf,4
2016-04-23,0.0,0.0,0.0,0.0,0.0,,SUMMARY OF DAILY PCPN 2016 ILOILO.pdf,4
2016-04-24,0.0,0.0,0.0,0.0,0.0,,SUMMARY OF DAILY PCPN 2016 ILOILO.pdf,4
2016-04-25,0.0,0.0,0.0,0.0,0.0,,SUMMARY OF DAILY PCPN 2016 ILOILO.pdf,4
2016-04-26,0.0,0.0,0.0,0.0,0.0,,SUMMARY OF DAILY PCPN 2016 ILOILO.pdf,4
2016-04-27,0.0,0.0,0.0,0.0,0.0,,SUMMARY OF DAILY PCPN 2016 ILOILO.pdf,4
2016-04-28,0.0,0.0,0.0,0.0,0.0,,SUMMARY OF DAILY PCPN 2016 ILOILO.pdf,4
2016-04-29,0.0,0.0,0.0,0.0,0.0,,SUMMARY OF DAILY PCPN 2016 ILOILO.pdf,4
2016-04-30,0.0,0.0,0.0,0.0,0.0,,SUMMARY OF DAILY PCPN 2016 ILOILO.pdf,4
2016-05-01,0.0,0.0,0.0,0.0,0.0,,SUMMARY OF DAILY PCPN 2016 ILOILO.pdf,5
2016-05-02,0.0,0.0,0.0,0.0,0.0,,SUMMARY OF DAILY PCPN 2016 ILOILO.pdf,5
2016-05-03,0.0,0.0,0.0,0.0,0.0,,SUMMARY OF DAILY PCPN 2016 ILOILO.pdf,5
2016-05-04,0.0,0.0,0.0,0.0,0.0,,SUMMARY OF DAILY PCPN 2016 ILOILO.pdf,5
2016-05-05,0.0,0.0,0.0,0.0,0.0,,SUMMARY OF DAILY PCPN 2016 ILOILO.pdf,5
2016-05-06,0.0,0.0,0.0,0.0,0.0,,SUMMARY OF DAILY PCPN 2016 ILOILO.pdf,5
2016-05-07,0.0,0.0,0.0,0.0,0.0,,SUMMARY OF DAILY PCPN 2016 ILOILO.pdf,5
2016-05-08,0.0,0.0,0.0,0.0,0.0,,SUMMARY OF DAILY PCPN 2016 ILOILO.pdf,5
2016-05-09,0.0,0.0,0.0,0.0,0.0,,SUMMARY OF DAILY PCPN 2016 ILOILO.pdf,5
2016-05-10,0.0,0.0,0.0,0.0,0.0,,SUMMARY OF DAILY PCPN 2016 ILOILO.pdf,5
2016-05-11,0.0,0.0,0.0,0.0,0.0,,SUMMARY OF DAILY PCPN 2016 ILOILO.pdf,5
2016-05-12,0.0,0.0,0.0,0.0,0.0,,SUMMARY OF DAILY PCPN 2016 ILOILO.pdf,5
2016-05-13,0.0,0.0,0.0,0.0,0.0,,SUMMARY OF DAILY PCPN 2016 ILOILO.pdf,5
2016-05-14,0.0,0.0,0.0,0.0,0.0,,SUMMARY OF DAILY PCPN 2016 ILOILO.pdf,5
2016-05-15,0.0,0.0,0.0,0.0,0.0,,SUMMARY OF DAILY PCPN 2016 ILOILO.pdf,5
2016-05-16,0.0,0.0,0.0,0.0,0.0,,SUMMARY OF DAILY PCPN 2016 ILOILO.pdf,5
2016-05-17,0.0,1.5,0.0,0.0,1.5,LIGHT RAIN,SUMMARY OF DAILY PCPN 2016 ILOILO.pdf,5
2016-05-18,0.0,0.0,0.0,0.0,0.0,TRACE,SUMMARY OF DAILY PCPN 2016 ILOILO.pdf,5
2016-05-19,1.4,0.0,0.0,0.0,1.4,LIGHT RAIN,SUMMARY OF DAILY PCPN 2016 ILOILO.pdf,5
2016-05-20,0.0,0.0,0.0,0.0,0.0,,SUMMARY OF DAILY PCPN 2016 ILOILO.pdf,5
2016-05-21,0.0,0.0,21.4,0.0,21.4,HEAVY RAIN,SUMMARY OF DAILY PCPN 2016 ILOILO.pdf,5
2016-05-22,0.0,0.0,9.8,0.0,9.8,MODERATE RAIN,SUMMARY OF DAILY PCPN 2016 ILOILO.pdf,5
2016-05-23,0.0,0.0,4.6,0.0,4.6,MODERATE RAIN,SUMMARY OF DAILY PCPN 2016 ILOILO.pdf,5
2016-05-24,0.0,0.0,0.0,0.0,0.0,,SUMMARY OF DAILY PCPN 2016 ILOILO.pdf,5
2016-05-25,0.0,0.0,3.0,0.0,3.0,LIGHT-MODERATE RAIN,SUMMARY OF DAILY PCPN 2016 ILOILO.pdf,5
2016-05-26,0.0,0.0,0.0,0.0,0.0,,SUMMARY OF DAILY PCPN 2016 ILOILO.pdf,5
2016-05-27,0.0,0.0,0.0,0.0,0.0,,SUMMARY OF DAILY PCPN 2016 ILOILO.pdf,5
2016-05-28,0.0,1.2,0.0,0.0,1.2,LIGHT RAIN,SUMMARY OF DAILY PCPN 2016 ILOILO.pdf,5
2016-05-29,0.0,9.0,0.0,0.0,9.0,HEAVY RAIN,SUMMARY OF DAILY PCPN 2016 ILOILO.pdf,5
2016-05-30,0.0,0.0,0.0,0.0,0.0,,SUMMARY OF DAILY PCPN 2016 ILOILO.pdf,5
2016-05-31,,4.0,0.0,0.0,4.0,LIGHT-MODERATE RAIN,SUMMARY OF DAILY PCPN 2016 ILOILO.pdf,5
2016-06-01,0.0,0.0,0.0,0.0,0.0,,SUMMARY OF DAILY PCPN 2016 ILOILO.pdf,6
2016-06-02,0.0,0.0,0.0,0.0,0.0,,SUMMARY OF DAILY PCPN 2016 ILOILO.pdf,6
2016-06-03,0.0,0.0,0.0,0.0,0.0,,SUMMARY OF DAILY PCPN 2016 ILOILO.pdf,6
2016-06-04,0.0,0.2,0.0,0.0,0.2,LIGHT RAIN,SUMMARY OF DAILY PCPN 2016 ILOILO.pdf,6
2016-06-05,0.0,0.0,0.0,0.0,0.0,,SUMMARY OF DAILY PCPN 2016 ILOILO.pdf,6
2016-06-06,0.3,0.0,0.0,0.0,0.3,LIGHT RAIN,SUMMARY OF DAILY PCPN 2016 ILOILO.pdf,6
2016-06-07,0.0,0.0,0.0,0.0,0.0,,SUMMARY OF DAILY PCPN 2016 ILOILO.pdf,6
2016-06-08,0.0,0.0,0.0,0.0,0.0,,SUMMARY OF DAILY PCPN 2016 ILOILO.pdf,6
2016-06-09,0.0,0.0,0.0,0.0,0.0,,SUMMARY OF DAILY PCPN 2016 ILOILO.pdf,6
2016-06-10,0.0,0.0,0.0,0.0,0.0,,SUMMARY OF DAILY PCPN 2016 ILOILO.pdf,6
2016-06-11,0.0,0.0,0.0,0.0,0.0,,SUMMARY OF DAILY PCPN 2016 ILOILO.pdf,6
2016-06-12,0.0,0.6,0.0,0.0,0.6,LIGHT RAIN,SUMMARY OF DAILY PCPN 2016 ILOILO.pdf,6
2016-06-13,0.0,0.0,0.0,0.0,0.0,,SUMMARY OF DAILY PCPN 2016 ILOILO.pdf,6
2016-06-14,0.0,0.0,0.0,0.0,0.0,,SUMMARY OF DAILY PCPN 2016 ILOILO.pdf,6
2016-06-15,0.0,1.0,0.0,0.0,1.0,LIGHT RAIN,SUMMARY OF DAILY PCPN 2016 ILOILO.pdf,6
2016-06-16,0.0,0.8,0.0,0.0,0.8,LIGHT RAIN,SUMMARY OF DAILY PCPN 2016 ILOILO.pdf,6
2016-06-17,0.0,0.0,0.0,0.0,0.0,,SUMMARY OF DAILY PCPN 2016 ILOILO.pdf,6
2016-06-18,0.0,0.0,0.0,0.0,0.0,,SUMMARY OF DAILY PCPN 2016 ILOILO.pdf,6
2016-06-19,0.0,0.0,0.0,15.0,15.0,MODERATE-HEAVY RAIN,SUMMARY OF DAILY PCPN 2016 ILOILO.pdf,6
2016-06-20,0.0,1.4,0.0,12.4,13.8,LIGHT-MODERATE RAIN,SUMMARY OF DAILY PCPN 2016 ILOILO.pdf,6
2016-06-21,0.0,0.0,1.8,0.4,2.2,LIGHT RAIN,SUMMARY OF DAILY PCPN 2016 ILOILO.pdf,6
2016-06-22,1.2,12.8,0.0,0.0,14.0,LIGHT-MODERATE RAIN,SUMMARY OF DAILY PCPN 2016 ILOILO.pdf,6
2016-06-23,0.0,0.6,3.2,0.0,3.8,LIGHT RAIN,SUMMARY OF DAILY PCPN 2016 ILOILO.pdf,6
2016-06-24,0.0,0.0,0.0,0.0,0.0,,SUMMARY OF DAILY PCPN 2016 ILOILO.pdf,6
2016-06-25,0.0,8.2,1.4,0.0,9.6,LIGHT RAIN,SUMMARY OF DAILY PCPN 2016 ILOILO.pdf,6
2016-06-26,0.0,0.0,0.0,0.0,0.0,,SUMMARY OF DAILY PCPN 2016 ILOILO.pdf,6
2016-06-27,0.0,1.2,2.0,0.0,3.2,LIGHT RAIN,SUMMARY OF DAILY PCPN 2016 ILOILO.pdf,6
2016-06-28,0.0,4.4,4.0,0.0,8.4,LIGHT-MODERATE RAIN,SUMMARY OF DAILY PCPN 2016 ILOILO.pdf,6
2016-06-29,0.0,3.2,0.0,0.0,3.2,LIGHT RAIN,SUMMARY OF DAILY PCPN 2016 ILOILO.pdf,6
2016-06-30,2.8,0.0,0.0,0.0,2.8,LIGHT RAIN,SUMMARY OF DAILY PCPN 2016 ILOILO.pdf,6
2016-07-01,0.0,21.4,0.0,0.0,21.4,HEAVY RAIN W/ THUNDERSTORM,SUMMARY OF DAILY PCPN 2016 ILOILO.pdf,7
2016-07-02,0.0,0.0,0.0,0.0,0.0,,SUMMARY OF DAILY PCPN 2016 ILOILO.pdf,7
2016-07-03,4.2,1.0,0.0,0.0,5.2,LIGHT RAIN,SUMMARY OF DAILY PCPN 2016 ILOILO.pdf,7
2016-07-04,1.0,,0.0,0.0,1.0,LIGHT RAIN,SUMMARY OF DAILY PCPN 2016 ILOILO.pdf,7
2016-07-05,0.0,0.0,0.0,0.0,0.0,,SUMMARY OF DAILY PCPN 2016 ILOILO.pdf,7
2016-07-06,4.4,14.6,0.0,0.0,19.0,LIGHT -MODERATE RAIN,SUMMARY OF DAILY PCPN 2016 ILOILO.pdf,7
2016-07-07,10.0,11.5,0.0,1.7,23.2,LIGHT -MODERATE RAIN,SUMMARY OF DAILY PCPN 2016 ILOILO.pdf,7
2016-07-08,2.8,31.0,6.0,16.2,56.0,MODERATE-HEAVY RAIN,SUMMARY OF DAILY PCPN 2016 ILOILO.pdf,7
2016-07-09,0.6,0.0,0.0,2.0,2.6,LIGHT -MODERATE RAIN,SUMMARY OF DAILY PCPN 2016 ILOILO.pdf,7
2016-07-10,0.0,0.0,0.0,0.0,0.0,,SUMMARY OF DAILY PCPN 2016 ILOILO.pdf,7
2016-07-11,0.0,0.0,0.0,0.0,0.0,,SUMMARY OF DAILY PCPN 2016 ILOILO.pdf,7
2016-07-12,0.0,0.2,0.0,0.0,0.2,LIGHT RAIN,SUMMARY OF DAILY PCPN 2016 ILOILO.pdf,7
2016-07-13,7.0,0.0,0.0,0.0,7.0,MODERATE-HEAVY RAIN,SUMMARY OF DAILY PCPN 2016 ILOILO.pdf,7
2016-07-14,0.0,0.3,0.0,0.0,0.3,LIGHT RAIN,SUMMARY OF DAILY PCPN 2016 ILOILO.pdf,7
2016-07-15,0.0,0.0,0.0,0.0,0.0,,SUMMARY OF DAILY PCPN 2016 ILOILO.pdf,7
2016-07-16,0.0,0.0,0.0,0.0,0.0,,SUMMARY OF DAILY PCPN 2016 ILOILO.pdf,7
2016-07-17,0.0,0.0,0.0,0.0,0.0,,SUMMARY OF DAILY PCPN 2016 ILOILO.pdf,7
2016-07-18,0.0,0.0,0.0,0.0,0.0,,SUMMARY OF DAILY PCPN 2016 ILOILO.pdf,7
2016-07-19,0.0,0.6,0.0,0.0,0.6,LIGHT RAIN,SUMMARY OF DAILY PCPN 2016 ILOILO.pdf,7
2016-07-20,0.0,0.0,0.0,0.0,0.0,,SUMMARY OF DAILY PCPN 2016 ILOILO.pdf,7
2016-07-21,0.0,0.0,0.0,0.0,0.0,,SUMMARY OF DAILY PCPN 2016 ILOILO.pdf,7
2016-07-22,0.0,0.2,0.0,0.0,0.2,LIGHT RAIN,SUMMARY OF DAILY PCPN 2016 ILOILO.pdf,7
2016-07-23,0.0,0.0,0.0,0.0,0.0,,SUMMARY OF DAILY PCPN 2016 ILOILO.pdf,7
2016-07-24,0.0,0.0,0.0,0.0,0.0,,SUMMARY OF DAILY PCPN 2016 ILOILO.pdf,7
2016-07-25,0.0,0.0,0.0,0.0,0.0,,SUMMARY OF DAILY PCPN 2016 ILOILO.pdf,7
2016-07-26,0.0,0.0,0.0,0.0,0.0,,SUMMARY OF DAILY PCPN 2016 ILOILO.pdf,7
2016-07-27,0.0,0.0,0.9,0.1,1.0,LIGHT RAIN,SUMMARY OF DAILY PCPN 2016 ILOILO.pdf,7
2016-07-28,0.0,9.0,0.0,1.2,10.2,LIGHT -MODERATE RAIN,SUMMARY OF DAILY PCPN 2016 ILOILO.pdf,7
2016-07-29,2.6,0.0,0.0,0.2,2.8,LIGHT RAIN,SUMMARY OF DAILY PCPN 2016 ILOILO.pdf,7
2016-07-30,0.0,6.2,0.8,0.0,7.0,LIGHT -MODERATE RAIN,SUMMARY OF DAILY PCPN 2016 ILOILO.pdf,7
2016-07-31,17.2,11.6,7.0,12.4,48.2,LIGHT -MODERATE RAIN,SUMMARY OF DAILY PCPN 2016 ILOILO.pdf,7
2016-08-01,0.8,,5.8,0.6,7.2,LIGHT -MODERATE RAIN,SUMMARY OF DAILY PCPN 2016 ILOILO.pdf,8
2016-08-02,0.0,0.0,0.0,0.0,0.0,,SUMMARY OF DAILY PCPN 2016 ILOILO.pdf,8
2016-08-03,0.0,0.0,0.0,0.0,0.0,,SUMMARY OF DAILY PCPN 2016 ILOILO.pdf,8
2016-08-04,0.0,0.0,0.0,0.0,0.0,,SUMMARY OF DAILY PCPN 2016 ILOILO.pdf,8
2016-08-05,0.0,0.2,0.0,0.0,0.2,LIGHT RAIN,SUMMARY OF DAILY PCPN 2016 ILOILO.pdf,8
2016-08-06,1.2,29.2,1.4,0.0,31.8,LIGHT -MODERATE-HEAVY RAIN,SUMMARY OF DAILY PCPN 2016 ILOILO.pdf,8
2016-08-07,3.0,9.0,30.0,4.5,46.5,LIGHT -MODERATE-HEAVY RAIN,SUMMARY OF DAILY PCPN 2016 ILOILO.pdf,8
2016-08-08,2.0,13.1,40.0,9.0,64.1,LIGHT -MODERATE-HEAVY RAIN,SUMMARY OF DAILY PCPN 2016 ILOILO.pdf,8
2016-08-09,1.8,12.0,48.0,37.6,99.4,LIGHT -MODERATE-HEAVY RAIN,SUMMARY OF DAILY PCPN 2016 ILOILO.pdf,8
2016-08-10,26.0,0.0,30.0,19.2,75.2,LIGHT -MODERATE-HEAVY RAIN,SUMMARY OF DAILY PCPN 2016 ILOILO.pdf,8
2016-08-11,1.4,1.2,0.0,0.0,2.6,LIGHT RAIN,SUMMARY OF DAILY PCPN 2016 ILOILO.pdf,8
2016-08-12,9.6,0.0,0.0,1.2,10.8,LIGHT -MODERATE RAIN,SUMMARY OF DAILY PCPN 2016 ILOILO.pdf,8
2016-08-13,4.2,0.2,0.0,2.2,6.6,LIGHT RAIN,SUMMARY OF DAILY PCPN 2016 ILOILO.pdf,8
2016-08-14,0.8,7.0,9.6,0.0,17.4,LIGHT -MODERATE RAIN,SUMMARY OF DAILY PCPN 2016 ILOILO.pdf,8
2016-08-15,0.0,0.0,0.0,0.6,0.6,LIGHT RAIN,SUMMARY OF DAILY PCPN 2016 ILOILO.pdf,8
2016-08-16,0.0,0.0,0.0,0.2,0.2,LIGHT RAIN,SUMMARY OF DAILY PCPN 2016 ILOILO.pdf,8
2016-08-17,0.0,0.0,0.0,0.0,0.0,LIGHT RAIN,SUMMARY OF DAILY PCPN 2016 ILOILO.pdf,8
2016-08-18,0.0,0.0,0.0,0.0,0.0,,SUMMARY OF DAILY PCPN 2016 ILOILO.pdf,8
2016-08-19,0.0,0.0,0.0,0.0,0.0,,SUMMARY OF DAILY PCPN 2016 ILOILO.pdf,8
2016-08-20,0.8,1.2,9.8,0.0,11.8,LIGHT -MODERATE RAIN,SUMMARY OF DAILY PCPN 2016 ILOILO.pdf,8
2016-08-21,3.0,23.4,1.2,15.6,43.2,LIGHT -MODERATE-HEAVY RAIN,SUMMARY OF DAILY PCPN 2016 ILOILO.pdf,8
2016-08-22,0.0,8.0,9.3,0.0,17.3,LIGHT -MODERATE-HEAVY RAIN,SUMMARY OF DAILY PCPN 2016 ILOILO.pdf,8
2016-08-23,2.8,0.0,31.0,0.0,33.8,LIGHT -MODERATE-HEAVY RAIN,SUMMARY OF DAILY PCPN 2016 ILOILO.pdf,8
2016-08-24,0.0,0.3,1.8,0.2,2.3,LIGHT RAIN,SUMMARY OF DAILY PCPN 2016 ILOILO.pdf,8
2016-08-25,8.4,0.0,0.0,0.0,8.4,LIGHT RAIN,SUMMARY OF DAILY PCPN 2016 ILOILO.pdf,8
2016-08-26,0.0,7.8,3.8,0.0,11.6,LIGHT -MODERATE RAIN,SUMMARY OF DAILY PCPN 2016 ILOILO.pdf,8
2016-08-27,0.0,0.0,0.0,0.0,0.0,,SUMMARY OF DAILY PCPN 2016 ILOILO.pdf,8
2016-08-28,0.0,0.0,0.0,0.0,0.0,,SUMMARY OF DAILY PCPN 2016 ILOILO.pdf,8
2016-08-29,0.0,0.0,0.0,0.0,0.0,,SUMMARY OF DAILY PCPN 2016 ILOILO.pdf,8
2016-08-30,0.0,0.0,0.0,0.0,0.0,,SUMMARY OF DAILY PCPN 2016 ILOILO.pdf,8
2016-08-31,0.0,0.0,0.0,0.0,0.0,,SUMMARY OF DAILY PCPN 2016 ILOILO.pdf,8
2016-09-01,0.0,0.0,0.0,0.0,0.0,,SUMMARY OF DAILY PCPN 2016 ILOILO.pdf,9
2016-09-02,0.0,0.0,0.0,0.0,0.0,,SUMMARY OF DAILY PCPN 2016 ILOILO.pdf,9
2016-09-03,0.0,0.0,0.0,0.0,0.0,,SUMMARY OF DAILY PCPN 2016 ILOILO.pdf,9
2016-09-04,0.0,0.0,0.0,3.0,3.0,LIGHT RAIN,SUMMARY OF DAILY PCPN 2016 ILOILO.pdf,9
2016-09-05,0.2,0.0,0.0,0.0,0.2,LIGHT RAIN,SUMMARY OF DAILY PCPN 2016 ILOILO.pdf,9
2016-09-06,0.0,0.0,0.0,0.0,0.0,,SUMMARY OF DAILY PCPN 2016 ILOILO.pdf,9
2016-09-07,0.0,6.4,2.2,0.0,8.6,LIGHT -MODERATE RAIN,SUMMARY OF DAILY PCPN 2016 ILOILO.pdf,9
2016-09-08,0.0,0.6,0.0,0.0,0.6,LIGHT RAIN,SUMMARY OF DAILY PCPN 2016 ILOILO.pdf,9
2016-09-09,1.0,42.4,4.4,0.0,47.8,TSTM W/ HEAVY RASH; LIGHT-MOD.,SUMMARY OF DAILY PCPN 2016 ILOILO.pdf,9
2016-09-10,0.0,0.0,0.0,3.7,3.7,LIGHT RAIN,SUMMARY OF DAILY PCPN 2016 ILOILO.pdf,9
2016-09-11,0.0,0.0,0.0,0.0,0.0,,SUMMARY OF DAILY PCPN 2016 ILOILO.pdf,9
2016-09-12,0.1,0.0,0.0,0.0,0.1,LIGHT RAIN,SUMMARY OF DAILY PCPN 2016 ILOILO.pdf,9
2016-09-13,0.0,0.0,0.0,0.0,0.0,,SUMMARY OF DAILY PCPN 2016 ILOILO.pdf,9
2016-09-14,0.0,0.0,0.0,0.0,0.0,,SUMMARY OF DAILY PCPN 2016 ILOILO.pdf,9
2016-09-15,0.0,0.0,4.0,1.4,5.4,LIGHT -MODERATE RAIN,SUMMARY OF DAILY PCPN 2016 ILOILO.pdf,9
2016-09-16,0.6,7.5,3.0,0.0,11.1,SERIES OF LIGHT RAIN,SUMMARY OF DAILY PCPN 2016 ILOILO.pdf,9
2016-09-17,0.0,0.4,0.2,0.0,0.6,LIGHT RAIN,SUMMARY OF DAILY PCPN 2016 ILOILO.pdf,9
2016-09-18,0.0,6.0,4.0,0.6,10.6,LIGHT -MODERATE RAIN,SUMMARY OF DAILY PCPN 2016 ILOILO.pdf,9
2016-09-19,0.0,0.0,3.8,6.0,9.8,MODERATE RAIN,SUMMARY OF DAILY PCPN 2016 ILOILO.pdf,9
2016-09-20,1.4,0.0,0.0,0.0,1.4,LIGHT RAIN,SUMMARY OF DAILY PCPN 2016 ILOILO.pdf,9
2016-09-21,0.0,0.0,0.0,0.0,0.0,,SUMMARY OF DAILY PCPN 2016 ILOILO.pdf,9
2016-09-22,0.0,0.6,3.6,0.0,4.2,LIGHT RAIN,SUMMARY OF DAILY PCPN 2016 ILOILO.pdf,9
2016-09-23,0.0,6.8,0.0,0.5,7.3,LIGHT -MODERATE RAIN,SUMMARY OF DAILY PCPN 2016 ILOILO.pdf,9
2016-09-24,0.0,31.8,1.6,0.0,33.4,LIGHT -MODERATE RAIN W/ TSTM,SUMMARY OF DAILY PCPN 2016 ILOILO.pdf,9
2016-09-25,19.8,11.0,7.4,1.6,39.8,LIGHT -MODERATE RAIN W/ TSTM,SUMMARY OF DAILY PCPN 2016 ILOILO.pdf,9
2016-09-26,0.7,7.0,99.8,3.2,110.7,LIGHT -MODERATE-HEAVY RAIN W/ TSTM,SUMMARY OF DAILY PCPN 2016 ILOILO.pdf,9
2016-09-27,0.6,6.4,11.6,0.0,18.6,LIGHT -MODERATE RAIN,SUMMARY OF DAILY PCPN 2016 ILOILO.pdf,9
2016-09-28,0.0,20.2,0.6,0.8,21.6,LIGHT -MODERATE RAIN,SUMMARY OF DAILY PCPN 2016 ILOILO.pdf,9
2016-09-29,14.6,1.4,0.0,0.0,16.0,LIGHT -MODERATE RAIN,SUMMARY OF DAILY PCPN 2016 ILOILO.pdf,9
2016-09-30,0.0,1.6,0.4,0.0,2.0,LIGHT RAIN,SUMMARY OF DAILY PCPN 2016 ILOILO.pdf,9
2016-10-01,0.0,0.0,0.0,0.0,0.0,,SUMMARY OF DAILY PCPN 2016 ILOILO.pdf,10
2016-10-02,0.0,0.0,0.0,0.0,0.0,,SUMMARY OF DAILY PCPN 2016 ILOILO.pdf,10
2016-10-03,0.0,0.0,0.0,0.0,0.0,,SUMMARY OF DAILY PCPN 2016 ILOILO.pdf,10
2016-10-04,3.6,0.0,0.0,0.0,3.6,LIGHT RAIN,SUMMARY OF DAILY PCPN 2016 ILOILO.pdf,10
2016-10-05,10.4,1.4,36.8,0.0,48.6,MODERATE -HEAY RAIN,SUMMARY OF DAILY PCPN 2016 ILOILO.pdf,10
2016-10-06,0.2,0.0,0.6,0.0,0.8,LIGHT RAIN,SUMMARY OF DAILY PCPN 2016 ILOILO.pdf,10
2016-10-07,0.0,0.0,0.0,0.0,0.0,,SUMMARY OF DAILY PCPN 2016 ILOILO.pdf,10
2016-10-08,0.0,0.0,0.0,0.0,0.0,,SUMMARY OF DAILY PCPN 2016 ILOILO.pdf,10
2016-10-09,0.0,0.0,0.0,0.0,0.0,,SUMMARY OF DAILY PCPN 2016 ILOILO.pdf,10
2016-10-10,0.0,8.4,0.0,0.0,8.4,LIGHT RAIN,SUMMARY OF DAILY PCPN 2016 ILOILO.pdf,10
2016-10-11,0.0,8.0,0.6,0.0,8.6,LIGHT-MODERATE RAIN,SUMMARY OF DAILY PCPN 2016 ILOILO.pdf,10
2016-10-12,0.0,17.2,0.7,0.0,17.9,LIGHT-MODERATE RAIN,SUMMARY OF DAILY PCPN 2016 ILOILO.pdf,10
2016-10-13,0.0,22.4,0.0,0.0,22.4,LIGHT-MODERATE RAIN,SUMMARY OF DAILY PCPN 2016 ILOILO.pdf,10
2016-10-14,3.0,0.0,0.0,0.0,3.0,LIGHT RAIN,SUMMARY OF DAILY PCPN 2016 ILOILO.pdf,10
2016-10-15,0.0,0.0,0.0,0.6,0.6,LIGHT RAIN,SUMMARY OF DAILY PCPN 2016 ILOILO.pdf,10
2016-10-16,0.0,0.6,0.6,0.2,1.4,LIGHT RAIN,SUMMARY OF DAILY PCPN 2016 ILOILO.pdf,10
2016-10-17,0.0,0.0,0.0,0.0,0.0,TRACE,SUMMARY OF DAILY PCPN 2016 ILOILO.pdf,10
2016-10-18,0.0,0.2,0.0,0.2,0.4,LIGHT RAIN,SUMMARY OF DAILY PCPN 2016 ILOILO.pdf,10
2016-10-19,0.0,1.4,12.2,8.2,21.8,LIGHT-MODERATE-HEAVY RAIN,SUMMARY OF DAILY PCPN 2016 ILOILO.pdf,10
2016-10-20,10.4,2.8,0.0,0.0,13.2,LIGHT-HEAVY RAIN,SUMMARY OF DAILY PCPN 2016 ILOILO.pdf,10
2016-10-21,12.0,0.0,0.4,0.0,12.4,TSTM w/ HVY RAIN; LIGHT RAIN,SUMMARY OF DAILY PCPN 2016 ILOILO.pdf,10
2016-10-22,0.0,0.0,0.0,0.0,0.0,,SUMMARY OF DAILY PCPN 2016 ILOILO.pdf,10
2016-10-23,0.0,0.0,0.0,0.0,0.0,TRACE,SUMMARY OF DAILY PCPN 2016 ILOILO.pdf,10
2016-10-24,0.0,0.3,0.0,0.0,0.3,LIGHT RAIN,SUMMARY OF DAILY PCPN 2016 ILOILO.pdf,10
2016-10-25,0.0,0.0,0.0,0.0,0.0,,SUMMARY OF DAILY PCPN 2016 ILOILO.pdf,10
2016-10-26,0.0,0.0,0.0,0.0,0.0,,SUMMARY OF DAILY PCPN 2016 ILOILO.pdf,10
2016-10-27,0.0,0.0,0.0,0.0,0.0,TRACE,SUMMARY OF DAILY PCPN 2016 ILOILO.pdf,10
2016-10-28,0.0,0.0,10.4,0.0,10.4,TSTM W/HEAVY RASH,SUMMARY OF DAILY PCPN 2016 ILOILO.pdf,10
2016-10-29,0.6,5.6,18.3,2.3,26.8,"LIGHT,MODERATE-HEAVY RASH",SUMMARY OF DAILY PCPN 2016 ILOILO.pdf,10
2016-10-30,0.0,0.0,0.0,0.0,0.0,,SUMMARY OF DAILY PCPN 2016 ILOILO.pdf,10
2016-10-31,1.4,7.6,6.4,2.8,18.2,LIGHT RASH,SUMMARY OF DAILY PCPN 2016 ILOILO.pdf,10
2016-11-01,0.1,1.6,0.0,2.0,3.7,LIGHT RAIN,SUMMARY OF DAILY PCPN 2016 ILOILO.pdf,11
2016-11-02,1.8,1.1,0.0,10.5,13.4,LIGHT RASH,SUMMARY OF DAILY PCPN 2016 ILOILO.pdf,11
2016-11-03,1.6,0.2,0.0,0.0,1.8,LIGHT RASH,SUMMARY OF DAILY PCPN 2016 ILOILO.pdf,11
2016-11-04,15.4,4.3,0.0,0.0,19.7,LIGHT-MODERATE RAIN,SUMMARY OF DAILY PCPN 2016 ILOILO.pdf,11
2016-11-05,0.0,1.8,1.0,0.0,2.8,LIGHT RASH,SUMMARY OF DAILY PCPN 2016 ILOILO.pdf,11
2016-11-06,0.0,0.0,1.2,0.0,1.2,LIGHT RASH,SUMMARY OF DAILY PCPN 2016 ILOILO.pdf,11
2016-11-07,0.0,0.2,0.0,0.0,0.2,LIGHT RASH,SUMMARY OF DAILY PCPN 2016 ILOILO.pdf,11
2016-11-08,0.0,0.0,0.0,0.0,0.0,LIGHT ERASH,SUMMARY OF DAILY PCPN 2016 ILOILO.pdf,11
2016-11-09,0.0,0.3,0.0,0.0,0.3,LIGHT RASH,SUMMARY OF DAILY PCPN 2016 ILOILO.pdf,11
2016-11-10,0.0,0.0,0.0,,0.0,,SUMMARY OF DAILY PCPN 2016 ILOILO.pdf,11
2016-11-11,0.0,0.0,0.0,0.0,0.0,LIGHT RASH,SUMMARY OF DAILY PCPN 2016 ILOILO.pdf,11
2016-11-12,0.0,0.0,0.0,0.0,0.0,,SUMMARY OF DAILY PCPN 2016 ILOILO.pdf,11
2016-11-13,0.0,0.0,0.0,0.0,0.0,,SUMMARY OF DAILY PCPN 2016 ILOILO.pdf,11
2016-11-14,0.2,0.0,0.0,0.0,0.2,LIGHT RASH,SUMMARY OF DAILY PCPN 2016 ILOILO.pdf,11
2016-11-15,0.8,0.0,0.0,0.0,0.8,LIGHT RASH,SUMMARY OF DAILY PCPN 2016 ILOILO.pdf,11
2016-11-16,0.0,0.0,0.0,0.0,0.0,,SUMMARY OF DAILY PCPN 2016 ILOILO.pdf,11
2016-11-17,6.0,0.0,0.0,0.2,6.2,LIGHT RASH,SUMMARY OF DAILY PCPN 2016 ILOILO.pdf,11
2016-11-18,0.0,0.0,0.0,0.0,0.0,LIGHT RASH,SUMMARY OF DAILY PCPN 2016 ILOILO.pdf,11
2016-11-19,0.0,0.0,0.0,0.0,0.0,,SUMMARY OF DAILY PCPN 2016 ILOILO.pdf,11
2016-11-20,0.0,0.0,0.0,0.0,0.0,,SUMMARY OF DAILY PCPN 2016 ILOILO.pdf,11
2016-11-21,0.0,0.0,0.8,0.0,0.8,LIGHT RASH,SUMMARY OF DAILY PCPN 2016 ILOILO.pdf,11
2016-11-22,0.0,0.0,0.2,0.0,0.2,LIGHT RASH,SUMMARY OF DAILY PCPN 2016 ILOILO.pdf,11
2016-11-23,0.0,0.0,0.0,1.0,1.0,LIGHT RASH,SUMMARY OF DAILY PCPN 2016 ILOILO.pdf,11
2016-11-24,0.0,7.4,9.6,23.2,40.2,MODERATE-HEAVY RAIN,SUMMARY OF DAILY PCPN 2016 ILOILO.pdf,11
2016-11-25,27.0,146.0,4.4,0.0,177.4,MODERATE -TORRENTIAL RAIN,SUMMARY OF DAILY PCPN 2016 ILOILO.pdf,11
2016-11-26,0.0,2.2,0.0,0.0,2.2,LIGHT RASH,SUMMARY OF DAILY PCPN 2016 ILOILO.pdf,11
2016-11-27,0.0,0.0,0.0,0.0,0.0,,SUMMARY OF DAILY PCPN 2016 ILOILO.pdf,11
2016-11-28,0.0,0.0,0.0,0.0,0.0,,SUMMARY OF DAILY PCPN 2016 ILOILO.pdf,11
2016-11-29,0.0,0.0,0.0,0.0,0.0,LIGHT RASH,SUMMARY OF DAILY PCPN 2016 ILOILO.pdf,11
2016-11-30,0.0,4.2,0.8,0.0,5.0,TSTM W/ LIGHT RASH,SUMMARY OF DAILY PCPN 2016 ILOILO.pdf,11
2016-12-01,0.2,0.0,0.0,0.0,0.2,LIGHT RASH,SUMMARY OF DAILY PCPN 2016 ILOILO.pdf,12
2016-12-02,0.0,0.2,0.0,0.0,0.2,LIGHT RASH,SUMMARY OF DAILY PCPN 2016 ILOILO.pdf,12
2016-12-03,0.0,0.0,0.0,0.0,0.0,LIGHT RASH,SUMMARY OF DAILY PCPN 2016 ILOILO.pdf,12
2016-12-04,0.0,0.0,0.0,4.0,4.0,LIGHT-MODERATE RASH,SUMMARY OF DAILY PCPN 2016 ILOILO.pdf,12
2016-12-05,0.1,0.0,0.0,0.0,0.1,LIGHT RASH,SUMMARY OF DAILY PCPN 2016 ILOILO.pdf,12
2016-12-06,0.0,0.0,3.0,0.0,3.0,LIGHT RASH,SUMMARY OF DAILY PCPN 2016 ILOILO.pdf,12
2016-12-07,0.0,0.0,0.0,3.2,3.2,LIGHT RASH,SUMMARY OF DAILY PCPN 2016 ILOILO.pdf,12
2016-12-08,0.0,0.0,0.0,0.0,0.0,LIGHT RASH,SUMMARY OF DAILY PCPN 2016 ILOILO.pdf,12
2016-12-09,0.0,0.0,0.0,0.0,0.0,,SUMMARY OF DAILY PCPN 2016 ILOILO.pdf,12
2016-12-10,0.0,0.0,0.0,0.0,0.0,,SUMMARY OF DAILY PCPN 2016 ILOILO.pdf,12
2016-12-11,0.0,0.0,0.0,0.0,0.0,,SUMMARY OF DAILY PCPN 2016 ILOILO.pdf,12
2016-12-12,0.0,2.0,4.6,0.6,7.2,TSTM W/ LIGHT RAIN,SUMMARY OF DAILY PCPN 2016 ILOILO.pdf,12
2016-12-13,4.4,5.2,0.0,0.0,9.6,MODERATE RASH; TSTM W/ LGT-MOD RASH,SUMMARY OF DAILY PCPN 2016 ILOILO.pdf,12
2016-12-14,0.0,9.0,1.8,0.0,10.8,TSTM W/ MODERATE RAIN,SUMMARY OF DAILY PCPN 2016 ILOILO.pdf,12
2016-12-15,0.0,0.0,0.5,0.0,0.5,LIGHT RASH,SUMMARY OF DAILY PCPN 2016 ILOILO.pdf,12
2016-12-16,3.2,24.0,63.2,1.2,91.6,TSTM W/ LIGHT- MOD RAIN,SUMMARY OF DAILY PCPN 2016 ILOILO.pdf,12
2016-12-17,0.1,0.0,0.0,0.0,0.1,LIGHT RASH,SUMMARY OF DAILY PCPN 2016 ILOILO.pdf,12
2016-12-18,0.0,0.0,0.0,0.0,0.0,,SUMMARY OF DAILY PCPN 2016 ILOILO.pdf,12
2016-12-19,0.0,0.0,0.0,0.0,0.0,,SUMMARY OF DAILY PCPN 2016 ILOILO.pdf,12
2016-12-20,0.0,0.0,1.2,3.0,4.2,LIGHT RASH,SUMMARY OF DAILY PCPN 2016 ILOILO.pdf,12
2016-12-21,0.1,0.0,0.0,0.0,0.1,LIGHT RASH,SUMMARY OF DAILY PCPN 2016 ILOILO.pdf,12
2016-12-22,0.0,0.0,0.0,0.0,0.0,LIGHT RASH,SUMMARY OF DAILY PCPN 2016 ILOILO.pdf,12
2016-12-23,5.0,4.6,0.0,0.0,9.6,LIGHT RASH,SUMMARY OF DAILY PCPN 2016 ILOILO.pdf,12
2016-12-24,0.0,0.2,0.0,0.0,0.2,LIGHT RASH,SUMMARY OF DAILY PCPN 2016 ILOILO.pdf,12
2016-12-25,0.0,0.0,0.0,0.0,0.0,,SUMMARY OF DAILY PCPN 2016 ILOILO.pdf,12
2016-12-26,0.0,0.0,0.0,0.0,0.0,,SUMMARY OF DAILY PCPN 2016 ILOILO.pdf,12
2016-12-27,0.0,0.3,0.0,0.0,0.3,LIGHT RASH,SUMMARY OF DAILY PCPN 2016 ILOILO.pdf,12
2016-12-28,0.0,0.0,0.0,0.0,0.0,,SUMMARY OF DAILY PCPN 2016 ILOILO.pdf,12
2016-12-29,0.0,0.0,0.0,0.0,0.0,,SUMMARY OF DAILY PCPN 2016 ILOILO.pdf,12
2016-12-30,0.0,0.0,5.0,0.0,5.0,TSTM W/ LIGHT -MODERATE RAIN,SUMMARY OF DAILY PCPN 2016 ILOILO.pdf,12
2016-12-31,0.0,0.0,0.0,0.0,0.0,,SUMMARY OF DAILY PCPN 2016 ILOILO.pdf,12
2017-01-01,0.0,0.0,0.0,0.0,0.0,LIGHT RASH,SUMMARY OF DAILY PCPN 2017 ILOILO.pdf,1
2017-01-02,0.0,0.3,28.0,30.1,58.4,"LIGHT RASH, MOD-HEAVY RASH",SUMMARY OF DAILY PCPN 2017 ILOILO.pdf,1
2017-01-03,0.6,0.0,0.0,0.0,0.6,LIGHT RASH,SUMMARY OF DAILY PCPN 2017 ILOILO.pdf,1
2017-01-04,0.0,0.0,1.8,8.4,10.2,LIGHT RASH; HEAVY RASH,SUMMARY OF DAILY PCPN 2017 ILOILO.pdf,1
2017-01-05,0.0,0.0,0.0,0.0,0.0,,SUMMARY OF DAILY PCPN 2017 ILOILO.pdf,1
2017-01-06,0.0,0.0,0.0,0.0,0.0,LIGHT RASH,SUMMARY OF DAILY PCPN 2017 ILOILO.pdf,1
2017-01-07,0.0,0.0,0.0,0.0,0.0,,SUMMARY OF DAILY PCPN 2017 ILOILO.pdf,1
2017-01-08,2.0,0.0,0.0,0.2,2.2,LIGHT RASH,SUMMARY OF DAILY PCPN 2017 ILOILO.pdf,1
2017-01-09,3.4,6.8,15.2,0.0,25.4,LIGHT-MOD RAIN,SUMMARY OF DAILY PCPN 2017 ILOILO.pdf,1
2017-01-10,0.0,0.0,2.2,1.3,3.5,LIGHT RASH,SUMMARY OF DAILY PCPN 2017 ILOILO.pdf,1
2017-01-11,7.8,0.2,0.0,0.0,8.0,LIGHT-MOD RASH,SUMMARY OF DAILY PCPN 2017 ILOILO.pdf,1
2017-01-12,0.0,0.0,0.0,0.0,0.0,,SUMMARY OF DAILY PCPN 2017 ILOILO.pdf,1
2017-01-13,0.0,0.0,0.0,0.8,0.8,LIGHT RASH,SUMMARY OF DAILY PCPN 2017 ILOILO.pdf,1
2017-01-14,0.6,3.8,0.0,0.0,4.4,LIGHT RASH,SUMMARY OF DAILY PCPN 2017 ILOILO.pdf,1
2017-01-15,0.0,0.0,1.5,3.9,5.4,LIGHT RASH,SUMMARY OF DAILY PCPN 2017 ILOILO.pdf,1
2017-01-16,15.6,4.8,0.0,0.0,20.4,LIGHT -MOD RAIN,SUMMARY OF DAILY PCPN 2017 ILOILO.pdf,1
2017-01-17,0.0,0.0,0.0,0.2,0.2,LIGHT RASH,SUMMARY OF DAILY PCPN 2017 ILOILO.pdf,1
2017-01-18,0.0,0.0,0.0,0.0,0.0,LIGHT RASH,SUMMARY OF DAILY PCPN 2017 ILOILO.pdf,1
2017-01-19,0.0,0.0,0.0,0.0,0.0,,SUMMARY OF DAILY PCPN 2017 ILOILO.pdf,1
2017-01-20,0.0,0.3,0.0,0.0,0.3,LIGHT RASH,SUMMARY OF DAILY PCPN 2017 ILOILO.pdf,1
2017-01-21,0.0,0.0,0.0,3.0,3.0,LIGHT RASH,SUMMARY OF DAILY PCPN 2017 ILOILO.pdf,1
2017-01-22,0.0,0.0,0.0,0.0,0.0,LIGHT RASH,SUMMARY OF DAILY PCPN 2017 ILOILO.pdf,1
2017-01-23,0.0,0.0,0.0,0.0,0.0,,SUMMARY OF DAILY PCPN 2017 ILOILO.pdf,1
2017-01-24,0.0,0.0,0.0,0.0,0.0,,SUMMARY OF DAILY PCPN 2017 ILOILO.pdf,1
2017-01-25,0.0,0.0,0.0,0.0,0.0,,SUMMARY OF DAILY PCPN 2017 ILOILO.pdf,1
2017-01-26,0.0,0.0,0.0,0.0,0.0,,SUMMARY OF DAILY PCPN 2017 ILOILO.pdf,1
2017-01-27,0.0,0.0,0.0,0.0,0.0,,SUMMARY OF DAILY PCPN 2017 ILOILO.pdf,1
2017-01-28,0.0,0.0,0.0,0.0,0.0,,SUMMARY OF DAILY PCPN 2017 ILOILO.pdf,1
2017-01-29,0.0,0.0,0.0,0.0,0.0,LIGHT RASH,SUMMARY OF DAILY PCPN 2017 ILOILO.pdf,1
2017-01-30,0.0,0.0,0.2,0.0,0.2,LIGHT RASH,SUMMARY OF DAILY PCPN 2017 ILOILO.pdf,1
2017-01-31,0.0,0.0,0.0,0.0,0.0,,SUMMARY OF DAILY PCPN 2017 ILOILO.pdf,1
2017-02-01,0.0,0.0,0.0,0.0,0.0,LIGHT RASH,SUMMARY OF DAILY PCPN 2017 ILOILO.pdf,2
2017-02-02,0.0,0.0,0.5,0.0,0.5,LIGHT RASH,SUMMARY OF DAILY PCPN 2017 ILOILO.pdf,2
2017-02-03,1.7,0.0,0.0,0.0,1.7,LIGHT RASH,SUMMARY OF DAILY PCPN 2017 ILOILO.pdf,2
2017-02-04,0.0,0.0,0.0,0.0,0.0,LIGHT RASH,SUMMARY OF DAILY PCPN 2017 ILOILO.pdf,2
2017-02-05,0.0,0.0,0.0,0.0,0.0,,SUMMARY OF DAILY PCPN 2017 ILOILO.pdf,2
2017-02-06,0.0,0.0,0.0,0.0,0.0,,SUMMARY OF DAILY PCPN 2017 ILOILO.pdf,2
2017-02-07,0.0,0.0,0.0,0.0,0.0,,SUMMARY OF DAILY PCPN 2017 ILOILO.pdf,2
2017-02-08,0.0,0.0,0.0,0.0,0.0,,SUMMARY OF DAILY PCPN 2017 ILOILO.pdf,2
2017-02-09,0.0,0.0,0.0,0.0,0.0,,SUMMARY OF DAILY PCPN 2017 ILOILO.pdf,2
2017-02-10,0.0,0.0,0.0,0.0,0.0,,SUMMARY OF DAILY PCPN 2017 ILOILO.pdf,2
2017-02-11,0.0,0.0,0.0,0.0,0.0,LIGHT RASH,SUMMARY OF DAILY PCPN 2017 ILOILO.pdf,2
2017-02-12,0.0,0.0,0.0,0.0,0.0,,SUMMARY OF DAILY PCPN 2017 ILOILO.pdf,2
2017-02-13,0.0,0.0,0.0,0.0,0.0,,SUMMARY OF DAILY PCPN 2017 ILOILO.pdf,2
2017-02-14,0.0,0.0,0.0,0.0,0.0,LIGHT RASH,SUMMARY OF DAILY PCPN 2017 ILOILO.pdf,2
2017-02-15,0.2,0.0,0.0,0.0,0.2,LIGHT RASH,SUMMARY OF DAILY PCPN 2017 ILOILO.pdf,2
2017-02-16,0.0,0.5,0.5,0.0,1.0,LIGHT RASH,SUMMARY OF DAILY PCPN 2017 ILOILO.pdf,2
2017-02-17,0.0,0.0,0.0,0.0,0.0,,SUMMARY OF DAILY PCPN 2017 ILOILO.pdf,2
2017-02-18,0.0,0.0,0.0,0.0,0.0,,SUMMARY OF DAILY PCPN 2017 ILOILO.pdf,2
2017-02-19,0.0,0.0,0.0,0.0,0.0,,SUMMARY OF DAILY PCPN 2017 ILOILO.pdf,2
2017-02-20,0.0,0.0,0.0,0.0,0.0,,SUMMARY OF DAILY PCPN 2017 ILOILO.pdf,2
2017-02-21,0.0,0.0,0.0,0.0,0.0,,SUMMARY OF DAILY PCPN 2017 ILOILO.pdf,2
2017-02-22,0.0,0.0,0.0,0.0,0.0,LIGHT RASH,SUMMARY OF DAILY PCPN 2017 ILOILO.pdf,2
2017-02-23,4.4,0.2,2.0,0.0,6.6,LIGHT RASH,SUMMARY OF DAILY PCPN 2017 ILOILO.pdf,2
2017-02-24,0.0,0.0,0.0,0.0,0.0,,SUMMARY OF DAILY PCPN 2017 ILOILO.pdf,2
2017-02-25,0.0,0.0,0.0,0.0,0.0,,SUMMARY OF DAILY PCPN 2017 ILOILO.pdf,2
2017-02-26,0.0,0.0,0.0,0.0,0.0,,SUMMARY OF DAILY PCPN 2017 ILOILO.pdf,2
2017-02-27,0.0,0.0,0.0,0.0,0.0,,SUMMARY OF DAILY PCPN 2017 ILOILO.pdf,2
2017-02-28,0.0,0.0,0.0,0.0,0.0,,SUMMARY OF DAILY PCPN 2017 ILOILO.pdf,2
2017-03-01,0.0,0.0,0.0,0.0,0.0,,SUMMARY OF DAILY PCPN 2017 ILOILO.pdf,3
2017-03-02,0.0,0.0,0.0,0.0,0.0,LIGHT RASH,SUMMARY OF DAILY PCPN 2017 ILOILO.pdf,3
2017-03-03,0.0,0.0,0.0,0.0,0.0,,SUMMARY OF DAILY PCPN 2017 ILOILO.pdf,3
2017-03-04,0.0,0.0,0.0,0.0,0.0,,SUMMARY OF DAILY PCPN 2017 ILOILO.pdf,3
2017-03-05,0.0,0.0,0.0,0.0,0.0,,SUMMARY OF DAILY PCPN 2017 ILOILO.pdf,3
2017-03-06,0.0,0.0,0.0,0.0,0.0,,SUMMARY OF DAILY PCPN 2017 ILOILO.pdf,3
2017-03-07,0.0,0.0,0.0,0.0,0.0,,SUMMARY OF DAILY PCPN 2017 ILOILO.pdf,3
2017-03-08,0.0,0.0,0.0,0.0,0.0,LIGHT RASH,SUMMARY OF DAILY PCPN 2017 ILOILO.pdf,3
2017-03-09,19.8,0.0,0.0,0.0,19.8,LIGHT-MOD RASH,SUMMARY OF DAILY PCPN 2017 ILOILO.pdf,3
2017-03-10,0.0,0.0,0.0,0.0,0.0,LIGHT RASH,SUMMARY OF DAILY PCPN 2017 ILOILO.pdf,3
2017-03-11,0.1,1.7,0.0,0.0,1.8,LIGHT RASH,SUMMARY OF DAILY PCPN 2017 ILOILO.pdf,3
2017-03-12,0.0,0.0,0.0,1.2,1.2,LIGHT RASH,SUMMARY OF DAILY PCPN 2017 ILOILO.pdf,3
2017-03-13,0.2,17.8,0.2,0.0,18.2,MOD-HVY RASH,SUMMARY OF DAILY PCPN 2017 ILOILO.pdf,3
2017-03-14,0.0,0.1,0.6,0.0,0.7,LIGHT RASH,SUMMARY OF DAILY PCPN 2017 ILOILO.pdf,3
2017-03-15,0.0,4.6,1.2,0.0,5.8,LIGHT-MOD RASH,SUMMARY OF DAILY PCPN 2017 ILOILO.pdf,3
2017-03-16,0.0,0.0,0.0,0.0,0.0,,SUMMARY OF DAILY PCPN 2017 ILOILO.pdf,3
2017-03-17,0.0,0.0,0.0,0.0,0.0,,SUMMARY OF DAILY PCPN 2017 ILOILO.pdf,3
2017-03-18,0.0,0.0,0.0,0.0,0.0,,SUMMARY OF DAILY PCPN 2017 ILOILO.pdf,3
2017-03-19,0.0,0.0,0.0,0.0,0.0,,SUMMARY OF DAILY PCPN 2017 ILOILO.pdf,3
2017-03-20,0.0,0.1,0.0,0.0,0.1,LIGHT RASH,SUMMARY OF DAILY PCPN 2017 ILOILO.pdf,3
2017-03-21,0.0,0.0,0.0,0.0,0.0,,SUMMARY OF DAILY PCPN 2017 ILOILO.pdf,3
2017-03-22,0.0,0.0,0.0,0.0,0.0,,SUMMARY OF DAILY PCPN 2017 ILOILO.pdf,3
2017-03-23,0.0,0.0,0.0,0.0,0.0,,SUMMARY OF DAILY PCPN 2017 ILOILO.pdf,3
2017-03-24,0.0,0.0,0.0,0.0,0.0,,SUMMARY OF DAILY PCPN 2017 ILOILO.pdf,3
2017-03-25,0.0,0.0,0.0,0.0,0.0,,SUMMARY OF DAILY PCPN 2017 ILOILO.pdf,3
2017-03-26,0.0,0.0,0.0,0.0,0.0,,SUMMARY OF DAILY PCPN 2017 ILOILO.pdf,3
2017-03-27,0.0,0.0,0.0,0.0,0.0,,SUMMARY OF DAILY PCPN 2017 ILOILO.pdf,3
2017-03-28,0.0,1.4,4.2,1.4,7.0,LIGHT RASH,SUMMARY OF DAILY PCPN 2017 ILOILO.pdf,3
2017-03-29,24.0,0.0,0.0,0.0,24.0,LIGHT-MOD RASH,SUMMARY OF DAILY PCPN 2017 ILOILO.pdf,3
2017-03-30,0.1,0.0,0.0,0.0,0.1,LIGHT RASH,SUMMARY OF DAILY PCPN 2017 ILOILO.pdf,3
2017-03-31,0.0,0.0,0.0,0.0,0.0,,SUMMARY OF DAILY PCPN 2017 ILOILO.pdf,3
2017-04-01,0.0,0.0,6.2,0.0,6.2,LIGHT;MOD-HEAVY RASH,SUMMARY OF DAILY PCPN 2017 ILOILO.pdf,4
2017-04-02,0.0,0.0,0.0,0.0,0.0,,SUMMARY OF DAILY PCPN 2017 ILOILO.pdf,4
2017-04-03,0.4,2.4,0.0,0.0,2.8,LIGHT RASH,SUMMARY OF DAILY PCPN 2017 ILOILO.pdf,4
2017-04-04,0.0,0.0,0.0,0.6,0.6,LIGHT RASH,SUMMARY OF DAILY PCPN 2017 ILOILO.pdf,4
2017-04-05,0.0,0.1,0.0,0.0,0.1,LIGH RASH,SUMMARY OF DAILY PCPN 2017 ILOILO.pdf,4
2017-04-06,0.0,1.4,0.4,0.0,1.8,LIGHT RASH,SUMMARY OF DAILY PCPN 2017 ILOILO.pdf,4
2017-04-07,0.0,0.0,0.0,0.0,0.0,,SUMMARY OF DAILY PCPN 2017 ILOILO.pdf,4
2017-04-08,0.0,0.0,0.0,0.0,0.0,,SUMMARY OF DAILY PCPN 2017 ILOILO.pdf,4
2017-04-09,0.0,0.0,0.0,0.0,0.0,,SUMMARY OF DAILY PCPN 2017 ILOILO.pdf,4
2017-04-10,0.0,0.0,0.0,0.0,0.0,,SUMMARY OF DAILY PCPN 2017 ILOILO.pdf,4
2017-04-11,0.0,0.0,0.0,0.0,0.0,,SUMMARY OF DAILY PCPN 2017 ILOILO.pdf,4
2017-04-12,0.0,0.0,0.0,0.0,0.0,,SUMMARY OF DAILY PCPN 2017 ILOILO.pdf,4
2017-04-13,0.0,0.0,0.0,0.0,0.0,,SUMMARY OF DAILY PCPN 2017 ILOILO.pdf,4
2017-04-14,0.0,0.0,0.0,0.0,0.0,,SUMMARY OF DAILY PCPN 2017 ILOILO.pdf,4
2017-04-15,0.0,0.0,0.0,0.1,0.1,LIGHT RASH,SUMMARY OF DAILY PCPN 2017 ILOILO.pdf,4
2017-04-16,2.8,0.0,0.0,0.0,2.8,LIGHT RASH,SUMMARY OF DAILY PCPN 2017 ILOILO.pdf,4
2017-04-17,0.0,0.0,0.0,0.0,0.0,,SUMMARY OF DAILY PCPN 2017 ILOILO.pdf,4
2017-04-18,0.0,0.0,0.0,0.0,0.0,,SUMMARY OF DAILY PCPN 2017 ILOILO.pdf,4
2017-04-19,0.0,0.0,0.0,0.0,0.0,,SUMMARY OF DAILY PCPN 2017 ILOILO.pdf,4
2017-04-20,0.0,0.0,0.0,0.0,0.0,,SUMMARY OF DAILY PCPN 2017 ILOILO.pdf,4
2017-04-21,0.0,0.0,0.0,0.0,0.0,,SUMMARY OF DAILY PCPN 2017 ILOILO.pdf,4
2017-04-22,0.0,0.0,0.0,0.0,0.0,LIGHT RASH,SUMMARY OF DAILY PCPN 2017 ILOILO.pdf,4
2017-04-23,0.0,0.0,0.0,0.0,0.0,,SUMMARY OF DAILY PCPN 2017 ILOILO.pdf,4
2017-04-24,0.0,0.0,0.0,0.0,0.0,,SUMMARY OF DAILY PCPN 2017 ILOILO.pdf,4
2017-04-25,0.0,0.0,0.0,0.0,0.0,,SUMMARY OF DAILY PCPN 2017 ILOILO.pdf,4
2017-04-26,0.0,0.0,0.0,0.0,0.0,,SUMMARY OF DAILY PCPN 2017 ILOILO.pdf,4
2017-04-27,0.0,0.0,0.0,0.0,0.0,,SUMMARY OF DAILY PCPN 2017 ILOILO.pdf,4
2017-04-28,0.0,0.0,0.0,0.0,0.0,,SUMMARY OF DAILY PCPN 2017 ILOILO.pdf,4
2017-04-29,0.0,0.0,0.0,0.0,0.0,,SUMMARY OF DAILY PCPN 2017 ILOILO.pdf,4
2017-04-30,0.0,0.0,0.0,0.0,0.0,,SUMMARY OF DAILY PCPN 2017 ILOILO.pdf,4
2017-05-01,0.0,0.0,0.0,0.0,0.0,,SUMMARY OF DAILY PCPN 2017 ILOILO.pdf,5
2017-05-02,0.0,0.0,0.0,0.0,0.0,,SUMMARY OF DAILY PCPN 2017 ILOILO.pdf,5
2017-05-03,0.0,0.0,28.0,1.8,29.8,TSTM W/ MOD-HEAVY RASH,SUMMARY OF DAILY PCPN 2017 ILOILO.pdf,5
2017-05-04,0.0,0.0,2.4,0.0,2.4,LIGHT RASH,SUMMARY OF DAILY PCPN 2017 ILOILO.pdf,5
2017-05-05,0.0,0.0,0.0,0.0,0.0,,SUMMARY OF DAILY PCPN 2017 ILOILO.pdf,5
2017-05-06,0.0,0.0,0.0,0.0,0.0,,SUMMARY OF DAILY PCPN 2017 ILOILO.pdf,5
2017-05-07,0.0,0.0,0.0,0.0,0.0,,SUMMARY OF DAILY PCPN 2017 ILOILO.pdf,5
2017-05-08,0.0,0.0,0.0,0.4,0.4,LIGHT RASH,SUMMARY OF DAILY PCPN 2017 ILOILO.pdf,5
2017-05-09,0.0,0.0,2.2,0.0,2.2,LIGHT RASH,SUMMARY OF DAILY PCPN 2017 ILOILO.pdf,5
2017-05-10,0.0,0.0,0.0,0.0,0.0,,SUMMARY OF DAILY PCPN 2017 ILOILO.pdf,5
2017-05-11,0.0,0.0,0.0,0.0,0.0,,SUMMARY OF DAILY PCPN 2017 ILOILO.pdf,5
2017-05-12,0.0,0.0,0.0,0.0,0.0,,SUMMARY OF DAILY PCPN 2017 ILOILO.pdf,5
2017-05-13,0.0,0.0,0.0,0.0,0.0,LIGHT RASH,SUMMARY OF DAILY PCPN 2017 ILOILO.pdf,5
2017-05-14,0.0,0.0,0.0,0.0,0.0,,SUMMARY OF DAILY PCPN 2017 ILOILO.pdf,5
2017-05-15,0.0,0.0,1.2,0.0,1.2,LIGHT RASH,SUMMARY OF DAILY PCPN 2017 ILOILO.pdf,5
2017-05-16,0.0,0.0,0.0,0.0,0.0,,SUMMARY OF DAILY PCPN 2017 ILOILO.pdf,5
2017-05-17,0.0,0.0,0.0,0.0,0.0,,SUMMARY OF DAILY PCPN 2017 ILOILO.pdf,5
2017-05-18,0.0,0.0,1.4,0.0,1.4,LIGHT RASH,SUMMARY OF DAILY PCPN 2017 ILOILO.pdf,5
2017-05-19,0.0,0.0,0.0,0.0,0.0,,SUMMARY OF DAILY PCPN 2017 ILOILO.pdf,5
2017-05-20,0.0,0.2,0.0,0.0,0.2,LIGHT RASH,SUMMARY OF DAILY PCPN 2017 ILOILO.pdf,5
2017-05-21,0.0,0.0,0.0,0.0,0.0,,SUMMARY OF DAILY PCPN 2017 ILOILO.pdf,5
2017-05-22,0.0,1.3,0.8,0.0,2.1,LIGHT RASH,SUMMARY OF DAILY PCPN 2017 ILOILO.pdf,5
2017-05-23,0.0,0.0,0.0,0.0,0.0,,SUMMARY OF DAILY PCPN 2017 ILOILO.pdf,5
2017-05-24,0.0,0.0,0.0,0.0,0.0,LIGHT RASH,SUMMARY OF DAILY PCPN 2017 ILOILO.pdf,5
2017-05-25,0.0,0.8,0.5,0.0,1.3,LIGHT RASH,SUMMARY OF DAILY PCPN 2017 ILOILO.pdf,5
2017-05-26,0.0,0.0,0.0,0.0,0.0,,SUMMARY OF DAILY PCPN 2017 ILOILO.pdf,5
2017-05-27,0.0,0.0,0.0,0.0,0.0,,SUMMARY OF DAILY PCPN 2017 ILOILO.pdf,5
2017-05-28,0.4,0.0,0.0,0.0,0.4,LIGHT RASH,SUMMARY OF DAILY PCPN 2017 ILOILO.pdf,5
2017-05-29,0.0,0.0,0.0,0.0,0.0,,SUMMARY OF DAILY PCPN 2017 ILOILO.pdf,5
2017-05-30,0.0,0.0,10.6,0.0,10.6,LIGHT - MOD RASH W/TSTM,SUMMARY OF DAILY PCPN 2017 ILOILO.pdf,5
2017-05-31,0.0,0.0,0.0,0.0,0.0,,SUMMARY OF DAILY PCPN 2017 ILOILO.pdf,5
2017-06-01,0.0,0.0,0.0,0.0,0.0,LIGHT RASH,SUMMARY OF DAILY PCPN 2017 ILOILO.pdf,6
2017-06-02,0.0,0.0,0.0,0.0,0.0,,SUMMARY OF DAILY PCPN 2017 ILOILO.pdf,6
2017-06-03,0.0,0.0,0.0,6.0,6.0,LIGHT-MOD RASH,SUMMARY OF DAILY PCPN 2017 ILOILO.pdf,6
2017-06-04,0.0,0.0,0.0,0.0,0.0,,SUMMARY OF DAILY PCPN 2017 ILOILO.pdf,6
2017-06-05,0.0,0.0,0.0,0.0,0.0,,SUMMARY OF DAILY PCPN 2017 ILOILO.pdf,6
2017-06-06,0.0,0.0,2.5,0.0,2.5,LIGHT-MOD RASH,SUMMARY OF DAILY PCPN 2017 ILOILO.pdf,6
2017-06-07,0.0,7.0,0.0,0.0,7.0,LIGHT-MOD RASH W/TSTM,SUMMARY OF DAILY PCPN 2017 ILOILO.pdf,6
2017-06-08,0.0,0.0,24.4,21.8,46.2,MOD-HEAVY W/TSTM; LGT-MOD,SUMMARY OF DAILY PCPN 2017 ILOILO.pdf,6
2017-06-09,0.0,50.0,7.6,1.4,59.0,MOD-HEAVY; LGT-MOD,SUMMARY OF DAILY PCPN 2017 ILOILO.pdf,6
2017-06-10,0.0,0.0,0.0,0.0,0.0,,SUMMARY OF DAILY PCPN 2017 ILOILO.pdf,6
2017-06-11,0.0,0.0,0.0,0.0,0.0,,SUMMARY OF DAILY PCPN 2017 ILOILO.pdf,6
2017-06-12,0.0,0.0,0.0,0.0,0.0,LIGHT RASH,SUMMARY OF DAILY PCPN 2017 ILOILO.pdf,6
2017-06-13,0.0,0.0,0.0,0.0,0.0,,SUMMARY OF DAILY PCPN 2017 ILOILO.pdf,6
2017-06-14,0.0,0.0,0.0,0.0,0.0,,SUMMARY OF DAILY PCPN 2017 ILOILO.pdf,6
2017-06-15,0.0,0.0,0.0,0.0,0.0,,SUMMARY OF DAILY PCPN 2017 ILOILO.pdf,6
2017-06-16,0.0,0.0,0.0,0.0,0.0,,SUMMARY OF DAILY PCPN 2017 ILOILO.pdf,6
2017-06-17,0.0,15.8,0.0,0.4,16.2,LIGHT-MOD RASH W/TSTM,SUMMARY OF DAILY PCPN 2017 ILOILO.pdf,6
2017-06-18,0.0,0.4,29.0,0.0,29.4,TSTM W/INTENSE RASH,SUMMARY OF DAILY PCPN 2017 ILOILO.pdf,6
2017-06-19,0.0,8.8,16.4,0.0,25.2,LIGHT - MOD RASH W/ TSTM,SUMMARY OF DAILY PCPN 2017 ILOILO.pdf,6
2017-06-20,0.0,0.0,0.0,0.0,0.0,,SUMMARY OF DAILY PCPN 2017 ILOILO.pdf,6
2017-06-21,0.0,3.2,0.0,0.0,3.2,LIGHT-MOD RASH,SUMMARY OF DAILY PCPN 2017 ILOILO.pdf,6
2017-06-22,0.0,5.0,0.0,0.0,5.0,TSTM W/ MOD RASH,SUMMARY OF DAILY PCPN 2017 ILOILO.pdf,6
2017-06-23,0.0,0.0,0.0,0.0,0.0,,SUMMARY OF DAILY PCPN 2017 ILOILO.pdf,6
2017-06-24,0.0,0.0,0.0,0.0,0.0,,SUMMARY OF DAILY PCPN 2017 ILOILO.pdf,6
2017-06-25,0.0,0.0,1.2,14.0,15.2,TSTM W/ MOD-HEAVY RASH,SUMMARY OF DAILY PCPN 2017 ILOILO.pdf,6
2017-06-26,0.0,0.0,0.4,0.0,0.4,LIGHT RASH,SUMMARY OF DAILY PCPN 2017 ILOILO.pdf,6
2017-06-27,0.0,0.0,0.0,0.0,0.0,LIGHT RASH,SUMMARY OF DAILY PCPN 2017 ILOILO.pdf,6
2017-06-28,7.2,24.5,14.9,0.0,46.6,TSTM W/ MOD-HEAVY RASH,SUMMARY OF DAILY PCPN 2017 ILOILO.pdf,6
2017-06-29,0.0,0.0,0.0,0.0,0.0,LIGHT RASH,SUMMARY OF DAILY PCPN 2017 ILOILO.pdf,6
2017-06-30,0.0,0.0,1.4,0.4,1.8,LIGHT-MOD RASH,SUMMARY OF DAILY PCPN 2017 ILOILO.pdf,6
2017-07-01,0.0,6.2,4.2,0.0,10.4,TSTM W/ LIGHT-MOD RASH,SUMMARY OF DAILY PCPN 2017 ILOILO.pdf,7
2017-07-02,0.0,0.0,1.0,4.8,5.8,LIGHT RASH,SUMMARY OF DAILY PCPN 2017 ILOILO.pdf,7
2017-07-03,0.0,0.0,0.0,0.0,0.0,LIGHT RASH,SUMMARY OF DAILY PCPN 2017 ILOILO.pdf,7
2017-07-04,0.0,0.0,0.0,0.0,0.0,,SUMMARY OF DAILY PCPN 2017 ILOILO.pdf,7
2017-07-05,0.0,0.0,0.0,0.0,0.0,,SUMMARY OF DAILY PCPN 2017 ILOILO.pdf,7
2017-07-06,0.0,0.0,0.0,0.0,0.0,LIGHT RASH,SUMMARY OF DAILY PCPN 2017 ILOILO.pdf,7
2017-07-07,0.0,0.0,0.0,0.0,0.0,,SUMMARY OF DAILY PCPN 2017 ILOILO.pdf,7
2017-07-08,1.6,6.8,0.0,0.0,8.4,TSTM W/ LIGHT-MOD RASH,SUMMARY OF DAILY PCPN 2017 ILOILO.pdf,7
2017-07-09,0.0,0.0,0.0,0.0,0.0,,SUMMARY OF DAILY PCPN 2017 ILOILO.pdf,7
2017-07-10,0.0,0.0,2.0,0.0,2.0,LIGHT RASH,SUMMARY OF DAILY PCPN 2017 ILOILO.pdf,7
2017-07-11,1.8,5.8,0.0,0.0,7.6,LIGHT-MOD RASH,SUMMARY OF DAILY PCPN 2017 ILOILO.pdf,7
2017-07-12,0.0,0.0,0.8,2.0,2.8,LIGHT RASH,SUMMARY OF DAILY PCPN 2017 ILOILO.pdf,7
2017-07-13,0.0,0.0,0.0,0.0,0.0,LIGHT RASH,SUMMARY OF DAILY PCPN 2017 ILOILO.pdf,7
2017-07-14,0.0,0.5,6.5,0.0,7.0,LIGHT-MOD RASH,SUMMARY OF DAILY PCPN 2017 ILOILO.pdf,7
2017-07-15,0.0,2.2,6.2,0.0,8.4,LIGHT-MOD RASH,SUMMARY OF DAILY PCPN 2017 ILOILO.pdf,7
2017-07-16,4.8,22.2,0.0,0.0,26.8,MOD-RASH; TSTM W/INT RASH,SUMMARY OF DAILY PCPN 2017 ILOILO.pdf,7
2017-07-17,0.0,0.0,1.8,3.4,5.2,LIGHT-MOD RASH,SUMMARY OF DAILY PCPN 2017 ILOILO.pdf,7
2017-07-18,0.0,0.0,0.0,6.5,6.5,LIGHT-MOD RASH,SUMMARY OF DAILY PCPN 2017 ILOILO.pdf,7
2017-07-19,0.0,1.6,9.2,2.8,13.6,LIGHT RASH; LIGHT-MOD RAIN,SUMMARY OF DAILY PCPN 2017 ILOILO.pdf,7
2017-07-20,0.0,0.0,0.0,0.0,0.0,,SUMMARY OF DAILY PCPN 2017 ILOILO.pdf,7
2017-07-21,0.0,0.0,0.0,0.0,0.0,LIGHT RASH,SUMMARY OF DAILY PCPN 2017 ILOILO.pdf,7
2017-07-22,0.0,0.0,0.0,0.0,0.0,,SUMMARY OF DAILY PCPN 2017 ILOILO.pdf,7
2017-07-23,0.8,0.4,0.0,0.0,1.2,LIGHT RAIN,SUMMARY OF DAILY PCPN 2017 ILOILO.pdf,7
2017-07-24,0.0,0.0,0.0,0.0,0.0,,SUMMARY OF DAILY PCPN 2017 ILOILO.pdf,7
2017-07-25,0.0,0.0,0.0,0.0,0.0,LIGHT RASH,SUMMARY OF DAILY PCPN 2017 ILOILO.pdf,7
2017-07-26,0.0,1.0,0.0,6.0,1.6,LIGHT RASH,SUMMARY OF DAILY PCPN 2017 ILOILO.pdf,7
2017-07-27,3.2,0.0,3.6,10.2,17.0,LIGHT- MOD RASH,SUMMARY OF DAILY PCPN 2017 ILOILO.pdf,7
2017-07-28,19.6,0.0,26.0,24.0,69.6,TSTM W/ HVY RASH,SUMMARY OF DAILY PCPN 2017 ILOILO.pdf,7
2017-07-29,16.2,3.0,0.0,0.2,19.4,MOD-HVY RASH,SUMMARY OF DAILY PCPN 2017 ILOILO.pdf,7
2017-07-30,0.0,0.0,0.0,2.0,2.0,LIGHT RASH,SUMMARY OF DAILY PCPN 2017 ILOILO.pdf,7
2017-07-31,0.0,0.0,0.0,0.0,0.0,,SUMMARY OF DAILY PCPN 2017 ILOILO.pdf,7
2017-08-01,0.0,0.0,0.0,0.0,0.0,,SUMMARY OF DAILY PCPN 2017 ILOILO.pdf,8
2017-08-02,0.5,0.0,0.0,0.0,0.5,LIGHT RASH,SUMMARY OF DAILY PCPN 2017 ILOILO.pdf,8
2017-08-03,0.0,0.0,0.0,4.0,4.0,LIGHT-MOD RASH,SUMMARY OF DAILY PCPN 2017 ILOILO.pdf,8
2017-08-04,28.2,13.2,0.8,0.0,42.2,LIGHT -MOD RAIN; LIGHT RASH,SUMMARY OF DAILY PCPN 2017 ILOILO.pdf,8
2017-08-05,0.0,0.0,0.0,0.0,0.0,,SUMMARY OF DAILY PCPN 2017 ILOILO.pdf,8
2017-08-06,0.0,0.0,0.0,0.0,0.0,,SUMMARY OF DAILY PCPN 2017 ILOILO.pdf,8
2017-08-07,0.0,0.0,0.0,0.0,0.0,,SUMMARY OF DAILY PCPN 2017 ILOILO.pdf,8
2017-08-08,0.0,0.0,0.0,0.0,0.0,,SUMMARY OF DAILY PCPN 2017 ILOILO.pdf,8
2017-08-09,0.0,0.0,0.0,0.0,0.0,,SUMMARY OF DAILY PCPN 2017 ILOILO.pdf,8
2017-08-10,0.0,0.0,0.0,0.0,0.0,,SUMMARY OF DAILY PCPN 2017 ILOILO.pdf,8
2017-08-11,0.0,0.0,0.0,0.0,0.0,,SUMMARY OF DAILY PCPN 2017 ILOILO.pdf,8
2017-08-12,0.0,0.0,0.0,0.0,0.0,LIGHT RASH,SUMMARY OF DAILY PCPN 2017 ILOILO.pdf,8
2017-08-13,0.0,0.0,0.0,0.0,0.0,LIGHT RASH,SUMMARY OF DAILY PCPN 2017 ILOILO.pdf,8
2017-08-14,0.0,0.0,0.0,0.0,0.0,,SUMMARY OF DAILY PCPN 2017 ILOILO.pdf,8
2017-08-15,0.0,1.4,6.4,0.0,7.8,LIGHT-MOD RASH,SUMMARY OF DAILY PCPN 2017 ILOILO.pdf,8
2017-08-16,0.0,0.0,0.8,0.0,0.8,LIGHT RASH,SUMMARY OF DAILY PCPN 2017 ILOILO.pdf,8
2017-08-17,0.0,0.0,52.8,0.0,52.8,TSTM W/ TORR RASH,SUMMARY OF DAILY PCPN 2017 ILOILO.pdf,8
2017-08-18,0.0,25.7,0.0,0.0,25.7,TSTM W/ MOD-HVY RASH,SUMMARY OF DAILY PCPN 2017 ILOILO.pdf,8
2017-08-19,0.0,0.0,0.0,0.0,0.0,LIGHT RASH,SUMMARY OF DAILY PCPN 2017 ILOILO.pdf,8
2017-08-20,0.0,0.0,0.0,0.0,0.0,LIGHT RASH,SUMMARY OF DAILY PCPN 2017 ILOILO.pdf,8
2017-08-21,13.0,0.0,31.4,8.4,52.8,MOD-HVY RAIN,SUMMARY OF DAILY PCPN 2017 ILOILO.pdf,8
2017-08-22,0.0,9.8,5.2,13.2,28.2,MOD-HVY RAIN,SUMMARY OF DAILY PCPN 2017 ILOILO.pdf,8
2017-08-23,2.0,0.2,0.0,11.0,13.2,LIGHT-MOD RASH,SUMMARY OF DAILY PCPN 2017 ILOILO.pdf,8
2017-08-24,0.0,0.0,12.0,0.0,12.0,LIGHT-MOD RAIN; TSTM W/LIGHT RASH,SUMMARY OF DAILY PCPN 2017 ILOILO.pdf,8
2017-08-25,0.0,0.0,0.0,0.0,0.0,,SUMMARY OF DAILY PCPN 2017 ILOILO.pdf,8
2017-08-26,0.0,0.0,0.0,0.0,0.0,,SUMMARY OF DAILY PCPN 2017 ILOILO.pdf,8
2017-08-27,0.0,3.0,0.0,0.0,3.0,LIGHT RASH,SUMMARY OF DAILY PCPN 2017 ILOILO.pdf,8
2017-08-28,0.0,1.2,0.0,0.0,1.2,LIGHT RASH,SUMMARY OF DAILY PCPN 2017 ILOILO.pdf,8
2017-08-29,0.0,0.0,6.4,10.2,16.6,LIGHT-MOD RASH,SUMMARY OF DAILY PCPN 2017 ILOILO.pdf,8
2017-08-30,7.8,5.6,0.4,4.0,17.8,LIGHT-MOD RASH,SUMMARY OF DAILY PCPN 2017 ILOILO.pdf,8
2017-08-31,2.6,0.0,0.0,8.6,11.2,LIGHT-MOD RASH,SUMMARY OF DAILY PCPN 2017 ILOILO.pdf,8
2017-09-01,0.0,0.0,0.0,0.0,0.0,,SUMMARY OF DAILY PCPN 2017 ILOILO.pdf,9
2017-09-02,0.0,0.0,0.0,0.0,0.0,,SUMMARY OF DAILY PCPN 2017 ILOILO.pdf,9
2017-09-03,0.0,0.0,0.0,0.0,0.0,,SUMMARY OF DAILY PCPN 2017 ILOILO.pdf,9
2017-09-04,0.0,0.4,2.0,0.0,2.4,LIGHT RASH,SUMMARY OF DAILY PCPN 2017 ILOILO.pdf,9
2017-09-05,0.0,0.8,0.0,0.0,0.8,LIGHT RASH,SUMMARY OF DAILY PCPN 2017 ILOILO.pdf,9
2017-09-06,0.0,0.0,0.0,0.0,0.0,,SUMMARY OF DAILY PCPN 2017 ILOILO.pdf,9
2017-09-07,0.0,0.0,0.0,0.0,0.0,,SUMMARY OF DAILY PCPN 2017 ILOILO.pdf,9
2017-09-08,0.0,0.0,1.0,0.0,1.0,LIGHT RASH,SUMMARY OF DAILY PCPN 2017 ILOILO.pdf,9
2017-09-09,0.0,6.0,0.0,0.0,6.0,TSTM W/ LIGHT-MOD RASH,SUMMARY OF DAILY PCPN 2017 ILOILO.pdf,9
2017-09-10,0.0,37.6,1.2,0.0,38.8,TSTM W/ INTENSE RASH,SUMMARY OF DAILY PCPN 2017 ILOILO.pdf,9
2017-09-11,10.6,0.0,32.0,24.2,66.8,TSTM W/ HVY RAIN,SUMMARY OF DAILY PCPN 2017 ILOILO.pdf,9
2017-09-12,77.0,5.0,9.4,1.2,92.6,LIGHT-MOD-HVY RAIN,SUMMARY OF DAILY PCPN 2017 ILOILO.pdf,9
2017-09-13,0.0,0.0,0.0,0.0,0.0,LIGHT RASH,SUMMARY OF DAILY PCPN 2017 ILOILO.pdf,9
2017-09-14,0.0,0.0,0.0,0.0,0.0,,SUMMARY OF DAILY PCPN 2017 ILOILO.pdf,9
2017-09-15,0.0,2.4,0.0,0.0,2.4,LIGHT RASH,SUMMARY OF DAILY PCPN 2017 ILOILO.pdf,9
2017-09-16,0.0,1.8,0.0,0.0,1.8,LIGHT RASH,SUMMARY OF DAILY PCPN 2017 ILOILO.pdf,9
2017-09-17,0.0,0.0,0.0,0.0,0.0,,SUMMARY OF DAILY PCPN 2017 ILOILO.pdf,9
2017-09-18,0.0,0.0,0.0,19.0,19.0,LIGHT-MOD RAIN,SUMMARY OF DAILY PCPN 2017 ILOILO.pdf,9
2017-09-19,24.9,0.0,0.0,0.8,25.7,TSTM W/ MOD-HVY RASH,SUMMARY OF DAILY PCPN 2017 ILOILO.pdf,9
2017-09-20,1.2,1.4,0.0,0.0,2.6,LIGHT RASH,SUMMARY OF DAILY PCPN 2017 ILOILO.pdf,9
2017-09-21,0.0,0.0,4.0,0.0,4.0,LIGHT RASH,SUMMARY OF DAILY PCPN 2017 ILOILO.pdf,9
2017-09-22,0.0,14.2,40.2,4.6,59.0,MOD-HVY RAIN,SUMMARY OF DAILY PCPN 2017 ILOILO.pdf,9
2017-09-23,0.0,0.0,0.0,0.0,0.0,,SUMMARY OF DAILY PCPN 2017 ILOILO.pdf,9
2017-09-24,0.0,0.0,5.0,0.0,5.0,LIGHT-MOD RASH,SUMMARY OF DAILY PCPN 2017 ILOILO.pdf,9
2017-09-25,0.0,22.4,3.0,0.0,25.4,LIGHT-MOD RASH,SUMMARY OF DAILY PCPN 2017 ILOILO.pdf,9
2017-09-26,1.2,0.0,0.0,0.0,1.2,LIGHT RASH,SUMMARY OF DAILY PCPN 2017 ILOILO.pdf,9
2017-09-27,0.0,0.0,0.0,0.0,0.0,,SUMMARY OF DAILY PCPN 2017 ILOILO.pdf,9
2017-09-28,0.0,0.0,0.0,0.0,0.0,,SUMMARY OF DAILY PCPN 2017 ILOILO.pdf,9
2017-09-29,0.0,14.0,0.0,0.0,14.0,TSTM W/ HVY RASH,SUMMARY OF DAILY PCPN 2017 ILOILO.pdf,9
2017-09-30,0.6,5.2,0.0,0.0,5.8,LIGHT RAIN,SUMMARY OF DAILY PCPN 2017 ILOILO.pdf,9
2017-10-01,0.0,3.4,0.0,0.0,3.4,TSTM W/ LIGHT RASH,SUMMARY OF DAILY PCPN 2017 ILOILO.pdf,10
2017-10-02,0.0,0.4,0.0,0.0,0.4,LIGHT RASH,SUMMARY OF DAILY PCPN 2017 ILOILO.pdf,10
2017-10-03,0.0,0.0,0.0,0.0,0.0,LIGHT RASH,SUMMARY OF DAILY PCPN 2017 ILOILO.pdf,10
2017-10-04,0.0,0.0,0.0,0.0,0.0,,SUMMARY OF DAILY PCPN 2017 ILOILO.pdf,10
2017-10-05,0.0,0.0,0.0,0.0,0.0,,SUMMARY OF DAILY PCPN 2017 ILOILO.pdf,10
2017-10-06,0.0,2.0,0.0,0.0,2.0,LIGHT RASH,SUMMARY OF DAILY PCPN 2017 ILOILO.pdf,10
2017-10-07,0.0,0.6,0.0,0.0,0.6,LIGHT RASH,SUMMARY OF DAILY PCPN 2017 ILOILO.pdf,10
2017-10-08,0.4,0.0,10.0,6.2,16.6,LIGHT-MOD RAIN,SUMMARY OF DAILY PCPN 2017 ILOILO.pdf,10
2017-10-09,0.2,0.0,0.0,0.0,0.2,LIGHT RASH,SUMMARY OF DAILY PCPN 2017 ILOILO.pdf,10
2017-10-10,0.0,0.0,0.0,0.0,0.0,LIGHT RASH,SUMMARY OF DAILY PCPN 2017 ILOILO.pdf,10
2017-10-11,0.0,5.8,0.0,0.4,6.2,LIGHT RASH,SUMMARY OF DAILY PCPN 2017 ILOILO.pdf,10
2017-10-12,0.0,0.0,0.2,6.6,6.8,,SUMMARY OF DAILY PCPN 2017 ILOILO.pdf,10
2017-10-13,2.8,5.6,58.5,9.8,76.7,TSTM W/ LIGHT-MOD & OCNL HVY RASH,SUMMARY OF DAILY PCPN 2017 ILOILO.pdf,10
2017-10-14,39.0,22.6,7.0,3.0,71.6,LIGHT-MOD W/HVY RAIN,SUMMARY OF DAILY PCPN 2017 ILOILO.pdf,10
2017-10-15,0.4,5.4,0.6,0.0,6.4,LIGHT-MOD RASH,SUMMARY OF DAILY PCPN 2017 ILOILO.pdf,10
2017-10-16,0.0,0.0,0.0,0.0,0.0,,SUMMARY OF DAILY PCPN 2017 ILOILO.pdf,10
2017-10-17,0.0,0.0,0.0,0.0,0.0,LIGHT RASH,SUMMARY OF DAILY PCPN 2017 ILOILO.pdf,10
2017-10-18,2.0,5.0,1.8,0.0,8.8,LIGHT-MOD RASH,SUMMARY OF DAILY PCPN 2017 ILOILO.pdf,10
2017-10-19,1.2,5.8,43.0,0.6,50.6,LIGHT-MOD W/HVY RAIN,SUMMARY OF DAILY PCPN 2017 ILOILO.pdf,10
2017-10-20,7.4,6.6,0.0,0.0,14.0,LIGHT-MOD RAIN,SUMMARY OF DAILY PCPN 2017 ILOILO.pdf,10
2017-10-21,10.8,1.8,4.0,9.8,26.4,LIGHT-MOD RAIN,SUMMARY OF DAILY PCPN 2017 ILOILO.pdf,10
2017-10-22,0.0,0.0,0.6,0.0,0.6,LIGHT RASH,SUMMARY OF DAILY PCPN 2017 ILOILO.pdf,10
2017-10-23,0.0,0.0,0.0,0.0,0.0,,SUMMARY OF DAILY PCPN 2017 ILOILO.pdf,10
2017-10-24,3.4,31.8,0.0,0.0,35.2,LIGHT-MOD RASH,SUMMARY OF DAILY PCPN 2017 ILOILO.pdf,10
2017-10-25,0.3,0.0,0.0,0.0,0.3,LIGHT RASH,SUMMARY OF DAILY PCPN 2017 ILOILO.pdf,10
2017-10-26,0.0,5.0,0.0,0.0,5.0,LIGHT-MOD RASH,SUMMARY OF DAILY PCPN 2017 ILOILO.pdf,10
2017-10-27,0.0,0.0,0.0,0.0,0.0,LIGHT RASH,SUMMARY OF DAILY PCPN 2017 ILOILO.pdf,10
2017-10-28,20.4,0.0,0.0,0.0,20.4,TORR RASH,SUMMARY OF DAILY PCPN 2017 ILOILO.pdf,10
2017-10-29,0.0,0.0,0.0,0.0,0.0,,SUMMARY OF DAILY PCPN 2017 ILOILO.pdf,10
2017-10-30,0.0,0.0,5.0,1.0,6.0,LIGHT-MOD RASH,SUMMARY OF DAILY PCPN 2017 ILOILO.pdf,10
2017-10-31,4.2,9.4,3.6,9.8,27.0,LIGHT-MOD W/HVY RAIN,SUMMARY OF DAILY PCPN 2017 ILOILO.pdf,10
2017-11-01,0.0,38.2,0.0,0.0,38.2,TSTM W/ INTENSE RASH,SUMMARY OF DAILY PCPN 2017 ILOILO.pdf,11
2017-11-02,0.0,0.0,4.0,0.0,4.0,LIGHT-MOD RASH,SUMMARY OF DAILY PCPN 2017 ILOILO.pdf,11
2017-11-03,0.0,0.0,0.0,0.0,0.0,,SUMMARY OF DAILY PCPN 2017 ILOILO.pdf,11
2017-11-04,0.0,0.0,0.0,0.0,0.0,LIGHT RASH,SUMMARY OF DAILY PCPN 2017 ILOILO.pdf,11
2017-11-05,0.0,0.0,0.0,0.0,0.0,,SUMMARY OF DAILY PCPN 2017 ILOILO.pdf,11
2017-11-06,0.0,0.0,0.0,5.4,5.4,MOD RASH,SUMMARY OF DAILY PCPN 2017 ILOILO.pdf,11
2017-11-07,0.0,2.0,91.0,8.0,101.0,TSTM W/ TORRENTIAL RAIN,SUMMARY OF DAILY PCPN 2017 ILOILO.pdf,11
2017-11-08,0.0,0.0,0.0,0.0,0.0,,SUMMARY OF DAILY PCPN 2017 ILOILO.pdf,11
2017-11-09,0.0,0.6,0.0,0.0,0.6,LIGHT RASH,SUMMARY OF DAILY PCPN 2017 ILOILO.pdf,11
2017-11-10,0.0,0.0,0.0,0.0,0.0,,SUMMARY OF DAILY PCPN 2017 ILOILO.pdf,11
2017-11-11,0.0,0.0,0.0,2.0,2.0,LIGHT RASH,SUMMARY OF DAILY PCPN 2017 ILOILO.pdf,11
2017-11-12,0.0,0.0,0.0,0.0,0.0,LIGHT RASH,SUMMARY OF DAILY PCPN 2017 ILOILO.pdf,11
2017-11-13,0.0,0.0,0.0,0.0,0.0,,SUMMARY OF DAILY PCPN 2017 ILOILO.pdf,11
2017-11-14,0.0,0.0,0.0,0.0,0.0,,SUMMARY OF DAILY PCPN 2017 ILOILO.pdf,11
2017-11-15,0.0,0.0,0.0,0.0,0.0,,SUMMARY OF DAILY PCPN 2017 ILOILO.pdf,11
2017-11-16,0.0,0.0,3.6,0.0,3.6,LIGHT RASH,SUMMARY OF DAILY PCPN 2017 ILOILO.pdf,11
2017-11-17,0.5,0.0,0.0,0.0,0.5,LIGHT RASH,SUMMARY OF DAILY PCPN 2017 ILOILO.pdf,11
2017-11-18,0.0,0.0,0.0,0.4,0.4,LIGHT RASH,SUMMARY OF DAILY PCPN 2017 ILOILO.pdf,11
2017-11-19,0.0,0.0,0.2,0.0,0.2,LIGHT RASH,SUMMARY OF DAILY PCPN 2017 ILOILO.pdf,11
2017-11-20,0.0,0.0,0.0,0.0,0.0,LIGHT RASH,SUMMARY OF DAILY PCPN 2017 ILOILO.pdf,11
2017-11-21,0.0,0.0,0.0,0.0,0.0,,SUMMARY OF DAILY PCPN 2017 ILOILO.pdf,11
2017-11-22,0.6,0.0,18.0,0.0,18.6,TSTM W/ HEAVY RASH,SUMMARY OF DAILY PCPN 2017 ILOILO.pdf,11
2017-11-23,0.0,0.0,0.0,0.0,0.0,,SUMMARY OF DAILY PCPN 2017 ILOILO.pdf,11
2017-11-24,0.6,0.0,0.0,0.0,0.6,LIGHT RASH,SUMMARY OF DAILY PCPN 2017 ILOILO.pdf,11
2017-11-25,0.0,0.0,0.0,0.2,0.2,LIGHT RASH,SUMMARY OF DAILY PCPN 2017 ILOILO.pdf,11
2017-11-26,0.0,0.0,0.0,0.0,0.0,LIGHT RASH,SUMMARY OF DAILY PCPN 2017 ILOILO.pdf,11
2017-11-27,0.0,12.2,0.0,6.0,18.2,TSTM W/ MOD RASH,SUMMARY OF DAILY PCPN 2017 ILOILO.pdf,11
2017-11-28,0.0,0.0,0.0,8.0,8.0,TSTM W/ LIGHT-MOD RASH,SUMMARY OF DAILY PCPN 2017 ILOILO.pdf,11
2017-11-29,17.8,0.0,0.0,0.0,17.8,MOD-HVY RAIN,SUMMARY OF DAILY PCPN 2017 ILOILO.pdf,11
2017-11-30,0.0,0.0,0.0,0.0,0.0,,SUMMARY OF DAILY PCPN 2017 ILOILO.pdf,11
2017-12-01,0.0,0.0,0.0,0.0,0.0,,SUMMARY OF DAILY PCPN 2017 ILOILO.pdf,12
2017-12-02,0.0,0.0,0.0,0.0,0.0,LIGHT RASH,SUMMARY OF DAILY PCPN 2017 ILOILO.pdf,12
2017-12-03,0.0,0.0,0.0,0.0,0.0,,SUMMARY OF DAILY PCPN 2017 ILOILO.pdf,12
2017-12-04,0.0,0.0,0.0,0.0,0.0,,SUMMARY OF DAILY PCPN 2017 ILOILO.pdf,12
2017-12-05,0.0,8.0,12.4,8.2,28.6,LIGHT-MOD RASH,SUMMARY OF DAILY PCPN 2017 ILOILO.pdf,12
2017-12-06,0.0,0.0,0.0,0.0,0.0,,SUMMARY OF DAILY PCPN 2017 ILOILO.pdf,12
2017-12-07,1.2,0.0,0.0,0.0,1.2,LIGHT RASH,SUMMARY OF DAILY PCPN 2017 ILOILO.pdf,12
2017-12-08,0.0,0.4,0.0,0.0,0.4,LIGHT RASH,SUMMARY OF DAILY PCPN 2017 ILOILO.pdf,12
2017-12-09,0.0,0.0,0.0,0.0,0.0,,SUMMARY OF DAILY PCPN 2017 ILOILO.pdf,12
2017-12-10,0.0,0.0,0.0,0.0,0.0,,SUMMARY OF DAILY PCPN 2017 ILOILO.pdf,12
2017-12-11,0.0,35.2,15.8,0.0,51.0,TSTM W/ INTENSE RASH; MOD-HVY RAIN,SUMMARY OF DAILY PCPN 2017 ILOILO.pdf,12
2017-12-12,0.0,0.0,0.0,0.0,0.0,LIGHT RASH,SUMMARY OF DAILY PCPN 2017 ILOILO.pdf,12
2017-12-13,0.0,3.6,0.0,0.2,3.8,LIGHT RASH,SUMMARY OF DAILY PCPN 2017 ILOILO.pdf,12
2017-12-14,0.0,0.0,0.0,0.0,0.0,LIGHT RASH,SUMMARY OF DAILY PCPN 2017 ILOILO.pdf,12
2017-12-15,0.4,0.2,0.2,0.8,1.6,LIGHT RAIN,SUMMARY OF DAILY PCPN 2017 ILOILO.pdf,12
2017-12-16,7.6,12.0,2.2,0.8,22.6,LIGHT-MOD RAIN,SUMMARY OF DAILY PCPN 2017 ILOILO.pdf,12
2017-12-17,0.2,0.0,0.0,0.0,0.2,LIGHT RASH,SUMMARY OF DAILY PCPN 2017 ILOILO.pdf,12
2017-12-18,0.0,0.0,0.0,0.0,0.0,,SUMMARY OF DAILY PCPN 2017 ILOILO.pdf,12
2017-12-19,0.0,0.0,0.0,0.0,0.0,,SUMMARY OF DAILY PCPN 2017 ILOILO.pdf,12
2017-12-20,0.0,0.0,0.0,0.0,0.0,LIGHT RASH,SUMMARY OF DAILY PCPN 2017 ILOILO.pdf,12
2017-12-21,0.0,0.0,29.0,0.0,29.0,LIGHT-MOD RASH,SUMMARY OF DAILY PCPN 2017 ILOILO.pdf,12
2017-12-22,1.0,0.0,0.0,1.2,2.2,LIGHT RASH,SUMMARY OF DAILY PCPN 2017 ILOILO.pdf,12
2017-12-23,0.0,0.0,0.0,0.0,0.0,,SUMMARY OF DAILY PCPN 2017 ILOILO.pdf,12
2017-12-24,0.0,0.0,0.0,0.0,0.0,LIGHT RASH,SUMMARY OF DAILY PCPN 2017 ILOILO.pdf,12
2017-12-25,0.0,0.0,0.0,0.0,0.0,,SUMMARY OF DAILY PCPN 2017 ILOILO.pdf,12
2017-12-26,0.0,0.0,2.2,0.0,2.2,LIGHT RASH,SUMMARY OF DAILY PCPN 2017 ILOILO.pdf,12
2017-12-27,0.0,0.0,0.0,0.0,0.0,,SUMMARY OF DAILY PCPN 2017 ILOILO.pdf,12
2017-12-28,0.0,1.2,5.8,0.0,7.0,LIGHT RASH,SUMMARY OF DAILY PCPN 2017 ILOILO.pdf,12
2017-12-29,0.0,0.0,0.0,0.0,0.0,LIGHT RASH,SUMMARY OF DAILY PCPN 2017 ILOILO.pdf,12
2017-12-30,0.0,0.0,1.6,0.0,1.6,LIGHT RASH,SUMMARY OF DAILY PCPN 2017 ILOILO.pdf,12
2017-12-31,0.8,0.0,0.0,0.0,0.8,LIGHT RASH,SUMMARY OF DAILY PCPN 2017 ILOILO.pdf,12
2018-01-01,0.4,3.4,8.2,20.2,32.2,LGT-MOD W/ OCASSIONAL HVY RAIN,SUMMARY OF DAILY PCPN 2018 ILOILO.pdf,1
2018-01-02,6.0,0.0,0.0,0.0,6.0,LIGHT RASH,SUMMARY OF DAILY PCPN 2018 ILOILO.pdf,1
2018-01-03,0.0,0.0,0.0,0.0,0.0,,SUMMARY OF DAILY PCPN 2018 ILOILO.pdf,1
2018-01-04,0.0,0.0,0.0,0.0,0.0,,SUMMARY OF DAILY PCPN 2018 ILOILO.pdf,1
2018-01-05,0.0,0.5,17.3,0.0,17.8,LGT RASH; TSTM W/ MOD-HVY RASH,SUMMARY OF DAILY PCPN 2018 ILOILO.pdf,1
2018-01-06,0.0,0.0,0.0,0.0,0.0,,SUMMARY OF DAILY PCPN 2018 ILOILO.pdf,1
2018-01-07,0.0,1.2,0.0,0.0,1.2,LGT RASH,SUMMARY OF DAILY PCPN 2018 ILOILO.pdf,1
2018-01-08,0.0,0.0,0.0,0.0,0.0,,SUMMARY OF DAILY PCPN 2018 ILOILO.pdf,1
2018-01-09,0.0,0.0,0.0,0.0,0.0,LIGHT RASH,SUMMARY OF DAILY PCPN 2018 ILOILO.pdf,1
2018-01-10,0.0,0.0,0.6,2.0,2.6,LIGHT RASH,SUMMARY OF DAILY PCPN 2018 ILOILO.pdf,1
2018-01-11,0.0,0.0,0.0,0.0,0.0,LIGHT RASH,SUMMARY OF DAILY PCPN 2018 ILOILO.pdf,1
2018-01-12,0.0,0.0,1.6,1.9,3.5,LIGHT RASH,SUMMARY OF DAILY PCPN 2018 ILOILO.pdf,1
2018-01-13,0.0,0.0,0.6,0.0,0.6,LIGHT RASH,SUMMARY OF DAILY PCPN 2018 ILOILO.pdf,1
2018-01-14,0.6,0.6,1.0,1.0,3.2,LIGHT RASH,SUMMARY OF DAILY PCPN 2018 ILOILO.pdf,1
2018-01-15,1.2,2.8,0.0,0.0,4.0,LIGHT RASH,SUMMARY OF DAILY PCPN 2018 ILOILO.pdf,1
2018-01-16,6.8,11.4,0.0,0.0,18.2,LIGHT - MOD RAIN,SUMMARY OF DAILY PCPN 2018 ILOILO.pdf,1
2018-01-17,0.0,0.0,0.0,0.0,0.0,,SUMMARY OF DAILY PCPN 2018 ILOILO.pdf,1
2018-01-18,0.0,0.0,0.0,0.4,0.4,LIGHT RASH,SUMMARY OF DAILY PCPN 2018 ILOILO.pdf,1
2018-01-19,0.0,0.0,0.0,0.0,0.0,LIGHT RASH,SUMMARY OF DAILY PCPN 2018 ILOILO.pdf,1
2018-01-20,0.4,0.0,3.2,0.0,3.6,TSTM W/ LGT-MOD RASH,SUMMARY OF DAILY PCPN 2018 ILOILO.pdf,1
2018-01-21,0.0,0.0,0.0,0.0,0.0,,SUMMARY OF DAILY PCPN 2018 ILOILO.pdf,1
2018-01-22,0.0,1.0,0.0,3.6,4.6,LIGHT RASH,SUMMARY OF DAILY PCPN 2018 ILOILO.pdf,1
2018-01-23,0.0,0.0,0.0,0.0,0.0,,SUMMARY OF DAILY PCPN 2018 ILOILO.pdf,1
2018-01-24,0.0,0.0,0.0,0.0,0.0,,SUMMARY OF DAILY PCPN 2018 ILOILO.pdf,1
2018-01-25,0.0,0.0,0.0,0.0,0.0,,SUMMARY OF DAILY PCPN 2018 ILOILO.pdf,1
2018-01-26,0.0,0.0,0.0,0.0,0.0,,SUMMARY OF DAILY PCPN 2018 ILOILO.pdf,1
2018-01-27,0.0,0.0,0.0,0.0,0.0,LIGHT RASH,SUMMARY OF DAILY PCPN 2018 ILOILO.pdf,1
2018-01-28,0.0,0.0,0.0,0.0,0.0,LIGHT RASH,SUMMARY OF DAILY PCPN 2018 ILOILO.pdf,1
2018-01-29,0.0,0.0,0.0,0.0,0.0,,SUMMARY OF DAILY PCPN 2018 ILOILO.pdf,1
2018-01-30,0.0,0.0,0.0,0.0,0.0,,SUMMARY OF DAILY PCPN 2018 ILOILO.pdf,1
2018-01-31,0.0,0.0,0.0,0.0,0.0,,SUMMARY OF DAILY PCPN 2018 ILOILO.pdf,1
2018-02-01,0.0,0.0,0.0,0.0,0.0,,SUMMARY OF DAILY PCPN 2018 ILOILO.pdf,2
2018-02-02,0.0,6.2,0.0,0.1,6.3,LIGHT - MOD RAIN,SUMMARY OF DAILY PCPN 2018 ILOILO.pdf,2
2018-02-03,1.4,6.8,0.0,0.0,8.2,LIGHT - MOD RAIN,SUMMARY OF DAILY PCPN 2018 ILOILO.pdf,2
2018-02-04,0.4,4.8,0.0,0.0,5.4,LIGHT - MOD RAIN,SUMMARY OF DAILY PCPN 2018 ILOILO.pdf,2
2018-02-05,0.2,0.0,0.0,0.0,0.2,LIGHT - MOD RAIN,SUMMARY OF DAILY PCPN 2018 ILOILO.pdf,2
2018-02-06,0.0,0.0,0.0,0.0,0.0,,SUMMARY OF DAILY PCPN 2018 ILOILO.pdf,2
2018-02-07,0.0,0.0,0.0,0.0,0.0,,SUMMARY OF DAILY PCPN 2018 ILOILO.pdf,2
2018-02-08,0.0,0.0,0.0,0.0,0.0,,SUMMARY OF DAILY PCPN 2018 ILOILO.pdf,2
2018-02-09,0.0,0.0,0.0,0.0,0.0,,SUMMARY OF DAILY PCPN 2018 ILOILO.pdf,2
2018-02-10,0.0,0.0,0.0,0.0,0.0,,SUMMARY OF DAILY PCPN 2018 ILOILO.pdf,2
2018-02-11,0.0,0.0,0.0,0.6,0.6,LIGHT RAIN,SUMMARY OF DAILY PCPN 2018 ILOILO.pdf,2
2018-02-12,10.0,1.4,5.0,24.2,40.6,MOD-HVY RAIN,SUMMARY OF DAILY PCPN 2018 ILOILO.pdf,2
2018-02-13,1.8,1.0,16.4,0.0,19.2,LGT-MOD W/ OCASSIONAL HVY RAIN,SUMMARY OF DAILY PCPN 2018 ILOILO.pdf,2
2018-02-14,0.0,0.0,0.0,0.0,0.0,,SUMMARY OF DAILY PCPN 2018 ILOILO.pdf,2
2018-02-15,0.0,0.0,0.0,0.0,0.0,,SUMMARY OF DAILY PCPN 2018 ILOILO.pdf,2
2018-02-16,0.0,0.0,0.0,0.0,0.0,,SUMMARY OF DAILY PCPN 2018 ILOILO.pdf,2
2018-02-17,0.0,0.0,0.0,0.0,0.0,,SUMMARY OF DAILY PCPN 2018 ILOILO.pdf,2
2018-02-18,0.0,0.0,0.0,0.0,0.0,,SUMMARY OF DAILY PCPN 2018 ILOILO.pdf,2
2018-02-19,0.0,0.0,34.2,0.0,34.2,MOD-HVY RAIN,SUMMARY OF DAILY PCPN 2018 ILOILO.pdf,2
2018-02-20,0.0,0.0,0.0,0.0,0.0,,SUMMARY OF DAILY PCPN 2018 ILOILO.pdf,2
2018-02-21,0.0,0.0,0.0,0.0,0.0,,SUMMARY OF DAILY PCPN 2018 ILOILO.pdf,2
2018-02-22,0.0,0.0,0.0,0.0,0.0,,SUMMARY OF DAILY PCPN 2018 ILOILO.pdf,2
2018-02-23,0.0,0.0,0.0,0.0,0.0,,SUMMARY OF DAILY PCPN 2018 ILOILO.pdf,2
2018-02-24,0.0,0.0,7.8,0.0,7.8,LIGHT - MOD RAIN,SUMMARY OF DAILY PCPN 2018 ILOILO.pdf,2
2018-02-25,0.0,0.0,0.0,0.0,0.0,,SUMMARY OF DAILY PCPN 2018 ILOILO.pdf,2
2018-02-26,0.0,0.0,0.4,0.0,0.4,LIGHT RAIN,SUMMARY OF DAILY PCPN 2018 ILOILO.pdf,2
2018-02-27,0.0,0.0,0.0,0.0,0.0,,SUMMARY OF DAILY PCPN 2018 ILOILO.pdf,2
2018-02-28,0.0,0.0,0.0,0.0,0.0,,SUMMARY OF DAILY PCPN 2018 ILOILO.pdf,2
2018-03-01,0.0,0.0,0.0,0.0,0.0,,SUMMARY OF DAILY PCPN 2018 ILOILO.pdf,3
2018-03-02,0.0,0.0,0.0,0.0,0.0,,SUMMARY OF DAILY PCPN 2018 ILOILO.pdf,3
2018-03-03,0.0,0.0,0.0,0.0,0.0,,SUMMARY OF DAILY PCPN 2018 ILOILO.pdf,3
2018-03-04,0.0,0.0,0.0,0.0,0.0,,SUMMARY OF DAILY PCPN 2018 ILOILO.pdf,3
2018-03-05,0.0,0.0,0.0,0.0,0.0,,SUMMARY OF DAILY PCPN 2018 ILOILO.pdf,3
2018-03-06,0.0,0.0,9.4,0.0,9.4,LGT-MOD RASH,SUMMARY OF DAILY PCPN 2018 ILOILO.pdf,3
2018-03-07,0.0,0.0,0.0,0.0,0.0,,SUMMARY OF DAILY PCPN 2018 ILOILO.pdf,3
2018-03-08,0.0,0.0,0.0,0.0,0.0,,SUMMARY OF DAILY PCPN 2018 ILOILO.pdf,3
2018-03-09,0.0,0.0,0.0,0.0,0.0,,SUMMARY OF DAILY PCPN 2018 ILOILO.pdf,3
2018-03-10,0.0,0.0,7.2,28.6,35.8,LGT-MOD W/ OCNL HVY RASH,SUMMARY OF DAILY PCPN 2018 ILOILO.pdf,3
2018-03-11,0.0,0.0,8.0,0.0,8.0,LGT-MOD RASH,SUMMARY OF DAILY PCPN 2018 ILOILO.pdf,3
2018-03-12,0.5,0.0,6.8,0.0,7.3,LGT-MOD RASH,SUMMARY OF DAILY PCPN 2018 ILOILO.pdf,3
2018-03-13,2.3,0.0,0.0,0.0,2.3,LGT-MOD RASH,SUMMARY OF DAILY PCPN 2018 ILOILO.pdf,3
2018-03-14,0.0,0.0,0.0,0.0,0.0,,SUMMARY OF DAILY PCPN 2018 ILOILO.pdf,3
2018-03-15,0.0,0.0,0.0,0.0,0.0,,SUMMARY OF DAILY PCPN 2018 ILOILO.pdf,3
2018-03-16,0.0,0.0,0.0,0.0,0.0,,SUMMARY OF DAILY PCPN 2018 ILOILO.pdf,3
2018-03-17,0.0,0.0,0.0,0.0,0.0,,SUMMARY OF DAILY PCPN 2018 ILOILO.pdf,3
2018-03-18,0.0,0.0,0.0,0.0,0.0,,SUMMARY OF DAILY PCPN 2018 ILOILO.pdf,3
2018-03-19,0.0,0.0,0.0,0.0,0.0,,SUMMARY OF DAILY PCPN 2018 ILOILO.pdf,3
2018-03-20,0.0,0.0,0.0,0.0,0.0,,SUMMARY OF DAILY PCPN 2018 ILOILO.pdf,3
2018-03-21,0.0,0.0,0.0,0.0,0.0,LIGHT RASH,SUMMARY OF DAILY PCPN 2018 ILOILO.pdf,3
2018-03-22,0.0,0.0,0.0,0.0,0.0,,SUMMARY OF DAILY PCPN 2018 ILOILO.pdf,3
2018-03-23,0.0,10.6,0.0,0.0,10.6,LIGHT-MODERATE RASH,SUMMARY OF DAILY PCPN 2018 ILOILO.pdf,3
2018-03-24,1.0,0.0,0.0,0.0,1.0,LIGHT RASH,SUMMARY OF DAILY PCPN 2018 ILOILO.pdf,3
2018-03-25,0.0,0.0,0.0,0.0,0.0,,SUMMARY OF DAILY PCPN 2018 ILOILO.pdf,3
2018-03-26,0.0,0.0,0.0,0.0,0.0,,SUMMARY OF DAILY PCPN 2018 ILOILO.pdf,3
2018-03-27,0.0,0.0,0.0,0.0,0.0,,SUMMARY OF DAILY PCPN 2018 ILOILO.pdf,3
2018-03-28,0.0,7.8,0.0,0.0,7.8,HEAVY RASH,SUMMARY OF DAILY PCPN 2018 ILOILO.pdf,3
2018-03-29,0.0,33.4,0.0,0.0,33.4,TORRENTIAL RAIN,SUMMARY OF DAILY PCPN 2018 ILOILO.pdf,3
2018-03-30,0.0,0.0,0.0,0.0,0.0,,SUMMARY OF DAILY PCPN 2018 ILOILO.pdf,3
2018-03-31,0.0,0.0,0.0,0.0,0.0,,SUMMARY OF DAILY PCPN 2018 ILOILO.pdf,3
2018-04-01,0.0,0.0,0.0,0.0,0.0,,SUMMARY OF DAILY PCPN 2018 ILOILO.pdf,4
2018-04-02,0.0,0.0,0.0,0.0,0.0,,SUMMARY OF DAILY PCPN 2018 ILOILO.pdf,4
2018-04-03,0.0,0.0,0.0,0.0,0.0,LIGHT RASH,SUMMARY OF DAILY PCPN 2018 ILOILO.pdf,4
2018-04-04,0.0,0.0,0.0,0.0,0.0,,SUMMARY OF DAILY PCPN 2018 ILOILO.pdf,4
2018-04-05,0.0,0.0,0.0,0.0,0.0,,SUMMARY OF DAILY PCPN 2018 ILOILO.pdf,4
2018-04-06,0.0,0.0,0.0,0.0,0.0,,SUMMARY OF DAILY PCPN 2018 ILOILO.pdf,4
2018-04-07,2.6,0.0,0.0,0.0,2.6,LIGHT RASH,SUMMARY OF DAILY PCPN 2018 ILOILO.pdf,4
2018-04-08,0.0,0.0,0.0,0.0,0.0,,SUMMARY OF DAILY PCPN 2018 ILOILO.pdf,4
2018-04-09,0.0,0.0,0.0,0.0,0.0,,SUMMARY OF DAILY PCPN 2018 ILOILO.pdf,4
2018-04-10,0.0,0.0,0.0,0.0,0.0,,SUMMARY OF DAILY PCPN 2018 ILOILO.pdf,4
2018-04-11,0.0,0.0,0.0,0.0,0.0,,SUMMARY OF DAILY PCPN 2018 ILOILO.pdf,4
2018-04-12,0.0,0.0,0.0,0.0,0.0,,SUMMARY OF DAILY PCPN 2018 ILOILO.pdf,4
2018-04-13,0.0,0.0,0.0,0.0,0.0,,SUMMARY OF DAILY PCPN 2018 ILOILO.pdf,4
2018-04-14,0.0,0.0,0.0,0.0,0.0,,SUMMARY OF DAILY PCPN 2018 ILOILO.pdf,4
2018-04-15,0.0,0.0,0.0,0.0,0.0,,SUMMARY OF DAILY PCPN 2018 ILOILO.pdf,4
2018-04-16,0.0,0.0,0.0,0.0,0.0,,SUMMARY OF DAILY PCPN 2018 ILOILO.pdf,4
2018-04-17,0.0,0.0,0.0,0.0,0.0,,SUMMARY OF DAILY PCPN 2018 ILOILO.pdf,4
2018-04-18,0.0,0.0,0.0,0.0,0.0,,SUMMARY OF DAILY PCPN 2018 ILOILO.pdf,4
2018-04-19,0.0,0.0,0.0,0.0,0.0,,SUMMARY OF DAILY PCPN 2018 ILOILO.pdf,4
2018-04-20,0.0,0.0,0.0,0.0,0.0,,SUMMARY OF DAILY PCPN 2018 ILOILO.pdf,4
2018-04-21,0.0,0.0,0.0,0.0,0.0,,SUMMARY OF DAILY PCPN 2018 ILOILO.pdf,4
2018-04-22,0.0,0.0,0.0,0.0,0.0,,SUMMARY OF DAILY PCPN 2018 ILOILO.pdf,4
2018-04-23,0.0,0.0,0.0,0.0,0.0,,SUMMARY OF DAILY PCPN 2018 ILOILO.pdf,4
2018-04-24,0.0,0.0,0.0,0.0,0.0,,SUMMARY OF DAILY PCPN 2018 ILOILO.pdf,4
2018-04-25,0.0,0.0,0.0,0.0,0.0,,SUMMARY OF DAILY PCPN 2018 ILOILO.pdf,4
2018-04-26,0.0,0.0,0.0,0.3,0.3,LIGHT RASH,SUMMARY OF DAILY PCPN 2018 ILOILO.pdf,4
2018-04-27,0.0,0.0,2.0,0.0,2.0,LIGHT RASH,SUMMARY OF DAILY PCPN 2018 ILOILO.pdf,4
2018-04-28,0.0,0.0,0.0,0.0,0.0,,SUMMARY OF DAILY PCPN 2018 ILOILO.pdf,4
2018-04-29,0.0,0.0,0.0,0.0,0.0,,SUMMARY OF DAILY PCPN 2018 ILOILO.pdf,4
2018-04-30,0.0,0.0,0.0,0.0,0.0,,SUMMARY OF DAILY PCPN 2018 ILOILO.pdf,4
2018-05-01,0.0,0.0,0.0,0.0,0.0,,SUMMARY OF DAILY PCPN 2018 ILOILO.pdf,5
2018-05-02,0.0,0.0,0.0,1.4,1.4,LIGHT RASH,SUMMARY OF DAILY PCPN 2018 ILOILO.pdf,5
2018-05-03,13.2,0.0,0.0,0.0,13.2,MODERATE RAIN/THUNDERSTORM,SUMMARY OF DAILY PCPN 2018 ILOILO.pdf,5
2018-05-04,0.0,0.0,0.0,0.0,0.0,,SUMMARY OF DAILY PCPN 2018 ILOILO.pdf,5
2018-05-05,0.0,0.0,0.0,0.0,0.0,LIGHT RASH,SUMMARY OF DAILY PCPN 2018 ILOILO.pdf,5
2018-05-06,0.0,0.0,0.0,0.0,0.0,,SUMMARY OF DAILY PCPN 2018 ILOILO.pdf,5
2018-05-07,0.0,0.6,0.0,0.0,0.6,LIGHT RASH,SUMMARY OF DAILY PCPN 2018 ILOILO.pdf,5
2018-05-08,0.0,6.8,0.0,0.0,6.8,MODERATE-HEAVY RASH,SUMMARY OF DAILY PCPN 2018 ILOILO.pdf,5
2018-05-09,0.0,3.2,1.4,0.0,4.6,LIGHT-MODERATE RASH W/ THUNDERSTORM,SUMMARY OF DAILY PCPN 2018 ILOILO.pdf,5
2018-05-10,0.0,0.0,0.0,0.0,0.0,,SUMMARY OF DAILY PCPN 2018 ILOILO.pdf,5
2018-05-11,0.0,0.0,0.0,0.0,0.0,,SUMMARY OF DAILY PCPN 2018 ILOILO.pdf,5
2018-05-12,0.0,0.0,0.0,0.0,0.0,,SUMMARY OF DAILY PCPN 2018 ILOILO.pdf,5
2018-05-13,0.0,0.0,0.0,0.0,0.0,,SUMMARY OF DAILY PCPN 2018 ILOILO.pdf,5
2018-05-14,0.0,4.6,0.0,0.0,4.6,LIGHT-MODERATE RASH W/ THUNDERSTORM,SUMMARY OF DAILY PCPN 2018 ILOILO.pdf,5
2018-05-15,0.0,0.0,0.0,0.0,0.0,,SUMMARY OF DAILY PCPN 2018 ILOILO.pdf,5
2018-05-16,0.0,0.0,0.0,0.0,0.0,,SUMMARY OF DAILY PCPN 2018 ILOILO.pdf,5
2018-05-17,0.0,4.8,0.0,0.0,4.8,LIGHT-MODERATE RASH,SUMMARY OF DAILY PCPN 2018 ILOILO.pdf,5
2018-05-18,0.0,0.0,0.0,0.0,0.0,LIGHT RASH,SUMMARY OF DAILY PCPN 2018 ILOILO.pdf,5
2018-05-19,0.0,0.0,0.0,0.0,0.0,,SUMMARY OF DAILY PCPN 2018 ILOILO.pdf,5
2018-05-20,0.0,0.0,0.0,0.0,0.0,,SUMMARY OF DAILY PCPN 2018 ILOILO.pdf,5
2018-05-21,0.0,15.0,0.0,0.0,15.0,MODERATE-HEAVY RASH W/ THUNDERSTORM,SUMMARY OF DAILY PCPN 2018 ILOILO.pdf,5
2018-05-22,0.0,0.0,0.0,0.0,0.0,,SUMMARY OF DAILY PCPN 2018 ILOILO.pdf,5
2018-05-23,0.0,0.0,0.0,0.0,0.0,,SUMMARY OF DAILY PCPN 2018 ILOILO.pdf,5
2018-05-24,0.0,0.0,0.0,0.0,0.0,,SUMMARY OF DAILY PCPN 2018 ILOILO.pdf,5
2018-05-25,0.0,47.2,5.2,0.0,52.4,MODERATE-HEAVY RASH W/ THUNDERSTORM,SUMMARY OF DAILY PCPN 2018 ILOILO.pdf,5
2018-05-26,0.0,2.0,5.2,0.0,2.0,MODERATE-HEAVY RASH W/ THUNDERSTORM,SUMMARY OF DAILY PCPN 2018 ILOILO.pdf,5
2018-05-27,0.0,0.0,0.0,0.0,0.0,,SUMMARY OF DAILY PCPN 2018 ILOILO.pdf,5
2018-05-28,0.0,0.0,3.4,0.0,3.4,LIGHT-MODERATE RASH W/ THUNDERSTORM,SUMMARY OF DAILY PCPN 2018 ILOILO.pdf,5
2018-05-29,0.0,0.0,0.2,0.8,1.0,LIGHT RASH,SUMMARY OF DAILY PCPN 2018 ILOILO.pdf,5
2018-05-30,0.0,6.6,0.0,0.0,6.6,LIGHT-MODERATE RASH W/ THUNDERSTORM,SUMMARY OF DAILY PCPN 2018 ILOILO.pdf,5
2018-05-31,0.0,0.0,20.2,0.0,20.2,HEAVY RASH W/ THUNDERSTORM,SUMMARY OF DAILY PCPN 2018 ILOILO.pdf,5
2018-06-01,0.0,0.0,3.0,1.5,4.5,LIGHT -MOD RASH,SUMMARY OF DAILY PCPN 2018 ILOILO.pdf,6
2018-06-02,0.6,0.0,0.0,0.0,0.6,LIGHT RASH,SUMMARY OF DAILY PCPN 2018 ILOILO.pdf,6
2018-06-03,0.0,0.0,0.0,0.0,0.0,,SUMMARY OF DAILY PCPN 2018 ILOILO.pdf,6
2018-06-04,0.0,0.0,0.0,0.0,0.0,,SUMMARY OF DAILY PCPN 2018 ILOILO.pdf,6
2018-06-05,0.0,21.0,5.8,0.0,26.8,TSTM W/ INTENSE RASH,SUMMARY OF DAILY PCPN 2018 ILOILO.pdf,6
2018-06-06,0.0,0.0,0.0,0.0,0.0,LIGHT RASH,SUMMARY OF DAILY PCPN 2018 ILOILO.pdf,6
2018-06-07,3.6,0.0,29.4,8.6,41.6,LIGHT-MOD W/ OCCASIONAL HEAVY RAIN,SUMMARY OF DAILY PCPN 2018 ILOILO.pdf,6
2018-06-08,12.0,56.4,21.0,53.6,143.0,TSTM W/ HEAVY RASH,SUMMARY OF DAILY PCPN 2018 ILOILO.pdf,6
2018-06-09,0.0,2.6,23.5,0.0,26.1,MODERATE-HEAVY W/ OCASSINAL INTENSE RAIN,SUMMARY OF DAILY PCPN 2018 ILOILO.pdf,6
2018-06-10,2.6,1.6,4.4,0.0,8.6,LIGHT-MOD RASH,SUMMARY OF DAILY PCPN 2018 ILOILO.pdf,6
2018-06-11,0.0,0.0,0.0,0.0,0.0,,SUMMARY OF DAILY PCPN 2018 ILOILO.pdf,6
2018-06-12,0.0,0.0,0.0,3.6,3.6,LIGHT-MOD RASH,SUMMARY OF DAILY PCPN 2018 ILOILO.pdf,6
2018-06-13,0.0,0.0,0.0,0.0,0.0,LIGHT RASH,SUMMARY OF DAILY PCPN 2018 ILOILO.pdf,6
2018-06-14,0.0,0.0,0.0,8.5,8.5,HEAVY RASH,SUMMARY OF DAILY PCPN 2018 ILOILO.pdf,6
2018-06-15,4.2,0.2,0.0,0.0,4.4,LIGHT RASH,SUMMARY OF DAILY PCPN 2018 ILOILO.pdf,6
2018-06-16,0.0,0.0,1.4,110.8,112.2,TSTM W/ INTENSE RAIN,SUMMARY OF DAILY PCPN 2018 ILOILO.pdf,6
2018-06-17,9.8,2.6,0.0,0.0,12.4,LIGHT-MOD RASH,SUMMARY OF DAILY PCPN 2018 ILOILO.pdf,6
2018-06-18,4.4,0.0,0.0,0.0,4.4,LIGHT RASH,SUMMARY OF DAILY PCPN 2018 ILOILO.pdf,6
2018-06-19,0.0,0.0,0.0,0.0,0.0,LIGHT RASH,SUMMARY OF DAILY PCPN 2018 ILOILO.pdf,6
2018-06-20,0.0,0.0,0.6,0.0,0.6,LIGHT RASH,SUMMARY OF DAILY PCPN 2018 ILOILO.pdf,6
2018-06-21,0.4,0.0,0.0,0.0,0.4,TSTM W/ LIGHT RASH,SUMMARY OF DAILY PCPN 2018 ILOILO.pdf,6
2018-06-22,0.0,0.0,0.0,0.0,0.0,,SUMMARY OF DAILY PCPN 2018 ILOILO.pdf,6
2018-06-23,0.2,0.0,0.0,0.0,0.2,LIGHT RASH,SUMMARY OF DAILY PCPN 2018 ILOILO.pdf,6
2018-06-24,0.0,10.0,0.0,0.0,10.0,TSTM W/ MOD-HEAVY RASH,SUMMARY OF DAILY PCPN 2018 ILOILO.pdf,6
2018-06-25,0.0,0.0,0.0,0.0,0.0,LIGHT RASH,SUMMARY OF DAILY PCPN 2018 ILOILO.pdf,6
2018-06-26,0.0,2.0,0.0,0.0,2.0,LIGHT RASH,SUMMARY OF DAILY PCPN 2018 ILOILO.pdf,6
2018-06-27,0.0,0.0,0.0,0.0,0.0,,SUMMARY OF DAILY PCPN 2018 ILOILO.pdf,6
2018-06-28,0.0,17.2,0.0,0.0,17.2,HEAVY RASH,SUMMARY OF DAILY PCPN 2018 ILOILO.pdf,6
2018-06-29,0.0,0.0,0.0,0.0,0.0,,SUMMARY OF DAILY PCPN 2018 ILOILO.pdf,6
2018-06-30,0.0,0.0,0.0,28.0,28.0,TSTM W/ HEAVY RASH,SUMMARY OF DAILY PCPN 2018 ILOILO.pdf,6
2018-07-01,0.0,0.0,0.0,0.0,0.0,,SUMMARY OF DAILY PCPN 2018 ILOILO.pdf,7
2018-07-02,0.0,0.0,0.0,0.0,0.0,,SUMMARY OF DAILY PCPN 2018 ILOILO.pdf,7
2018-07-03,0.0,0.0,0.0,0.0,0.0,,SUMMARY OF DAILY PCPN 2018 ILOILO.pdf,7
2018-07-04,0.0,0.0,0.0,0.0,0.0,,SUMMARY OF DAILY PCPN 2018 ILOILO.pdf,7
2018-07-05,0.0,0.0,1.0,8.0,9.0,LIGHT CONTINUOUS RAIN,SUMMARY OF DAILY PCPN 2018 ILOILO.pdf,7
2018-07-06,7.6,1.8,4.8,6.8,21.0,LIGHT CONTINUOUS RAIN,SUMMARY OF DAILY PCPN 2018 ILOILO.pdf,7
2018-07-07,0.3,0.2,0.0,41.5,42.0,THUNDERSTORM W/ INTENSE RAIN,SUMMARY OF DAILY PCPN 2018 ILOILO.pdf,7
2018-07-08,0.4,26.4,11.4,1.4,39.6,THUNDERSTORM W/ MODERATE RAIN,SUMMARY OF DAILY PCPN 2018 ILOILO.pdf,7
2018-07-09,0.6,1.2,0.0,1.6,3.4,LIGHT RAIN,SUMMARY OF DAILY PCPN 2018 ILOILO.pdf,7
2018-07-10,2.8,2.2,12.8,0.0,17.8,LIGHT RASH,SUMMARY OF DAILY PCPN 2018 ILOILO.pdf,7
2018-07-11,0.0,0.0,9.8,3.8,13.6,LIGHT CONTINUOUS RAIN,SUMMARY OF DAILY PCPN 2018 ILOILO.pdf,7
2018-07-12,0.0,0.0,11.6,3.0,14.6,INTERMITTENT LIGHT - MOD RAIN,SUMMARY OF DAILY PCPN 2018 ILOILO.pdf,7
2018-07-13,0.0,8.6,2.0,1.2,11.8,LIGHT-MODERATE RASH,SUMMARY OF DAILY PCPN 2018 ILOILO.pdf,7
2018-07-14,18.8,9.0,14.8,2.6,45.2,LIGHT-MOD & OCCASSIONAL HEAVY RAIN,SUMMARY OF DAILY PCPN 2018 ILOILO.pdf,7
2018-07-15,1.0,0.8,0.0,0.0,1.8,LIGHT RAIN,SUMMARY OF DAILY PCPN 2018 ILOILO.pdf,7
2018-07-16,1.4,5.4,3.2,26.2,36.2,LIGHT-MOD & OCCASSIONAL HEAVY RAIN,SUMMARY OF DAILY PCPN 2018 ILOILO.pdf,7
2018-07-17,44.4,9.0,6.2,1.6,61.2,LIGHT-MOD & OCCASSIONAL HEAVY RAIN,SUMMARY OF DAILY PCPN 2018 ILOILO.pdf,7
2018-07-18,5.0,5.4,6.8,4.0,21.2,CONTINOUS LIGHT-MODERATE RAIN,SUMMARY OF DAILY PCPN 2018 ILOILO.pdf,7
2018-07-19,0.0,0.0,0.0,0.0,0.0,LIGHT RAIN,SUMMARY OF DAILY PCPN 2018 ILOILO.pdf,7
2018-07-20,0.0,0.0,3.2,3.8,7.0,LIGHT-MODERATE RASH,SUMMARY OF DAILY PCPN 2018 ILOILO.pdf,7
2018-07-21,2.8,7.3,7.4,1.0,18.5,LIGHT-MODERATE RASH,SUMMARY OF DAILY PCPN 2018 ILOILO.pdf,7
2018-07-22,6.8,62.2,3.8,1.2,74.0,LIGHT-MOD & OCCASSIONAL HEAVY RAIN,SUMMARY OF DAILY PCPN 2018 ILOILO.pdf,7
2018-07-23,0.2,0.0,0.0,0.4,0.6,LIGHT RASH,SUMMARY OF DAILY PCPN 2018 ILOILO.pdf,7
2018-07-24,0.0,0.0,0.0,0.0,0.0,,SUMMARY OF DAILY PCPN 2018 ILOILO.pdf,7
2018-07-25,0.0,0.0,0.0,0.0,0.0,LIGHT RASH,SUMMARY OF DAILY PCPN 2018 ILOILO.pdf,7
2018-07-26,0.0,0.0,0.0,0.8,0.8,LIGHT RASH,SUMMARY OF DAILY PCPN 2018 ILOILO.pdf,7
2018-07-27,6.2,0.8,0.4,14.8,22.2,LIGHT-MODERATE RASH,SUMMARY OF DAILY PCPN 2018 ILOILO.pdf,7
2018-07-29,0.0,0.0,0.0,0.0,0.0,,SUMMARY OF DAILY PCPN 2018 ILOILO.pdf,7
2018-07-30,0.0,0.0,0.0,0.0,0.0,,SUMMARY OF DAILY PCPN 2018 ILOILO.pdf,7
2018-07-31,0.0,0.0,0.4,0.0,0.4,LIGHT RASH,SUMMARY OF DAILY PCPN 2018 ILOILO.pdf,7
2018-08-01,0.0,0.0,43.6,2.4,46.0,LIGHT-MOD W/ OCCASSIONAL HEAVY RAIN,SUMMARY OF DAILY PCPN 2018 ILOILO.pdf,8
2018-08-02,11.4,8.6,3.2,13.8,37.0,LIGHT-MOD W/ OCCASSIONAL HEAVY RAIN,SUMMARY OF DAILY PCPN 2018 ILOILO.pdf,8
2018-08-03,15.6,6.2,8.4,9.6,39.8,LIGHT-MOD W/ OCCASSIONAL HEAVY RAIN,SUMMARY OF DAILY PCPN 2018 ILOILO.pdf,8
2018-08-04,10.8,32.4,19.8,13.2,76.2,LIGHT-MOD W/ OCCASSIONAL HEAVY RAIN,SUMMARY OF DAILY PCPN 2018 ILOILO.pdf,8
2018-08-05,1.0,8.0,0.0,2.8,11.8,LIGHT-MODERATE RASH,SUMMARY OF DAILY PCPN 2018 ILOILO.pdf,8
2018-08-06,0.0,16.4,1.0,0.0,17.4,LIGHT-MODERATE RASH,SUMMARY OF DAILY PCPN 2018 ILOILO.pdf,8
2018-08-07,1.0,5.0,0.0,10.6,16.6,LIGHT -MODERATE RAIN,SUMMARY OF DAILY PCPN 2018 ILOILO.pdf,8
2018-08-08,0.0,1.8,3.4,0.0,5.2,LIGHT RAIN,SUMMARY OF DAILY PCPN 2018 ILOILO.pdf,8
2018-08-09,2.2,0.0,0.0,1.6,3.8,LIGHT RASH,SUMMARY OF DAILY PCPN 2018 ILOILO.pdf,8
2018-08-10,0.0,0.0,0.0,0.0,0.0,LIGHT RASH,SUMMARY OF DAILY PCPN 2018 ILOILO.pdf,8
2018-08-11,0.0,0.0,0.0,0.0,0.0,,SUMMARY OF DAILY PCPN 2018 ILOILO.pdf,8
2018-08-12,2.2,0.0,6.2,13.4,21.8,INTERMITTENT LIGHT - MOD RAIN,SUMMARY OF DAILY PCPN 2018 ILOILO.pdf,8
2018-08-13,5.6,0.0,0.0,55.6,61.2,LIGHT - MOD W/ OCCASIONAL HEAVY RAIN,SUMMARY OF DAILY PCPN 2018 ILOILO.pdf,8
2018-08-14,8.4,0.0,0.0,0.0,8.4,LIGHT - MOD RASH,SUMMARY OF DAILY PCPN 2018 ILOILO.pdf,8
2018-08-15,0.0,0.0,0.0,0.0,0.0,,SUMMARY OF DAILY PCPN 2018 ILOILO.pdf,8
2018-08-16,0.0,0.0,0.0,0.0,0.0,,SUMMARY OF DAILY PCPN 2018 ILOILO.pdf,8
2018-08-17,0.0,65.2,0.4,0.0,65.6,TSTM W/ INTENSE RASH,SUMMARY OF DAILY PCPN 2018 ILOILO.pdf,8
2018-08-18,0.0,1.2,4.6,0.8,6.6,LIGHT RASH,SUMMARY OF DAILY PCPN 2018 ILOILO.pdf,8
2018-08-19,0.0,0.0,0.0,0.0,0.0,,SUMMARY OF DAILY PCPN 2018 ILOILO.pdf,8
2018-08-20,0.0,0.0,1.8,0.0,1.8,LIGHT RASH,SUMMARY OF DAILY PCPN 2018 ILOILO.pdf,8
2018-08-21,0.0,0.0,0.0,0.0,0.0,LIGHT RASH,SUMMARY OF DAILY PCPN 2018 ILOILO.pdf,8
2018-08-22,0.0,0.2,0.0,4.8,5.0,LIGHT RASH,SUMMARY OF DAILY PCPN 2018 ILOILO.pdf,8
2018-08-23,1.4,0.0,0.0,0.0,1.4,LIGHT RASH,SUMMARY OF DAILY PCPN 2018 ILOILO.pdf,8
2018-08-24,0.0,0.0,0.0,0.0,0.0,,SUMMARY OF DAILY PCPN 2018 ILOILO.pdf,8
2018-08-25,0.0,0.0,0.2,0.6,0.8,LIGHT RASH,SUMMARY OF DAILY PCPN 2018 ILOILO.pdf,8
2018-08-26,0.0,0.0,0.0,0.0,0.0,,SUMMARY OF DAILY PCPN 2018 ILOILO.pdf,8
2018-08-27,0.0,0.0,0.0,0.0,0.0,,SUMMARY OF DAILY PCPN 2018 ILOILO.pdf,8
2018-08-28,0.0,0.0,0.0,0.0,0.0,,SUMMARY OF DAILY PCPN 2018 ILOILO.pdf,8
2018-08-29,0.0,0.0,0.0,0.0,0.0,,SUMMARY OF DAILY PCPN 2018 ILOILO.pdf,8
2018-08-30,0.0,23.0,0.2,0.3,23.5,LIGHT -MODERATE RAIN,SUMMARY OF DAILY PCPN 2018 ILOILO.pdf,8
2018-08-31,3.8,0.6,0.0,0.0,4.4,LIGHT RASH,SUMMARY OF DAILY PCPN 2018 ILOILO.pdf,8
2018-09-01,0.0,0.0,0.0,0.0,0.0,LIGHT RASH,SUMMARY OF DAILY PCPN 2018 ILOILO.pdf,9
2018-09-02,0.0,0.0,0.0,0.0,0.0,LIGHT RASH,SUMMARY OF DAILY PCPN 2018 ILOILO.pdf,9
2018-09-03,9.6,0.0,0.0,10.6,20.2,LIGHT -MODERATE RAIN,SUMMARY OF DAILY PCPN 2018 ILOILO.pdf,9
2018-09-04,0.4,0.2,0.2,0.4,1.2,LIGHT RASH,SUMMARY OF DAILY PCPN 2018 ILOILO.pdf,9
2018-09-05,8.8,0.0,9.2,22.8,40.8,LIGHT-MOD W/ OCCASSIONAL HEAVY RAIN,SUMMARY OF DAILY PCPN 2018 ILOILO.pdf,9
2018-09-06,6.8,3.2,5.2,10.2,25.4,LIGHT-MOD W/ OCCASSIONAL HEAVY RAIN,SUMMARY OF DAILY PCPN 2018 ILOILO.pdf,9
2018-09-07,0.0,0.0,0.8,0.0,0.8,LIGHT RASH,SUMMARY OF DAILY PCPN 2018 ILOILO.pdf,9
2018-09-08,0.0,0.0,0.0,0.0,0.0,,SUMMARY OF DAILY PCPN 2018 ILOILO.pdf,9
2018-09-09,0.0,3.4,3.0,0.0,6.4,LIGHT -MODERATE RAIN,SUMMARY OF DAILY PCPN 2018 ILOILO.pdf,9
2018-09-10,0.0,0.0,0.0,0.0,0.0,LIGHT RASH,SUMMARY OF DAILY PCPN 2018 ILOILO.pdf,9
2018-09-11,0.0,0.0,0.0,0.0,0.0,LIGHT RASH,SUMMARY OF DAILY PCPN 2018 ILOILO.pdf,9
2018-09-12,0.0,2.8,0.0,0.0,2.8,LIGHT RASH,SUMMARY OF DAILY PCPN 2018 ILOILO.pdf,9
2018-09-13,0.0,3.4,0.0,5.8,9.2,LIGHT RASH,SUMMARY OF DAILY PCPN 2018 ILOILO.pdf,9
2018-09-14,0.2,4.8,7.4,16.6,29.0,LIGHT-MOD W/ OCCASSIONAL HEAVY RAIN,SUMMARY OF DAILY PCPN 2018 ILOILO.pdf,9
2018-09-15,1.0,14.8,20.4,0.6,36.8,LIGHT-MOD W/ OCCASSIONAL HEAVY RAIN,SUMMARY OF DAILY PCPN 2018 ILOILO.pdf,9
2018-09-16,0.0,0.0,0.0,0.0,0.0,,SUMMARY OF DAILY PCPN 2018 ILOILO.pdf,9
2018-09-17,0.0,0.0,5.4,0.0,5.4,LIGHT -MODERATE RAIN,SUMMARY OF DAILY PCPN 2018 ILOILO.pdf,9
2018-09-18,3.2,8.4,5.6,0.0,17.2,LIGHT -MODERATE RAIN,SUMMARY OF DAILY PCPN 2018 ILOILO.pdf,9
2018-09-19,0.0,0.0,0.0,4.0,4.0,LIGHT -MODERATE RAIN,SUMMARY OF DAILY PCPN 2018 ILOILO.pdf,9
2018-09-20,0.0,0.0,0.0,0.0,0.0,LIGHT RASH,SUMMARY OF DAILY PCPN 2018 ILOILO.pdf,9
2018-09-21,0.0,0.0,0.0,0.0,0.0,,SUMMARY OF DAILY PCPN 2018 ILOILO.pdf,9
2018-09-22,26.8,0.2,0.0,0.0,27.0,HEAVY RAIN WITH THUNDERSTORM,SUMMARY OF DAILY PCPN 2018 ILOILO.pdf,9
2018-09-23,0.0,2.4,0.0,0.0,2.4,LIGHT RASH,SUMMARY OF DAILY PCPN 2018 ILOILO.pdf,9
2018-09-24,0.0,0.0,0.0,1.2,1.2,LIGHT RASH,SUMMARY OF DAILY PCPN 2018 ILOILO.pdf,9
2018-09-25,0.0,0.0,0.0,0.0,0.0,,SUMMARY OF DAILY PCPN 2018 ILOILO.pdf,9
2018-09-26,0.0,0.0,0.0,0.0,0.0,,SUMMARY OF DAILY PCPN 2018 ILOILO.pdf,9
2018-09-27,0.0,0.0,0.0,0.0,0.0,,SUMMARY OF DAILY PCPN 2018 ILOILO.pdf,9
2018-09-28,0.0,17.4,0.0,0.0,17.4,LIGHT-MOD W/ OCCASSIONAL INTENSE RAIN,SUMMARY OF DAILY PCPN 2018 ILOILO.pdf,9
2018-09-29,0.0,0.0,0.0,2.4,2.4,THUNDERSTORM WITH LIGHT RAIN,SUMMARY OF DAILY PCPN 2018 ILOILO.pdf,9
2018-09-30,13.8,0.0,0.0,0.0,13.8,THUNDERSTORM WITH MODERATE-HEAVY RAIN,SUMMARY OF DAILY PCPN 2018 ILOILO.pdf,9
2018-10-01,0.0,0.0,0.0,0.0,0.0,,SUMMARY OF DAILY PCPN 2018 ILOILO.pdf,10
2018-10-02,0.2,0.0,0.0,0.4,0.6,LIGHT RAIN SHOWER,SUMMARY OF DAILY PCPN 2018 ILOILO.pdf,10
2018-10-03,3.8,0.0,0.0,0.0,3.8,LIGHT RAIN SHOWER,SUMMARY OF DAILY PCPN 2018 ILOILO.pdf,10
2018-10-04,0.0,0.0,0.0,0.0,0.0,,SUMMARY OF DAILY PCPN 2018 ILOILO.pdf,10
2018-10-05,0.0,3.8,0.0,0.0,3.8,LGT RASH WITH THUNDERSTORM,SUMMARY OF DAILY PCPN 2018 ILOILO.pdf,10
2018-10-06,0.0,0.0,0.0,0.0,0.0,,SUMMARY OF DAILY PCPN 2018 ILOILO.pdf,10
2018-10-07,0.0,0.0,0.0,0.0,0.0,,SUMMARY OF DAILY PCPN 2018 ILOILO.pdf,10
2018-10-08,0.0,0.0,0.0,0.0,0.0,,SUMMARY OF DAILY PCPN 2018 ILOILO.pdf,10
2018-10-09,0.0,0.0,0.0,0.0,0.0,,SUMMARY OF DAILY PCPN 2018 ILOILO.pdf,10
2018-10-10,0.0,0.0,0.0,0.0,0.0,,SUMMARY OF DAILY PCPN 2018 ILOILO.pdf,10
2018-10-11,0.0,0.0,0.0,0.0,0.0,,SUMMARY OF DAILY PCPN 2018 ILOILO.pdf,10
2018-10-12,0.0,0.0,0.0,0.0,0.0,,SUMMARY OF DAILY PCPN 2018 ILOILO.pdf,10
2018-10-13,0.0,0.0,0.0,0.0,0.0,,SUMMARY OF DAILY PCPN 2018 ILOILO.pdf,10
2018-10-14,0.0,0.0,0.0,0.0,0.0,LIGHT RAIN SHOWER,SUMMARY OF DAILY PCPN 2018 ILOILO.pdf,10
2018-10-15,0.0,0.0,0.0,0.0,0.0,,SUMMARY OF DAILY PCPN 2018 ILOILO.pdf,10
2018-10-16,0.0,0.0,0.0,0.0,0.0,,SUMMARY OF DAILY PCPN 2018 ILOILO.pdf,10
2018-10-17,0.0,0.0,0.0,0.0,0.0,,SUMMARY OF DAILY PCPN 2018 ILOILO.pdf,10
2018-10-18,0.0,0.0,0.0,0.0,0.0,LIGHT RAIN SHOWER,SUMMARY OF DAILY PCPN 2018 ILOILO.pdf,10
2018-10-19,0.0,0.0,0.0,0.0,0.0,,SUMMARY OF DAILY PCPN 2018 ILOILO.pdf,10
2018-10-20,0.0,0.0,0.0,0.8,0.8,LIGHT RAIN SHOWER,SUMMARY OF DAILY PCPN 2018 ILOILO.pdf,10
2018-10-21,0.0,0.0,0.0,0.0,0.0,,SUMMARY OF DAILY PCPN 2018 ILOILO.pdf,10
2018-10-22,1.2,0.0,9.0,0.0,10.2,THUNDERSTORM WITH HEAVY RASH,SUMMARY OF DAILY PCPN 2018 ILOILO.pdf,10
2018-10-23,0.0,18.0,0.0,0.0,18.0,TSTM WITH INTENSE RASH,SUMMARY OF DAILY PCPN 2018 ILOILO.pdf,10
2018-10-24,0.0,0.0,0.0,0.0,0.0,,SUMMARY OF DAILY PCPN 2018 ILOILO.pdf,10
2018-10-25,0.0,0.0,0.0,0.0,0.0,,SUMMARY OF DAILY PCPN 2018 ILOILO.pdf,10
2018-10-26,0.0,0.0,0.0,0.0,0.0,,SUMMARY OF DAILY PCPN 2018 ILOILO.pdf,10
2018-10-27,0.0,0.0,0.0,0.0,0.0,LIGHT RAIN SHOWER,SUMMARY OF DAILY PCPN 2018 ILOILO.pdf,10
2018-10-28,0.0,0.0,0.0,0.0,0.0,,SUMMARY OF DAILY PCPN 2018 ILOILO.pdf,10
2018-10-29,5.6,0.0,0.0,0.0,5.6,LIGHT RAIN SHOWER,SUMMARY OF DAILY PCPN 2018 ILOILO.pdf,10
2018-10-30,0.0,0.0,0.0,0.0,0.0,,SUMMARY OF DAILY PCPN 2018 ILOILO.pdf,10
2018-10-31,0.0,0.0,0.0,0.0,0.0,,SUMMARY OF DAILY PCPN 2018 ILOILO.pdf,10
2018-11-01,0.0,0.0,0.0,0.0,0.0,,SUMMARY OF DAILY PCPN 2018 ILOILO.pdf,11
2018-11-02,0.0,0.0,0.0,0.0,0.0,,SUMMARY OF DAILY PCPN 2018 ILOILO.pdf,11
2018-11-03,0.0,0.0,0.0,0.0,0.0,,SUMMARY OF DAILY PCPN 2018 ILOILO.pdf,11
2018-11-04,0.0,0.0,0.4,0.0,0.4,LIGHT RAIN SHOWER,SUMMARY OF DAILY PCPN 2018 ILOILO.pdf,11
2018-11-05,4.0,0.0,0.0,9.8,13.8,LIGHT-MODERATE RASH,SUMMARY OF DAILY PCPN 2018 ILOILO.pdf,11
2018-11-06,0.8,0.0,0.0,0.0,0.8,LIGHT RAIN SHOWER,SUMMARY OF DAILY PCPN 2018 ILOILO.pdf,11
2018-11-07,0.0,0.0,0.0,0.0,0.0,,SUMMARY OF DAILY PCPN 2018 ILOILO.pdf,11
2018-11-08,0.0,0.0,0.0,0.0,0.0,LIGHT RAIN SHOWER,SUMMARY OF DAILY PCPN 2018 ILOILO.pdf,11
2018-11-09,0.0,0.0,1.6,0.0,1.6,LIGHT RAIN SHOWER,SUMMARY OF DAILY PCPN 2018 ILOILO.pdf,11
2018-11-10,0.0,0.8,0.0,4.8,5.6,LIGHT RAIN SHOWER,SUMMARY OF DAILY PCPN 2018 ILOILO.pdf,11
2018-11-11,0.0,1.4,0.0,1.4,2.8,LIGHT RAIN SHOWER,SUMMARY OF DAILY PCPN 2018 ILOILO.pdf,11
2018-11-12,0.0,0.0,0.0,0.0,0.0,,SUMMARY OF DAILY PCPN 2018 ILOILO.pdf,11
2018-11-13,0.0,0.0,0.8,0.0,0.8,LIGHT RAIN SHOWER,SUMMARY OF DAILY PCPN 2018 ILOILO.pdf,11
2018-11-14,1.8,2.0,0.0,1.0,4.8,LIGHT RAIN SHOWER,SUMMARY OF DAILY PCPN 2018 ILOILO.pdf,11
2018-11-15,0.0,0.0,2.1,0.0,2.1,LIGHT RAIN SHOWER,SUMMARY OF DAILY PCPN 2018 ILOILO.pdf,11
2018-11-16,0.0,0.0,0.0,0.0,0.0,,SUMMARY OF DAILY PCPN 2018 ILOILO.pdf,11
2018-11-17,0.0,0.0,0.4,0.0,0.4,LIGHT RAIN SHOWER,SUMMARY OF DAILY PCPN 2018 ILOILO.pdf,11
2018-11-18,0.0,0.0,0.0,0.0,0.0,,SUMMARY OF DAILY PCPN 2018 ILOILO.pdf,11
2018-11-19,0.0,0.0,1.2,0.0,1.2,LIGHT RAIN SHOWER,SUMMARY OF DAILY PCPN 2018 ILOILO.pdf,11
2018-11-20,0.6,0.8,2.0,55.2,58.6,LIGHT-MOD WITH OCCASIONAL INTERMITTENT RAINS,SUMMARY OF DAILY PCPN 2018 ILOILO.pdf,11
2018-11-21,3.7,1.0,0.4,0.0,5.1,LIGHT RAIN SHOWER,SUMMARY OF DAILY PCPN 2018 ILOILO.pdf,11
2018-11-22,0.0,5.2,0.0,0.0,5.2,LIGHT RAIN SHOWER,SUMMARY OF DAILY PCPN 2018 ILOILO.pdf,11
2018-11-23,0.0,17.4,0.0,0.0,17.4,THUNDERSTORM WITH HEAVY RASH,SUMMARY OF DAILY PCPN 2018 ILOILO.pdf,11
2018-11-24,0.0,0.0,0.0,0.0,0.0,,SUMMARY OF DAILY PCPN 2018 ILOILO.pdf,11
2018-11-25,0.0,0.0,16.2,0.0,16.2,HEAVY RASH,SUMMARY OF DAILY PCPN 2018 ILOILO.pdf,11
2018-11-26,0.0,0.0,0.0,0.0,0.0,,SUMMARY OF DAILY PCPN 2018 ILOILO.pdf,11
2018-11-27,0.0,0.0,0.0,0.0,0.0,,SUMMARY OF DAILY PCPN 2018 ILOILO.pdf,11
2018-11-28,0.0,0.0,0.0,0.0,0.0,,SUMMARY OF DAILY PCPN 2018 ILOILO.pdf,11
2018-11-29,0.0,0.0,0.0,0.0,0.0,,SUMMARY OF DAILY PCPN 2018 ILOILO.pdf,11
2018-11-30,0.0,0.0,1.0,0.6,1.6,LIGHT RAIN SHOWER,SUMMARY OF DAILY PCPN 2018 ILOILO.pdf,11
2018-12-01,1.6,0.0,1.8,0.0,3.4,LIGHT-MODERATE RASH,SUMMARY OF DAILY PCPN 2018 ILOILO.pdf,12
2018-12-02,0.0,0.0,0.0,0.0,0.0,LIGHT RAIN SHOWER,SUMMARY OF DAILY PCPN 2018 ILOILO.pdf,12
2018-12-03,0.4,0.2,1.0,0.0,1.6,LIGHT RAIN SHOWER,SUMMARY OF DAILY PCPN 2018 ILOILO.pdf,12
2018-12-04,0.0,0.0,0.0,0.8,0.8,LIGHT RAIN SHOWER,SUMMARY OF DAILY PCPN 2018 ILOILO.pdf,12
2018-12-05,0.0,0.0,0.0,0.0,0.0,,SUMMARY OF DAILY PCPN 2018 ILOILO.pdf,12
2018-12-06,0.0,0.0,61.2,31.4,92.6,THUNDERSTORM WITH INTENSE RAIN,SUMMARY OF DAILY PCPN 2018 ILOILO.pdf,12
2018-12-07,0.0,0.0,1.8,0.4,2.2,LIGHT RAIN SHOWER,SUMMARY OF DAILY PCPN 2018 ILOILO.pdf,12
2018-12-08,0.0,0.0,0.0,0.0,0.0,,SUMMARY OF DAILY PCPN 2018 ILOILO.pdf,12
2018-12-09,0.0,0.0,0.0,0.0,0.0,,SUMMARY OF DAILY PCPN 2018 ILOILO.pdf,12
2018-12-10,0.0,0.0,0.0,0.2,0.2,LIGHT RAIN SHOWER,SUMMARY OF DAILY PCPN 2018 ILOILO.pdf,12
2018-12-11,0.0,0.0,0.0,0.0,0.0,,SUMMARY OF DAILY PCPN 2018 ILOILO.pdf,12
2018-12-12,0.0,0.0,0.0,0.0,0.0,,SUMMARY OF DAILY PCPN 2018 ILOILO.pdf,12
2018-12-13,0.0,0.0,0.0,0.0,0.0,,SUMMARY OF DAILY PCPN 2018 ILOILO.pdf,12
2018-12-14,1.0,0.0,0.0,0.0,1.0,LIGHT RAIN SHOWER,SUMMARY OF DAILY PCPN 2018 ILOILO.pdf,12
2018-12-15,0.0,0.0,1.6,0.0,1.6,LIGHT RAIN SHOWER,SUMMARY OF DAILY PCPN 2018 ILOILO.pdf,12
2018-12-16,0.0,0.0,0.0,0.0,0.0,,SUMMARY OF DAILY PCPN 2018 ILOILO.pdf,12
2018-12-17,0.0,0.0,0.0,1.8,1.8,LIGHT RAIN SHOWER,SUMMARY OF DAILY PCPN 2018 ILOILO.pdf,12
2018-12-18,2.4,2.6,0.0,0.0,5.0,LIGHT-MODERATE RASH,SUMMARY OF DAILY PCPN 2018 ILOILO.pdf,12
2018-12-19,0.0,0.3,0.0,0.0,0.3,LIGHT RAIN SHOWER,SUMMARY OF DAILY PCPN 2018 ILOILO.pdf,12
2018-12-20,13.4,1.6,0.0,0.0,15.0,LIGHT-MODERATE RAIN,SUMMARY OF DAILY PCPN 2018 ILOILO.pdf,12
2018-12-21,0.0,0.0,0.0,0.0,0.0,,SUMMARY OF DAILY PCPN 2018 ILOILO.pdf,12
2018-12-22,2.2,0.0,1.6,0.0,3.8,LIGHT RAIN SHOWER,SUMMARY OF DAILY PCPN 2018 ILOILO.pdf,12
2018-12-23,26.0,0.4,0.0,0.0,26.4,HEAVY RAIN,SUMMARY OF DAILY PCPN 2018 ILOILO.pdf,12
2018-12-24,0.0,0.0,0.0,0.0,0.0,,SUMMARY OF DAILY PCPN 2018 ILOILO.pdf,12
2018-12-25,0.0,0.0,0.0,0.0,0.0,,SUMMARY OF DAILY PCPN 2018 ILOILO.pdf,12
2018-12-26,0.0,0.0,0.0,0.0,0.0,,SUMMARY OF DAILY PCPN 2018 ILOILO.pdf,12
2018-12-27,0.0,0.0,0.0,2.8,2.8,LIGHT-MODERATE RAIN,SUMMARY OF DAILY PCPN 2018 ILOILO.pdf,12
2018-12-28,0.2,0.2,2.8,3.0,6.2,LIGHT-MODERATE RAIN,SUMMARY OF DAILY PCPN 2018 ILOILO.pdf,12
2018-12-29,0.0,0.8,0.8,0.0,1.6,LIGHT RAIN SHOWER,SUMMARY OF DAILY PCPN 2018 ILOILO.pdf,12
2018-12-30,0.0,0.6,0.0,0.6,1.2,LIGHT RAIN SHOWER,SUMMARY OF DAILY PCPN 2018 ILOILO.pdf,12
2018-12-31,0.0,0.0,0.0,0.0,0.0,,SUMMARY OF DAILY PCPN 2018 ILOILO.pdf,12
2019-01-01,0.0,0.0,0.0,0.0,0.0,,SUMMARY OF DAILY PCPN 2019 ILOILO.pdf,1
2019-01-02,0.0,0.0,0.0,0.0,0.0,,SUMMARY OF DAILY PCPN 2019 ILOILO.pdf,1
2019-01-03,1.2,0.0,0.0,0.0,1.2,LIGHT RAIN SHOWER,SUMMARY OF DAILY PCPN 2019 ILOILO.pdf,1
2019-01-04,0.0,12.2,0.0,0.0,12.2,MODERATE - HEAVY RAIN,SUMMARY OF DAILY PCPN 2019 ILOILO.pdf,1
2019-01-05,0.0,0.0,0.0,0.0,0.0,,SUMMARY OF DAILY PCPN 2019 ILOILO.pdf,1
2019-01-06,0.0,0.0,0.0,0.0,0.0,,SUMMARY OF DAILY PCPN 2019 ILOILO.pdf,1
2019-01-07,0.0,0.0,0.0,0.0,0.0,,SUMMARY OF DAILY PCPN 2019 ILOILO.pdf,1
2019-01-08,0.0,0.0,0.0,0.0,0.0,,SUMMARY OF DAILY PCPN 2019 ILOILO.pdf,1
2019-01-09,0.0,0.0,0.0,0.0,0.0,,SUMMARY OF DAILY PCPN 2019 ILOILO.pdf,1
2019-01-10,0.0,3.8,10.2,0.0,14.0,LIGHT TO MODERATE RAIN,SUMMARY OF DAILY PCPN 2019 ILOILO.pdf,1
2019-01-11,0.0,0.0,0.0,0.0,0.0,,SUMMARY OF DAILY PCPN 2019 ILOILO.pdf,1
2019-01-12,0.0,0.0,0.0,0.0,0.0,,SUMMARY OF DAILY PCPN 2019 ILOILO.pdf,1
2019-01-13,0.0,0.0,0.0,0.0,0.0,,SUMMARY OF DAILY PCPN 2019 ILOILO.pdf,1
2019-01-14,0.0,0.0,0.0,0.0,0.0,,SUMMARY OF DAILY PCPN 2019 ILOILO.pdf,1
2019-01-15,0.0,0.0,0.0,0.0,0.0,,SUMMARY OF DAILY PCPN 2019 ILOILO.pdf,1
2019-01-16,0.0,0.0,0.0,0.0,0.0,,SUMMARY OF DAILY PCPN 2019 ILOILO.pdf,1
2019-01-17,0.0,0.0,0.0,0.0,0.0,,SUMMARY OF DAILY PCPN 2019 ILOILO.pdf,1
2019-01-18,0.0,0.0,0.0,0.0,0.0,LIGHT RAIN SHOWER,SUMMARY OF DAILY PCPN 2019 ILOILO.pdf,1
2019-01-19,0.0,0.0,0.0,0.0,0.0,,SUMMARY OF DAILY PCPN 2019 ILOILO.pdf,1
2019-01-20,0.0,1.4,0.0,0.0,1.4,LIGHT RAIN SHOWER,SUMMARY OF DAILY PCPN 2019 ILOILO.pdf,1
2019-01-21,0.0,0.0,0.0,0.0,0.0,LIGHT RAIN SHOWER,SUMMARY OF DAILY PCPN 2019 ILOILO.pdf,1
2019-01-22,0.0,0.0,0.0,0.0,0.0,,SUMMARY OF DAILY PCPN 2019 ILOILO.pdf,1
2019-01-23,0.4,0.0,0.0,0.0,0.4,LIGHT RAIN SHOWER,SUMMARY OF DAILY PCPN 2019 ILOILO.pdf,1
2019-01-24,1.2,0.0,0.0,0.0,1.2,LIGHT RAIN SHOWER,SUMMARY OF DAILY PCPN 2019 ILOILO.pdf,1
2019-01-25,0.5,0.0,0.0,0.0,0.5,LIGHT RAIN SHOWER,SUMMARY OF DAILY PCPN 2019 ILOILO.pdf,1
2019-01-26,0.0,0.0,0.0,0.0,0.0,,SUMMARY OF DAILY PCPN 2019 ILOILO.pdf,1
2019-01-27,0.0,0.0,0.0,0.0,0.0,LIGHT RAIN SHOWER,SUMMARY OF DAILY PCPN 2019 ILOILO.pdf,1
2019-01-28,0.0,0.0,0.0,0.0,0.0,,SUMMARY OF DAILY PCPN 2019 ILOILO.pdf,1
2019-01-29,0.0,0.0,0.0,0.0,0.0,,SUMMARY OF DAILY PCPN 2019 ILOILO.pdf,1
2019-01-30,0.0,0.0,0.0,0.0,0.0,,SUMMARY OF DAILY PCPN 2019 ILOILO.pdf,1
2019-01-31,0.0,0.0,0.0,0.0,0.0,,SUMMARY OF DAILY PCPN 2019 ILOILO.pdf,1
2019-02-01,0.0,0.0,0.0,0.0,0.0,,SUMMARY OF DAILY PCPN 2019 ILOILO.pdf,2
2019-02-02,0.0,0.0,0.0,0.0,0.0,LIGHT RAIN SHOWER,SUMMARY OF DAILY PCPN 2019 ILOILO.pdf,2
2019-02-03,0.0,0.0,0.0,0.0,0.0,,SUMMARY OF DAILY PCPN 2019 ILOILO.pdf,2
2019-02-04,0.0,0.0,0.0,0.0,0.0,,SUMMARY OF DAILY PCPN 2019 ILOILO.pdf,2
2019-02-05,0.0,0.0,0.0,0.0,0.0,,SUMMARY OF DAILY PCPN 2019 ILOILO.pdf,2
2019-02-06,0.0,0.0,0.0,0.0,0.0,,SUMMARY OF DAILY PCPN 2019 ILOILO.pdf,2
2019-02-07,0.0,0.0,0.0,0.0,0.0,,SUMMARY OF DAILY PCPN 2019 ILOILO.pdf,2
2019-02-08,0.0,0.0,0.0,0.0,0.0,,SUMMARY OF DAILY PCPN 2019 ILOILO.pdf,2
2019-02-09,0.0,0.0,0.0,0.0,0.0,,SUMMARY OF DAILY PCPN 2019 ILOILO.pdf,2
2019-02-10,0.0,0.0,0.0,0.0,0.0,,SUMMARY OF DAILY PCPN 2019 ILOILO.pdf,2
2019-02-11,0.0,0.0,0.0,0.0,0.0,,SUMMARY OF DAILY PCPN 2019 ILOILO.pdf,2
2019-02-12,0.0,0.0,0.0,0.0,0.0,,SUMMARY OF DAILY PCPN 2019 ILOILO.pdf,2
2019-02-13,0.0,0.0,0.0,1.2,1.2,LIGHT RAIN SHOWER,SUMMARY OF DAILY PCPN 2019 ILOILO.pdf,2
2019-02-14,5.4,0.0,0.0,0.0,5.4,LIGHT RAIN SHOWER,SUMMARY OF DAILY PCPN 2019 ILOILO.pdf,2
2019-02-15,2.7,1.0,0.0,0.0,3.7,LIGHT RAIN SHOWER,SUMMARY OF DAILY PCPN 2019 ILOILO.pdf,2
2019-02-16,0.0,0.0,0.0,0.0,0.0,,SUMMARY OF DAILY PCPN 2019 ILOILO.pdf,2
2019-02-17,0.0,0.0,0.0,0.0,0.0,,SUMMARY OF DAILY PCPN 2019 ILOILO.pdf,2
2019-02-18,0.0,0.0,0.0,0.0,0.0,,SUMMARY OF DAILY PCPN 2019 ILOILO.pdf,2
2019-02-19,0.0,0.0,0.0,0.0,0.0,,SUMMARY OF DAILY PCPN 2019 ILOILO.pdf,2
2019-02-20,0.0,0.0,0.0,0.0,0.0,,SUMMARY OF DAILY PCPN 2019 ILOILO.pdf,2
2019-02-21,0.0,0.0,0.0,0.0,0.0,,SUMMARY OF DAILY PCPN 2019 ILOILO.pdf,2
2019-02-22,0.0,0.0,0.0,0.0,0.0,,SUMMARY OF DAILY PCPN 2019 ILOILO.pdf,2
2019-02-23,0.0,0.0,0.0,0.0,0.0,,SUMMARY OF DAILY PCPN 2019 ILOILO.pdf,2
2019-02-24,0.0,0.0,0.0,0.0,0.0,,SUMMARY OF DAILY PCPN 2019 ILOILO.pdf,2
2019-02-25,0.0,0.0,0.0,0.0,0.0,,SUMMARY OF DAILY PCPN 2019 ILOILO.pdf,2
2019-02-26,0.0,0.0,0.0,0.0,0.0,,SUMMARY OF DAILY PCPN 2019 ILOILO.pdf,2
2019-02-27,0.0,0.0,0.0,0.0,0.0,,SUMMARY OF DAILY PCPN 2019 ILOILO.pdf,2
2019-02-28,0.0,0.0,0.0,0.0,0.0,,SUMMARY OF DAILY PCPN 2019 ILOILO.pdf,2
2019-03-01,0.0,0.0,0.0,0.0,0.0,,SUMMARY OF DAILY PCPN 2019 ILOILO.pdf,3
2019-03-02,0.0,0.0,0.0,0.0,0.0,,SUMMARY OF DAILY PCPN 2019 ILOILO.pdf,3
2019-03-03,0.0,0.0,0.0,0.0,0.0,,SUMMARY OF DAILY PCPN 2019 ILOILO.pdf,3
2019-03-04,0.0,0.0,0.0,0.0,0.0,,SUMMARY OF DAILY PCPN 2019 ILOILO.pdf,3
2019-03-05,0.0,0.0,0.0,0.0,0.0,,SUMMARY OF DAILY PCPN 2019 ILOILO.pdf,3
2019-03-06,0.0,0.0,0.0,0.0,0.0,,SUMMARY OF DAILY PCPN 2019 ILOILO.pdf,3
2019-03-07,0.0,0.0,0.0,0.0,0.0,,SUMMARY OF DAILY PCPN 2019 ILOILO.pdf,3
2019-03-08,0.0,0.0,0.0,0.0,0.0,,SUMMARY OF DAILY PCPN 2019 ILOILO.pdf,3
2019-03-09,0.0,0.0,0.0,0.0,0.0,,SUMMARY OF DAILY PCPN 2019 ILOILO.pdf,3
2019-03-10,0.0,0.0,0.0,0.0,0.0,,SUMMARY OF DAILY PCPN 2019 ILOILO.pdf,3
2019-03-11,0.0,0.0,0.0,0.0,0.0,,SUMMARY OF DAILY PCPN 2019 ILOILO.pdf,3
2019-03-12,0.0,0.0,0.0,0.0,0.0,,SUMMARY OF DAILY PCPN 2019 ILOILO.pdf,3
2019-03-13,0.0,0.0,0.0,0.0,0.0,,SUMMARY OF DAILY PCPN 2019 ILOILO.pdf,3
2019-03-14,0.0,0.0,0.0,0.0,0.0,,SUMMARY OF DAILY PCPN 2019 ILOILO.pdf,3
2019-03-15,0.0,0.0,0.0,0.0,0.0,,SUMMARY OF DAILY PCPN 2019 ILOILO.pdf,3
2019-03-16,0.0,0.0,0.0,0.0,0.0,,SUMMARY OF DAILY PCPN 2019 ILOILO.pdf,3
2019-03-17,0.0,1.4,0.0,0.0,1.4,LIGHT RAIN SHOWER,SUMMARY OF DAILY PCPN 2019 ILOILO.pdf,3
2019-03-18,0.0,0.0,0.0,0.0,0.0,,SUMMARY OF DAILY PCPN 2019 ILOILO.pdf,3
2019-03-19,0.0,0.0,0.0,0.0,0.0,LIGHT RAIN SHOWER,SUMMARY OF DAILY PCPN 2019 ILOILO.pdf,3
2019-03-20,0.0,0.0,0.0,0.0,0.0,,SUMMARY OF DAILY PCPN 2019 ILOILO.pdf,3
2019-03-21,0.0,0.0,0.0,0.0,0.0,,SUMMARY OF DAILY PCPN 2019 ILOILO.pdf,3
2019-03-22,0.0,0.0,0.0,0.0,0.0,,SUMMARY OF DAILY PCPN 2019 ILOILO.pdf,3
2019-03-23,0.0,0.0,0.0,0.0,0.0,,SUMMARY OF DAILY PCPN 2019 ILOILO.pdf,3
2019-03-24,0.0,0.0,0.0,0.0,0.0,,SUMMARY OF DAILY PCPN 2019 ILOILO.pdf,3
2019-03-25,0.0,0.0,0.0,0.0,0.0,,SUMMARY OF DAILY PCPN 2019 ILOILO.pdf,3
2019-03-26,0.2,0.0,0.0,2.6,2.8,LIGHT RAIN SHOWER,SUMMARY OF DAILY PCPN 2019 ILOILO.pdf,3
2019-03-27,0.0,0.0,0.0,0.0,0.0,LIGHT RAIN SHOWER,SUMMARY OF DAILY PCPN 2019 ILOILO.pdf,3
2019-03-28,0.0,0.0,0.0,0.0,0.0,,SUMMARY OF DAILY PCPN 2019 ILOILO.pdf,3
2019-03-29,0.0,0.0,0.0,0.0,0.0,,SUMMARY OF DAILY PCPN 2019 ILOILO.pdf,3
2019-03-30,0.0,0.0,0.0,0.0,0.0,,SUMMARY OF DAILY PCPN 2019 ILOILO.pdf,3
2019-03-31,0.0,0.0,0.0,0.0,0.0,,SUMMARY OF DAILY PCPN 2019 ILOILO.pdf,3
2019-04-01,0.0,0.0,0.0,3.0,3.0,LIGHT RAIN SHOWER,SUMMARY OF DAILY PCPN 2019 ILOILO.pdf,4
2019-04-02,0.0,0.0,0.0,0.0,0.0,,SUMMARY OF DAILY PCPN 2019 ILOILO.pdf,4
2019-04-03,0.0,0.0,0.0,0.0,0.0,,SUMMARY OF DAILY PCPN 2019 ILOILO.pdf,4
2019-04-04,0.0,0.0,0.0,0.0,0.0,,SUMMARY OF DAILY PCPN 2019 ILOILO.pdf,4
2019-04-05,0.0,0.0,0.0,4.4,4.4,LIGHT RAIN SHOWER,SUMMARY OF DAILY PCPN 2019 ILOILO.pdf,4
2019-04-06,0.0,0.0,0.0,0.0,0.0,,SUMMARY OF DAILY PCPN 2019 ILOILO.pdf,4
2019-04-07,0.0,0.0,0.0,0.0,0.0,,SUMMARY OF DAILY PCPN 2019 ILOILO.pdf,4
2019-04-08,0.0,0.0,0.0,0.0,0.0,,SUMMARY OF DAILY PCPN 2019 ILOILO.pdf,4
2019-04-09,0.0,1.0,0.0,2.6,3.6,LIGHT RAIN SHOWER,SUMMARY OF DAILY PCPN 2019 ILOILO.pdf,4
2019-04-10,0.0,2.0,0.0,0.0,2.0,LIGHT RAIN SHOWER,SUMMARY OF DAILY PCPN 2019 ILOILO.pdf,4
2019-04-11,0.0,0.0,0.0,0.0,0.0,,SUMMARY OF DAILY PCPN 2019 ILOILO.pdf,4
2019-04-12,0.0,0.0,0.0,0.0,0.0,,SUMMARY OF DAILY PCPN 2019 ILOILO.pdf,4
2019-04-13,0.0,0.0,0.0,0.0,0.0,,SUMMARY OF DAILY PCPN 2019 ILOILO.pdf,4
2019-04-14,0.0,0.0,0.0,0.0,0.0,,SUMMARY OF DAILY PCPN 2019 ILOILO.pdf,4
2019-04-15,0.0,0.0,0.0,0.0,0.0,,SUMMARY OF DAILY PCPN 2019 ILOILO.pdf,4
2019-04-16,0.0,0.0,0.0,0.0,0.0,,SUMMARY OF DAILY PCPN 2019 ILOILO.pdf,4
2019-04-17,0.0,0.0,0.0,0.0,0.0,,SUMMARY OF DAILY PCPN 2019 ILOILO.pdf,4
2019-04-18,0.0,0.0,0.0,0.0,0.0,,SUMMARY OF DAILY PCPN 2019 ILOILO.pdf,4
2019-04-19,0.0,0.0,0.0,0.0,0.0,,SUMMARY OF DAILY PCPN 2019 ILOILO.pdf,4
2019-04-20,0.0,0.0,0.0,0.0,0.0,,SUMMARY OF DAILY PCPN 2019 ILOILO.pdf,4
2019-04-21,0.0,0.0,0.0,0.0,0.0,,SUMMARY OF DAILY PCPN 2019 ILOILO.pdf,4
2019-04-22,0.0,0.0,0.0,0.0,0.0,,SUMMARY OF DAILY PCPN 2019 ILOILO.pdf,4
2019-04-23,0.0,0.0,0.0,0.0,0.0,,SUMMARY OF DAILY PCPN 2019 ILOILO.pdf,4
2019-04-24,0.0,0.0,0.0,0.0,0.0,,SUMMARY OF DAILY PCPN 2019 ILOILO.pdf,4
2019-04-25,0.0,0.0,0.0,0.0,0.0,,SUMMARY OF DAILY PCPN 2019 ILOILO.pdf,4
2019-04-26,0.0,0.0,0.0,0.0,0.0,,SUMMARY OF DAILY PCPN 2019 ILOILO.pdf,4
2019-04-27,0.0,0.0,0.0,0.0,0.0,,SUMMARY OF DAILY PCPN 2019 ILOILO.pdf,4
2019-04-28,0.0,0.0,0.0,0.0,0.0,,SUMMARY OF DAILY PCPN 2019 ILOILO.pdf,4
2019-04-29,0.0,0.0,0.0,0.0,0.0,,SUMMARY OF DAILY PCPN 2019 ILOILO.pdf,4
2019-04-30,0.0,0.0,0.0,0.0,0.0,,SUMMARY OF DAILY PCPN 2019 ILOILO.pdf,4
2019-05-01,0.0,0.0,0.0,0.0,0.0,LIGHT RAIN SHOWER,SUMMARY OF DAILY PCPN 2019 ILOILO.pdf,5
2019-05-02,0.0,0.0,0.0,0.0,0.0,,SUMMARY OF DAILY PCPN 2019 ILOILO.pdf,5
2019-05-03,0.0,0.0,0.0,0.0,0.0,,SUMMARY OF DAILY PCPN 2019 ILOILO.pdf,5
2019-05-04,0.0,1.0,0.0,0.0,1.0,LIGHT RAIN SHOWER,SUMMARY OF DAILY PCPN 2019 ILOILO.pdf,5
2019-05-05,0.0,0.0,0.0,0.0,0.0,,SUMMARY OF DAILY PCPN 2019 ILOILO.pdf,5
2019-05-06,0.0,0.0,0.0,0.0,0.0,,SUMMARY OF DAILY PCPN 2019 ILOILO.pdf,5
2019-05-07,0.0,0.0,0.0,0.0,0.0,,SUMMARY OF DAILY PCPN 2019 ILOILO.pdf,5
2019-05-08,0.0,0.0,0.0,0.0,0.0,,SUMMARY OF DAILY PCPN 2019 ILOILO.pdf,5
2019-05-09,0.0,0.0,0.0,0.0,0.0,LIGHT RAIN SHOWER,SUMMARY OF DAILY PCPN 2019 ILOILO.pdf,5
2019-05-10,0.0,0.0,0.0,0.0,0.0,,SUMMARY OF DAILY PCPN 2019 ILOILO.pdf,5
2019-05-11,0.0,0.0,0.0,0.0,0.0,,SUMMARY OF DAILY PCPN 2019 ILOILO.pdf,5
2019-05-12,0.0,0.0,0.0,1.6,1.6,LIGHT RAIN SHOWER,SUMMARY OF DAILY PCPN 2019 ILOILO.pdf,5
2019-05-13,0.0,0.0,0.0,2.2,2.2,LIGHT RAIN SHOWER,SUMMARY OF DAILY PCPN 2019 ILOILO.pdf,5
2019-05-14,0.0,0.0,0.0,0.0,0.0,,SUMMARY OF DAILY PCPN 2019 ILOILO.pdf,5
2019-05-15,0.2,2.2,0.0,0.0,2.4,LIGHT RAIN SHOWER,SUMMARY OF DAILY PCPN 2019 ILOILO.pdf,5
2019-05-16,0.0,0.0,0.0,0.0,0.0,,SUMMARY OF DAILY PCPN 2019 ILOILO.pdf,5
2019-05-17,0.0,43.0,0.0,0.0,43.0,TSTM WITH TORRENTIAL RASH,SUMMARY OF DAILY PCPN 2019 ILOILO.pdf,5
2019-05-18,0.0,0.0,0.0,0.0,0.0,,SUMMARY OF DAILY PCPN 2019 ILOILO.pdf,5
2019-05-19,0.0,0.0,0.0,0.0,0.0,,SUMMARY OF DAILY PCPN 2019 ILOILO.pdf,5
2019-05-20,0.0,0.0,0.0,0.0,0.0,,SUMMARY OF DAILY PCPN 2019 ILOILO.pdf,5
2019-05-21,0.0,2.0,0.0,0.0,2.0,LIGHT RAIN SHOWER,SUMMARY OF DAILY PCPN 2019 ILOILO.pdf,5
2019-05-22,0.0,0.0,0.0,0.0,0.0,,SUMMARY OF DAILY PCPN 2019 ILOILO.pdf,5
2019-05-23,0.0,0.0,0.0,0.0,0.0,,SUMMARY OF DAILY PCPN 2019 ILOILO.pdf,5
2019-05-24,0.0,0.0,0.0,0.0,0.0,,SUMMARY OF DAILY PCPN 2019 ILOILO.pdf,5
2019-05-25,0.0,0.0,86.8,14.8,101.6,TSTM WITH HEAY RAIN,SUMMARY OF DAILY PCPN 2019 ILOILO.pdf,5
2019-05-26,0.0,1.0,0.0,0.0,1.0,LIGHT RAIN SHOWER,SUMMARY OF DAILY PCPN 2019 ILOILO.pdf,5
2019-05-27,0.0,0.0,0.0,0.0,0.0,,SUMMARY OF DAILY PCPN 2019 ILOILO.pdf,5
2019-05-28,0.0,0.0,0.0,0.0,0.0,,SUMMARY OF DAILY PCPN 2019 ILOILO.pdf,5
2019-05-29,0.0,0.0,0.0,0.0,0.0,,SUMMARY OF DAILY PCPN 2019 ILOILO.pdf,5
2019-05-30,0.0,0.0,0.0,0.0,0.0,,SUMMARY OF DAILY PCPN 2019 ILOILO.pdf,5
2019-05-31,0.0,0.0,0.0,0.0,0.0,,SUMMARY OF DAILY PCPN 2019 ILOILO.pdf,5
2019-06-01,0.0,0.0,0.0,0.0,0.0,,SUMMARY OF DAILY PCPN 2019 ILOILO.pdf,6
2019-06-02,0.0,0.0,0.0,0.0,0.0,,SUMMARY OF DAILY PCPN 2019 ILOILO.pdf,6
2019-06-03,0.0,0.0,0.0,0.0,0.0,,SUMMARY OF DAILY PCPN 2019 ILOILO.pdf,6
2019-06-04,0.0,2.2,1.8,0.0,4.0,THUNDERSTORM WITH MODERATE RASH,SUMMARY OF DAILY PCPN 2019 ILOILO.pdf,6
2019-06-05,0.0,30.2,0.0,0.0,30.2,TSTM WITH INTENSE RAIN SHOWER,SUMMARY OF DAILY PCPN 2019 ILOILO.pdf,6
2019-06-06,0.0,0.0,0.0,0.0,0.0,,SUMMARY OF DAILY PCPN 2019 ILOILO.pdf,6
2019-06-07,0.0,0.0,0.0,0.0,0.0,,SUMMARY OF DAILY PCPN 2019 ILOILO.pdf,6
2019-06-08,0.0,0.0,0.0,0.0,0.0,,SUMMARY OF DAILY PCPN 2019 ILOILO.pdf,6
2019-06-09,0.0,4.8,72.5,6.2,83.5,THUNDERSTORM WITH HEAVY RAIN SHOWER,SUMMARY OF DAILY PCPN 2019 ILOILO.pdf,6
2019-06-10,2.2,0.0,0.0,0.0,2.2,LIGHT RAIN SHOWER,SUMMARY OF DAILY PCPN 2019 ILOILO.pdf,6
2019-06-11,0.0,0.0,0.0,0.0,0.0,,SUMMARY OF DAILY PCPN 2019 ILOILO.pdf,6
2019-06-12,0.0,0.0,0.0,0.0,0.0,,SUMMARY OF DAILY PCPN 2019 ILOILO.pdf,6
2019-06-13,0.0,0.0,2.5,0.0,2.5,LIGHT RAIN SHOWER,SUMMARY OF DAILY PCPN 2019 ILOILO.pdf,6
2019-06-14,0.0,0.0,0.0,0.0,0.0,,SUMMARY OF DAILY PCPN 2019 ILOILO.pdf,6
2019-06-15,0.0,3.4,4.7,5.3,13.4,THUNDERSTORM WITH LIGHT-MODERATE RASH,SUMMARY OF DAILY PCPN 2019 ILOILO.pdf,6
2019-06-16,0.0,0.0,0.0,0.0,0.0,,SUMMARY OF DAILY PCPN 2019 ILOILO.pdf,6
2019-06-17,0.0,0.0,0.0,0.0,0.0,LIGHT RAIN SHOWER,SUMMARY OF DAILY PCPN 2019 ILOILO.pdf,6
2019-06-18,0.0,0.0,0.0,0.0,0.0,,SUMMARY OF DAILY PCPN 2019 ILOILO.pdf,6
2019-06-19,0.0,0.0,5.6,0.0,5.6,THUNDERSTORM WITH LIGHT-MODERATE RASH,SUMMARY OF DAILY PCPN 2019 ILOILO.pdf,6
2019-06-20,0.0,0.0,19.0,0.0,19.0,THUNDERSTORM WITH MODERATE-HEAVY RASH,SUMMARY OF DAILY PCPN 2019 ILOILO.pdf,6
2019-06-21,0.0,0.0,0.0,0.0,0.0,,SUMMARY OF DAILY PCPN 2019 ILOILO.pdf,6
2019-06-22,0.0,0.0,15.6,0.0,15.6,MODERATE-HEAVY RAIN SHOWER,SUMMARY OF DAILY PCPN 2019 ILOILO.pdf,6
2019-06-23,0.0,0.0,0.0,0.0,0.0,,SUMMARY OF DAILY PCPN 2019 ILOILO.pdf,6
2019-06-24,0.0,0.0,0.0,0.0,0.0,LIGHT RAIN SHOWER,SUMMARY OF DAILY PCPN 2019 ILOILO.pdf,6
2019-06-25,6.6,0.0,0.0,0.0,6.6,MODERATE-HEAVY RAIN SHOWER,SUMMARY OF DAILY PCPN 2019 ILOILO.pdf,6
2019-06-26,0.0,0.0,0.0,0.0,0.0,LIGHT RAIN SHOWER,SUMMARY OF DAILY PCPN 2019 ILOILO.pdf,6
2019-06-27,4.8,0.0,20.2,23.8,48.8,MODERATE-INTENSE RAIN SHOWER,SUMMARY OF DAILY PCPN 2019 ILOILO.pdf,6
2019-06-28,4.2,0.0,0.0,18.0,22.2,MODERATE-HEAVY RAIN SHOWER,SUMMARY OF DAILY PCPN 2019 ILOILO.pdf,6
2019-06-29,0.0,2.2,3.0,0.0,5.2,LIGHT-MODERATE RAIN SHOWER,SUMMARY OF DAILY PCPN 2019 ILOILO.pdf,6
2019-06-30,12.0,4.4,4.0,36.4,56.8,LIGHT-MODERATE RAIN SHOWER,SUMMARY OF DAILY PCPN 2019 ILOILO.pdf,6
2019-07-01,24.4,8.2,0.3,0.0,32.9,MODERATE-HEAVY RAIN SHOWER,SUMMARY OF DAILY PCPN 2019 ILOILO.pdf,7
2019-07-02,0.0,0.0,0.0,0.0,0.0,,SUMMARY OF DAILY PCPN 2019 ILOILO.pdf,7
2019-07-03,0.0,4.4,12.2,0.0,16.6,LIGHT-MODERATE SHOWER,SUMMARY OF DAILY PCPN 2019 ILOILO.pdf,7
2019-07-04,0.0,0.8,0.0,0.0,0.8,TSTM WITH LIGHT SHOWER,SUMMARY OF DAILY PCPN 2019 ILOILO.pdf,7
2019-07-05,0.0,0.8,0.6,0.0,1.4,LIGHT RAIN SHOWER,SUMMARY OF DAILY PCPN 2019 ILOILO.pdf,7
2019-07-06,0.4,0.0,0.0,0.0,0.4,LIGHT RAIN SHOWER,SUMMARY OF DAILY PCPN 2019 ILOILO.pdf,7
2019-07-07,0.0,0.0,9.5,0.0,9.5,LIGHT RAIN SHOWER,SUMMARY OF DAILY PCPN 2019 ILOILO.pdf,7
2019-07-08,0.0,0.0,0.0,0.0,0.0,,SUMMARY OF DAILY PCPN 2019 ILOILO.pdf,7
2019-07-09,0.0,0.0,2.2,0.0,2.2,LIGHT-MODERATE SHOWER,SUMMARY OF DAILY PCPN 2019 ILOILO.pdf,7
2019-07-10,0.0,0.0,0.0,0.0,0.0,,SUMMARY OF DAILY PCPN 2019 ILOILO.pdf,7
2019-07-11,0.0,0.0,0.0,0.0,0.0,,SUMMARY OF DAILY PCPN 2019 ILOILO.pdf,7
2019-07-12,0.0,0.0,21.0,0.0,21.0,IINTENSE RASH W/ THUNDERSTORM,SUMMARY OF DAILY PCPN 2019 ILOILO.pdf,7
2019-07-13,0.0,51.6,12.8,0.0,64.4,LIGHT-MODERATE W/ OCCATIONAL HEAVY RAIN,SUMMARY OF DAILY PCPN 2019 ILOILO.pdf,7
2019-07-14,0.0,0.0,1.8,0.0,1.8,LIGHT RAIN SHOWER,SUMMARY OF DAILY PCPN 2019 ILOILO.pdf,7
2019-07-15,0.0,0.0,1.2,2.4,3.6,LIGHT RAIN SHOWER,SUMMARY OF DAILY PCPN 2019 ILOILO.pdf,7
2019-07-16,63.6,36.8,23.8,1.6,125.8,MODERATE-HEAVY RASH,SUMMARY OF DAILY PCPN 2019 ILOILO.pdf,7
2019-07-17,0.2,0.0,1.8,0.0,2.0,LIGHT RAIN SHOWER,SUMMARY OF DAILY PCPN 2019 ILOILO.pdf,7
2019-07-18,0.0,0.0,0.0,0.0,0.0,,SUMMARY OF DAILY PCPN 2019 ILOILO.pdf,7
2019-07-19,0.0,0.0,0.0,0.0,0.0,,SUMMARY OF DAILY PCPN 2019 ILOILO.pdf,7
2019-07-20,0.0,0.0,0.0,0.0,0.0,,SUMMARY OF DAILY PCPN 2019 ILOILO.pdf,7
2019-07-21,0.0,0.0,0.0,1.0,1.0,LIGHT RAIN SHOWER,SUMMARY OF DAILY PCPN 2019 ILOILO.pdf,7
2019-07-22,0.0,0.0,0.0,0.0,0.0,LIGHT RAIN SHOWER,SUMMARY OF DAILY PCPN 2019 ILOILO.pdf,7
2019-07-23,0.0,0.0,0.0,0.0,0.0,,SUMMARY OF DAILY PCPN 2019 ILOILO.pdf,7
2019-07-24,0.0,1.2,5.4,8.0,14.6,LIGHT-MODERATE SHOWER,SUMMARY OF DAILY PCPN 2019 ILOILO.pdf,7
2019-07-25,0.0,0.0,0.0,0.0,0.0,,SUMMARY OF DAILY PCPN 2019 ILOILO.pdf,7
2019-07-26,0.0,0.0,0.0,0.0,0.0,,SUMMARY OF DAILY PCPN 2019 ILOILO.pdf,7
2019-07-27,0.0,0.0,0.0,0.0,0.0,LIGHT SHOWER,SUMMARY OF DAILY PCPN 2019 ILOILO.pdf,7
2019-07-28,9.6,1.8,0.0,0.0,11.4,MODERATE-HEAVY SHOWER,SUMMARY OF DAILY PCPN 2019 ILOILO.pdf,7
2019-07-29,0.8,0.0,0.0,0.0,0.8,LIGHT RAIN SHOWER,SUMMARY OF DAILY PCPN 2019 ILOILO.pdf,7
2019-07-30,0.0,0.0,0.0,0.0,0.0,,SUMMARY OF DAILY PCPN 2019 ILOILO.pdf,7
2019-07-31,0.0,2.1,0.0,8.9,11.0,LIGHT-MODERATE SHOWER,SUMMARY OF DAILY PCPN 2019 ILOILO.pdf,7
2019-08-01,0.0,0.0,1.0,0.0,1.0,LIGHT RASH,SUMMARY OF DAILY PCPN 2019 ILOILO.pdf,8
2019-08-02,0.0,0.8,0.0,0.0,0.8,Light to Moderate Rain Shower,SUMMARY OF DAILY PCPN 2019 ILOILO.pdf,8
2019-08-03,13.6,10.2,0.0,8.0,31.8,Light Rain Shower,SUMMARY OF DAILY PCPN 2019 ILOILO.pdf,8
2019-08-04,7.0,0.4,1.3,2.0,10.7,LIGTH TO MODERATE W/ OCCATIONAL HEAVY RAIN,SUMMARY OF DAILY PCPN 2019 ILOILO.pdf,8
2019-08-05,3.4,4.2,6.0,1.2,14.8,LIGTH-MODERATE RASH,SUMMARY OF DAILY PCPN 2019 ILOILO.pdf,8
2019-08-06,22.4,0.2,11.6,7.8,42.0,LIGTH TO MODERATE W/ OCCATIONAL HEAVY RAIN,SUMMARY OF DAILY PCPN 2019 ILOILO.pdf,8
2019-08-07,7.8,15.4,8.4,5.2,36.8,LIGTH TO MODERATE W/ OCCATIONAL HEAVY RAIN,SUMMARY OF DAILY PCPN 2019 ILOILO.pdf,8
2019-08-08,28.0,5.2,1.0,4.2,38.4,LIGTH TO MODERATE W/ OCCATIONAL HEAVY RAIN,SUMMARY OF DAILY PCPN 2019 ILOILO.pdf,8
2019-08-09,0.0,0.0,0.0,0.0,0.0,LIGHT RAIN SHOWER,SUMMARY OF DAILY PCPN 2019 ILOILO.pdf,8
2019-08-10,0.0,0.0,0.0,0.0,0.0,,SUMMARY OF DAILY PCPN 2019 ILOILO.pdf,8
2019-08-11,0.0,0.0,0.0,0.0,0.0,,SUMMARY OF DAILY PCPN 2019 ILOILO.pdf,8
2019-08-12,0.0,0.0,0.0,0.0,0.0,LIGHT RAIN SHOWER,SUMMARY OF DAILY PCPN 2019 ILOILO.pdf,8
2019-08-13,0.0,0.0,0.0,0.0,0.0,LIGHT RAIN SHOWER,SUMMARY OF DAILY PCPN 2019 ILOILO.pdf,8
2019-08-14,0.0,0.0,0.0,0.0,0.0,,SUMMARY OF DAILY PCPN 2019 ILOILO.pdf,8
2019-08-15,0.4,0.0,0.0,0.4,0.8,LIGHT RAIN SHOWER,SUMMARY OF DAILY PCPN 2019 ILOILO.pdf,8
2019-08-16,0.0,0.0,0.0,0.0,0.0,,SUMMARY OF DAILY PCPN 2019 ILOILO.pdf,8
2019-08-17,0.0,12.8,0.0,0.0,12.8,Light to Moderate Rain Shower,SUMMARY OF DAILY PCPN 2019 ILOILO.pdf,8
2019-08-18,0.0,0.0,0.0,0.0,0.0,LIGHT RAIN SHOWER,SUMMARY OF DAILY PCPN 2019 ILOILO.pdf,8
2019-08-19,0.0,0.0,0.0,0.0,0.0,Light to Moderate Rain Shower,SUMMARY OF DAILY PCPN 2019 ILOILO.pdf,8
2019-08-20,0.8,0.0,0.0,0.2,1.0,LIGHT RAIN SHOWER,SUMMARY OF DAILY PCPN 2019 ILOILO.pdf,8
2019-08-21,0.0,0.0,0.0,0.0,0.0,,SUMMARY OF DAILY PCPN 2019 ILOILO.pdf,8
2019-08-22,1.8,0.0,0.0,11.8,13.6,CONTINUES LIGHT RASH,SUMMARY OF DAILY PCPN 2019 ILOILO.pdf,8
2019-08-23,2.2,2.2,42.6,41.8,88.8,CONT. LIGHT-MODERATE W/ OCCATIONAL HEAVY RAIN,SUMMARY OF DAILY PCPN 2019 ILOILO.pdf,8
2019-08-24,8.2,0.0,0.0,0.0,8.2,LIGHT-MODERATE RASH,SUMMARY OF DAILY PCPN 2019 ILOILO.pdf,8
2019-08-25,0.0,0.0,0.0,0.0,0.0,,SUMMARY OF DAILY PCPN 2019 ILOILO.pdf,8
2019-08-26,0.0,0.0,0.0,1.4,1.4,LIGHT RAIN SHOWER,SUMMARY OF DAILY PCPN 2019 ILOILO.pdf,8
2019-08-27,0.0,13.8,9.2,11.0,34.0,LIGHT-MODERATE W/ OCCASIONAL HEAVY RASH,SUMMARY OF DAILY PCPN 2019 ILOILO.pdf,8
2019-08-28,24.8,2.6,0.8,18.8,47.0,LIGHT-MODERATE W/ OCCASIONAL HEAVY RASH,SUMMARY OF DAILY PCPN 2019 ILOILO.pdf,8
2019-08-29,16.0,2.2,0.2,0.0,18.4,LIGHT-MODERATE RASH,SUMMARY OF DAILY PCPN 2019 ILOILO.pdf,8
2019-08-30,0.0,2.2,0.6,0.0,2.8,LIGHT RAIN SHOWER,SUMMARY OF DAILY PCPN 2019 ILOILO.pdf,8
2019-08-31,0.0,16.8,0.0,0.2,17.0,LIGHT-MODERATE RAIN SHOWER,SUMMARY OF DAILY PCPN 2019 ILOILO.pdf,8
2019-09-01,0.0,0.0,0.0,0.0,0.0,,SUMMARY OF DAILY PCPN 2019 ILOILO.pdf,9
2019-09-02,8.6,0.0,11.0,42.0,61.6,Light to Moderate Rain Shower,SUMMARY OF DAILY PCPN 2019 ILOILO.pdf,9
2019-09-03,0.0,0.0,0.0,0.0,0.0,LIGHT RAIN SHOWER,SUMMARY OF DAILY PCPN 2019 ILOILO.pdf,9
2019-09-04,0.0,0.0,0.0,0.0,0.0,,SUMMARY OF DAILY PCPN 2019 ILOILO.pdf,9
2019-09-05,0.0,0.0,0.0,0.0,0.0,,SUMMARY OF DAILY PCPN 2019 ILOILO.pdf,9
2019-09-06,1.4,0.0,0.0,0.0,1.4,LIGHT RASH,SUMMARY OF DAILY PCPN 2019 ILOILO.pdf,9
2019-09-07,0.0,0.0,0.0,1.2,1.2,TSTM WITH LIGHT RASH,SUMMARY OF DAILY PCPN 2019 ILOILO.pdf,9
2019-09-08,1.2,0.2,0.0,0.0,1.4,,SUMMARY OF DAILY PCPN 2019 ILOILO.pdf,9
2019-09-09,0.0,0.0,0.0,0.0,0.0,LIGHT RAIN SHOWER,SUMMARY OF DAILY PCPN 2019 ILOILO.pdf,9
2019-09-10,0.0,0.0,0.0,0.0,0.0,,SUMMARY OF DAILY PCPN 2019 ILOILO.pdf,9
2019-09-11,0.0,2.2,0.0,0.0,2.2,LIGHT RAIN SHOWER,SUMMARY OF DAILY PCPN 2019 ILOILO.pdf,9
2019-09-12,4.8,1.6,1.0,0.4,7.8,LIGHT-MODERATE RASH,SUMMARY OF DAILY PCPN 2019 ILOILO.pdf,9
2019-09-13,0.2,24.2,4.2,3.6,32.2,LIGHT RAIN SHOWER,SUMMARY OF DAILY PCPN 2019 ILOILO.pdf,9
2019-09-14,5.2,2.2,3.2,8.6,19.2,LIGHT-MODERTAE RASH,SUMMARY OF DAILY PCPN 2019 ILOILO.pdf,9
2019-09-15,6.0,1.8,0.0,36.0,43.8,LIGHT-MODERATE W/ OCCASIONAL HEAVY RASH,SUMMARY OF DAILY PCPN 2019 ILOILO.pdf,9
2019-09-16,24.4,7.2,25.4,11.8,68.8,LIGHT-MODERATE W/ OCCASIONAL HEAVY RASH,SUMMARY OF DAILY PCPN 2019 ILOILO.pdf,9
2019-09-17,3.2,71.8,15.8,1.6,92.4,Light to Moderate Rain Shower,SUMMARY OF DAILY PCPN 2019 ILOILO.pdf,9
2019-09-18,8.8,0.0,0.0,0.0,8.8,Light Rain Shower,SUMMARY OF DAILY PCPN 2019 ILOILO.pdf,9
2019-09-19,0.0,0.0,4.8,0.0,4.8,Light to Moderate Rain Shower,SUMMARY OF DAILY PCPN 2019 ILOILO.pdf,9
2019-09-20,0.0,0.0,0.0,0.0,0.0,,SUMMARY OF DAILY PCPN 2019 ILOILO.pdf,9
2019-09-21,33.8,7.8,1.2,0.0,42.8,TSTM WITH MODERATE-HEAVY RASH,SUMMARY OF DAILY PCPN 2019 ILOILO.pdf,9
2019-09-22,0.0,0.0,0.0,0.0,0.0,,SUMMARY OF DAILY PCPN 2019 ILOILO.pdf,9
2019-09-23,0.0,0.0,0.0,0.0,0.0,,SUMMARY OF DAILY PCPN 2019 ILOILO.pdf,9
2019-09-24,0.0,0.0,0.0,0.0,0.0,,SUMMARY OF DAILY PCPN 2019 ILOILO.pdf,9
2019-09-25,0.0,0.0,0.0,0.0,0.0,,SUMMARY OF DAILY PCPN 2019 ILOILO.pdf,9
2019-09-26,0.0,0.0,0.0,0.0,0.0,LIGHT RAIN SHOWER,SUMMARY OF DAILY PCPN 2019 ILOILO.pdf,9
2019-09-27,0.0,0.0,1.0,0.0,1.0,TSTM WITH LIGHT RASH,SUMMARY OF DAILY PCPN 2019 ILOILO.pdf,9
2019-09-28,0.0,0.0,0.0,0.0,0.0,,SUMMARY OF DAILY PCPN 2019 ILOILO.pdf,9
2019-09-29,0.0,0.0,0.0,6.0,6.0,MODERATE-HEAVY RASH,SUMMARY OF DAILY PCPN 2019 ILOILO.pdf,9
2019-09-30,0.0,0.0,0.0,0.0,0.0,LIGHT RAIN SHOWER,SUMMARY OF DAILY PCPN 2019 ILOILO.pdf,9
2019-10-01,0.0,0.0,0.0,0.0,0.0,,SUMMARY OF DAILY PCPN 2019 ILOILO.pdf,10
2019-10-02,0.0,0.0,0.0,0.0,0.0,Light to Moderate Rain Shower,SUMMARY OF DAILY PCPN 2019 ILOILO.pdf,10
2019-10-03,0.0,28.2,0.6,0.0,28.8,LIGHT RAIN SHOWER,SUMMARY OF DAILY PCPN 2019 ILOILO.pdf,10
2019-10-04,0.0,0.0,0.0,0.0,0.0,,SUMMARY OF DAILY PCPN 2019 ILOILO.pdf,10
2019-10-05,0.0,0.0,0.2,0.0,0.2,LIGHT RAIN SHOWER,SUMMARY OF DAILY PCPN 2019 ILOILO.pdf,10
2019-10-06,0.0,0.0,0.0,0.4,0.4,LIGHT RAIN SHOWER,SUMMARY OF DAILY PCPN 2019 ILOILO.pdf,10
2019-10-07,3.0,0.8,0.0,0.0,3.8,Light to Moderate RainShower,SUMMARY OF DAILY PCPN 2019 ILOILO.pdf,10
2019-10-08,0.0,0.0,0.0,0.0,0.0,,SUMMARY OF DAILY PCPN 2019 ILOILO.pdf,10
2019-10-09,0.0,0.0,0.0,0.0,0.0,LIGHT RAIN SHOWER,SUMMARY OF DAILY PCPN 2019 ILOILO.pdf,10
2019-10-10,0.0,3.6,0.0,0.0,3.6,LIGHT RAIN SHOWER,SUMMARY OF DAILY PCPN 2019 ILOILO.pdf,10
2019-10-11,6.6,4.6,0.0,0.0,11.2,Thunderstorm with Heavy RainShower,SUMMARY OF DAILY PCPN 2019 ILOILO.pdf,10
2019-10-12,0.0,0.0,0.0,0.0,0.0,,SUMMARY OF DAILY PCPN 2019 ILOILO.pdf,10
2019-10-13,0.0,0.0,0.0,0.0,0.0,LIGHT RAIN SHOWER,SUMMARY OF DAILY PCPN 2019 ILOILO.pdf,10
2019-10-14,0.0,0.0,0.0,0.0,0.0,,SUMMARY OF DAILY PCPN 2019 ILOILO.pdf,10
2019-10-15,0.0,0.0,0.0,0.0,0.0,,SUMMARY OF DAILY PCPN 2019 ILOILO.pdf,10
2019-10-16,0.0,0.0,0.0,3.2,3.2,Light to Moderate RainShower,SUMMARY OF DAILY PCPN 2019 ILOILO.pdf,10
2019-10-17,0.0,0.0,0.0,0.0,0.0,Light to Moderate Rain Shower,SUMMARY OF DAILY PCPN 2019 ILOILO.pdf,10
2019-10-18,0.0,0.0,0.0,0.0,0.0,LIGHT RAIN SHOWER,SUMMARY OF DAILY PCPN 2019 ILOILO.pdf,10
2019-10-19,0.0,30.0,0.0,0.0,30.0,Light to Moderate Rain Shower,SUMMARY OF DAILY PCPN 2019 ILOILO.pdf,10
2019-10-20,2.0,0.5,0.0,0.0,2.5,LIGHT RAIN SHOWER,SUMMARY OF DAILY PCPN 2019 ILOILO.pdf,10
2019-10-21,0.0,0.0,0.0,0.0,0.0,,SUMMARY OF DAILY PCPN 2019 ILOILO.pdf,10
2019-10-22,0.0,0.0,0.0,0.0,0.0,,SUMMARY OF DAILY PCPN 2019 ILOILO.pdf,10
2019-10-23,0.0,0.0,0.0,0.0,0.0,,SUMMARY OF DAILY PCPN 2019 ILOILO.pdf,10
2019-10-24,0.0,0.0,17.0,0.0,17.0,INTENSE RASH,SUMMARY OF DAILY PCPN 2019 ILOILO.pdf,10
2019-10-25,0.0,0.0,0.0,0.0,0.0,,SUMMARY OF DAILY PCPN 2019 ILOILO.pdf,10
2019-10-26,0.0,0.0,14.2,7.0,21.2,Thunderstorm w/ moderate to Heavy RainShower,SUMMARY OF DAILY PCPN 2019 ILOILO.pdf,10
2019-10-27,0.0,15.2,0.0,0.0,15.2,Thunderstorm w/ Light to Moderate RainShower,SUMMARY OF DAILY PCPN 2019 ILOILO.pdf,10
2019-10-28,0.0,0.0,0.0,0.0,0.0,,SUMMARY OF DAILY PCPN 2019 ILOILO.pdf,10
2019-10-29,0.0,0.0,12.4,0.0,12.4,Moderate to Heavy RainShower,SUMMARY OF DAILY PCPN 2019 ILOILO.pdf,10
2019-10-30,0.0,0.0,0.0,0.2,0.2,LIGHT RAIN SHOWER,SUMMARY OF DAILY PCPN 2019 ILOILO.pdf,10
2019-10-31,1.0,0.0,0.0,0.0,1.0,LIGHT RAIN SHOWER,SUMMARY OF DAILY PCPN 2019 ILOILO.pdf,10
2019-11-01,0.0,0.0,0.0,0.0,0.0,,SUMMARY OF DAILY PCPN 2019 ILOILO.pdf,11
2019-11-02,0.0,41.0,0.4,3.4,44.8,Light to Moderate Rain Shower,SUMMARY OF DAILY PCPN 2019 ILOILO.pdf,11
2019-11-03,1.0,3.4,7.0,0.0,11.4,LIGHT RAIN SHOWER,SUMMARY OF DAILY PCPN 2019 ILOILO.pdf,11
2019-11-04,4.6,0.0,0.0,2.0,6.6,MODERATE RASH,SUMMARY OF DAILY PCPN 2019 ILOILO.pdf,11
2019-11-05,0.0,15.4,0.0,6.0,21.4,TSTM WITH LIGHT TO MODERATE RASH,SUMMARY OF DAILY PCPN 2019 ILOILO.pdf,11
2019-11-06,12.8,10.2,16.0,6.2,45.2,LIGHT TO MODERATE WITH OCCASIONAL HEAVY RASH,SUMMARY OF DAILY PCPN 2019 ILOILO.pdf,11
2019-11-07,29.0,8.0,14.2,2.0,53.2,TSTM W/ LIGHT TO MOD. W/ OCCASIONAL HEAVY RASH,SUMMARY OF DAILY PCPN 2019 ILOILO.pdf,11
2019-11-08,6.0,0.0,0.0,0.0,6.0,TSTM WITH LIGHT TO MODERATE RASH,SUMMARY OF DAILY PCPN 2019 ILOILO.pdf,11
2019-11-09,8.0,0.0,0.8,0.0,8.8,LIGHT RAIN SHOWER,SUMMARY OF DAILY PCPN 2019 ILOILO.pdf,11
2019-11-10,0.0,0.0,0.0,0.0,0.0,LIGHT RAIN SHOWER,SUMMARY OF DAILY PCPN 2019 ILOILO.pdf,11
2019-11-11,1.6,37.8,0.0,10.6,50.0,TSTM WITH HEAVY RASH,SUMMARY OF DAILY PCPN 2019 ILOILO.pdf,11
2019-11-12,4.6,0.2,0.0,0.0,4.8,LIGHT-MODERATE RASH,SUMMARY OF DAILY PCPN 2019 ILOILO.pdf,11
2019-11-13,0.0,4.0,0.0,0.0,4.0,Light Rain Shower,SUMMARY OF DAILY PCPN 2019 ILOILO.pdf,11
2019-11-14,0.0,0.0,0.0,11.6,11.6,LIGHT-MODERATE RASH,SUMMARY OF DAILY PCPN 2019 ILOILO.pdf,11
2019-11-15,0.0,2.0,0.0,0.0,2.0,LIGHT RAIN SHOWER,SUMMARY OF DAILY PCPN 2019 ILOILO.pdf,11
2019-11-16,0.0,0.4,0.0,0.0,0.4,LIGHT RAIN SHOWER,SUMMARY OF DAILY PCPN 2019 ILOILO.pdf,11
2019-11-17,0.0,0.0,0.0,0.0,0.0,Light to Moderate Rain Shower,SUMMARY OF DAILY PCPN 2019 ILOILO.pdf,11
2019-11-18,0.0,0.0,0.0,0.0,0.0,LIGHT RAIN SHOWER,SUMMARY OF DAILY PCPN 2019 ILOILO.pdf,11
2019-11-19,0.0,0.0,0.0,0.0,0.0,Light to Moderate Rain Shower,SUMMARY OF DAILY PCPN 2019 ILOILO.pdf,11
2019-11-20,0.0,0.0,0.0,0.0,0.0,,SUMMARY OF DAILY PCPN 2019 ILOILO.pdf,11
2019-11-21,0.0,0.0,0.0,0.0,0.0,,SUMMARY OF DAILY PCPN 2019 ILOILO.pdf,11
2019-11-22,0.0,0.0,0.0,5.4,5.4,MODERATE RASH,SUMMARY OF DAILY PCPN 2019 ILOILO.pdf,11
2019-11-23,0.0,0.0,0.0,0.0,0.0,,SUMMARY OF DAILY PCPN 2019 ILOILO.pdf,11
2019-11-24,4.4,0.0,0.0,0.0,4.4,Heavy Rash,SUMMARY OF DAILY PCPN 2019 ILOILO.pdf,11
2019-11-25,0.7,0.0,4.2,7.2,12.1,Thunderstorm w/ Light to Moderate Rain Shower,SUMMARY OF DAILY PCPN 2019 ILOILO.pdf,11
2019-11-26,8.0,0.0,0.0,0.0,8.0,Moderate to Heavy Rain Shower,SUMMARY OF DAILY PCPN 2019 ILOILO.pdf,11
2019-11-27,0.0,0.0,0.0,0.0,0.0,,SUMMARY OF DAILY PCPN 2019 ILOILO.pdf,11
2019-11-28,0.0,0.0,0.0,11.6,11.6,Light to Moderate Rain Shower,SUMMARY OF DAILY PCPN 2019 ILOILO.pdf,11
2019-11-29,0.2,0.0,0.0,0.0,0.2,LIGHT RAIN SHOWER,SUMMARY OF DAILY PCPN 2019 ILOILO.pdf,11
2019-11-30,0.0,0.0,0.0,0.0,0.0,,SUMMARY OF DAILY PCPN 2019 ILOILO.pdf,11
2019-12-01,0.0,0.0,0.0,0.2,0.2,,SUMMARY OF DAILY PCPN 2019 ILOILO.pdf,12
2019-12-02,4.0,2.0,0.2,2.4,8.6,Light to Moderate Rain Shower,SUMMARY OF DAILY PCPN 2019 ILOILO.pdf,12
2019-12-03,0.0,0.0,0.0,0.0,0.0,LIGHT RAIN SHOWER,SUMMARY OF DAILY PCPN 2019 ILOILO.pdf,12
2019-12-04,0.0,0.0,0.0,0.0,0.0,,SUMMARY OF DAILY PCPN 2019 ILOILO.pdf,12
2019-12-05,0.0,0.0,0.0,0.0,0.0,,SUMMARY OF DAILY PCPN 2019 ILOILO.pdf,12
2019-12-06,0.0,0.0,0.0,0.0,0.0,,SUMMARY OF DAILY PCPN 2019 ILOILO.pdf,12
2019-12-07,0.0,0.0,0.0,0.0,0.0,,SUMMARY OF DAILY PCPN 2019 ILOILO.pdf,12
2019-12-08,0.0,0.0,0.0,0.0,0.0,,SUMMARY OF DAILY PCPN 2019 ILOILO.pdf,12
2019-12-09,0.0,0.0,0.0,0.0,0.0,LIGHT RAIN SHOWER,SUMMARY OF DAILY PCPN 2019 ILOILO.pdf,12
2019-12-10,0.0,0.0,0.0,0.0,0.0,,SUMMARY OF DAILY PCPN 2019 ILOILO.pdf,12
2019-12-11,0.0,0.0,0.0,0.0,0.0,,SUMMARY OF DAILY PCPN 2019 ILOILO.pdf,12
2019-12-12,0.0,0.0,8.6,6.4,15.0,TSM W/ LIGHT-MOD RASH,SUMMARY OF DAILY PCPN 2019 ILOILO.pdf,12
2019-12-13,0.0,0.0,0.0,0.0,0.0,LIGHT RAIN SHOWER,SUMMARY OF DAILY PCPN 2019 ILOILO.pdf,12
2019-12-14,0.0,0.0,0.0,1.8,1.8,MODERATE RASH,SUMMARY OF DAILY PCPN 2019 ILOILO.pdf,12
2019-12-15,0.0,0.0,0.0,0.0,0.0,,SUMMARY OF DAILY PCPN 2019 ILOILO.pdf,12
2019-12-16,0.0,6.2,0.0,0.0,6.2,MODERTAE-HEAVY RASH,SUMMARY OF DAILY PCPN 2019 ILOILO.pdf,12
2019-12-17,0.0,0.0,1.6,1.0,2.6,Light to Moderate Rain Shower,SUMMARY OF DAILY PCPN 2019 ILOILO.pdf,12
2019-12-18,0.2,0.0,0.0,0.0,0.2,LIGHT RAIN SHOWER,SUMMARY OF DAILY PCPN 2019 ILOILO.pdf,12
2019-12-19,0.0,0.0,3.4,1.8,5.2,Light to Moderate Rain Shower,SUMMARY OF DAILY PCPN 2019 ILOILO.pdf,12
2019-12-20,0.0,0.0,0.0,0.0,0.0,,SUMMARY OF DAILY PCPN 2019 ILOILO.pdf,12
2019-12-21,0.0,1.0,3.0,0.0,4.0,LIGHT RAIN SHOWER,SUMMARY OF DAILY PCPN 2019 ILOILO.pdf,12
2019-12-22,0.0,0.0,0.0,0.0,0.0,,SUMMARY OF DAILY PCPN 2019 ILOILO.pdf,12
2019-12-23,0.0,0.0,0.0,0.0,0.0,,SUMMARY OF DAILY PCPN 2019 ILOILO.pdf,12
2019-12-24,0.0,2.4,21.4,24.2,48.0,Light to Moderate w/ Ocnl Heavy RASH,SUMMARY OF DAILY PCPN 2019 ILOILO.pdf,12
2019-12-25,1.0,10.4,0.0,0.0,11.4,Light to Moderate Rain Shower,SUMMARY OF DAILY PCPN 2019 ILOILO.pdf,12
2019-12-26,0.0,0.0,0.0,0.0,0.0,,SUMMARY OF DAILY PCPN 2019 ILOILO.pdf,12
2019-12-27,0.0,0.0,0.0,0.0,0.0,,SUMMARY OF DAILY PCPN 2019 ILOILO.pdf,12
2019-12-28,0.0,0.0,0.0,0.0,0.0,,SUMMARY OF DAILY PCPN 2019 ILOILO.pdf,12
2019-12-29,0.0,0.0,0.0,0.0,0.0,,SUMMARY OF DAILY PCPN 2019 ILOILO.pdf,12
2019-12-30,0.0,0.0,0.0,0.0,0.0,,SUMMARY OF DAILY PCPN 2019 ILOILO.pdf,12
2019-12-31,0.0,0.0,0.0,0.0,0.0,LIGHT RAIN SHOWER,SUMMARY OF DAILY PCPN 2019 ILOILO.pdf,12
2020-01-01,0.0,1.8,0.0,0.0,1.8,Light Rain Shower,SUMMARY OF DAILY PCPN 2020 ILOILO.pdf,1
2020-01-02,0.0,0.0,0.0,0.0,0.0,,SUMMARY OF DAILY PCPN 2020 ILOILO.pdf,1
2020-01-03,0.0,0.0,0.0,0.0,0.0,,SUMMARY OF DAILY PCPN 2020 ILOILO.pdf,1
2020-01-04,0.6,0.0,0.0,0.0,0.6,Light Rain Shower,SUMMARY OF DAILY PCPN 2020 ILOILO.pdf,1
2020-01-05,0.0,0.0,0.0,0.2,0.2,Light Rain Shower,SUMMARY OF DAILY PCPN 2020 ILOILO.pdf,1
2020-01-06,0.0,0.0,0.0,0.0,0.0,,SUMMARY OF DAILY PCPN 2020 ILOILO.pdf,1
2020-01-07,0.0,0.0,0.0,0.0,0.0,,SUMMARY OF DAILY PCPN 2020 ILOILO.pdf,1
2020-01-08,0.0,0.0,0.0,0.0,0.0,,SUMMARY OF DAILY PCPN 2020 ILOILO.pdf,1
2020-01-09,0.0,0.0,0.0,0.0,0.0,,SUMMARY OF DAILY PCPN 2020 ILOILO.pdf,1
2020-01-10,0.0,0.0,0.0,0.0,0.0,,SUMMARY OF DAILY PCPN 2020 ILOILO.pdf,1
2020-01-11,0.0,0.0,0.0,0.0,0.0,,SUMMARY OF DAILY PCPN 2020 ILOILO.pdf,1
2020-01-12,0.0,0.0,0.0,0.0,0.0,,SUMMARY OF DAILY PCPN 2020 ILOILO.pdf,1
2020-01-13,0.0,0.0,0.0,0.0,0.0,,SUMMARY OF DAILY PCPN 2020 ILOILO.pdf,1
2020-01-14,0.0,0.0,0.0,0.0,0.0,,SUMMARY OF DAILY PCPN 2020 ILOILO.pdf,1
2020-01-15,0.0,0.0,0.0,0.0,0.0,Light Rain Shower,SUMMARY OF DAILY PCPN 2020 ILOILO.pdf,1
2020-01-16,2.4,0.0,0.0,0.6,3.0,Light Rain Shower,SUMMARY OF DAILY PCPN 2020 ILOILO.pdf,1
2020-01-17,0.0,0.0,0.0,0.0,0.0,,SUMMARY OF DAILY PCPN 2020 ILOILO.pdf,1
2020-01-18,0.0,0.0,0.0,0.0,0.0,,SUMMARY OF DAILY PCPN 2020 ILOILO.pdf,1
2020-01-19,0.0,0.2,0.0,0.4,0.6,Light Rain Shower,SUMMARY OF DAILY PCPN 2020 ILOILO.pdf,1
2020-01-20,5.6,0.0,0.0,0.0,5.6,Light Rain Shower,SUMMARY OF DAILY PCPN 2020 ILOILO.pdf,1
2020-01-21,0.0,0.0,0.0,0.0,0.0,,SUMMARY OF DAILY PCPN 2020 ILOILO.pdf,1
2020-01-22,0.0,0.0,0.0,0.0,0.0,,SUMMARY OF DAILY PCPN 2020 ILOILO.pdf,1
2020-01-23,0.0,0.0,0.0,0.0,0.0,,SUMMARY OF DAILY PCPN 2020 ILOILO.pdf,1
2020-01-24,0.0,0.0,0.0,0.0,0.0,,SUMMARY OF DAILY PCPN 2020 ILOILO.pdf,1
2020-01-25,0.0,0.0,0.0,0.0,0.0,,SUMMARY OF DAILY PCPN 2020 ILOILO.pdf,1
2020-01-26,0.0,0.0,0.0,0.0,0.0,,SUMMARY OF DAILY PCPN 2020 ILOILO.pdf,1
2020-01-27,0.0,0.0,0.0,0.0,0.0,,SUMMARY OF DAILY PCPN 2020 ILOILO.pdf,1
2020-01-28,0.0,0.0,0.0,0.0,0.0,,SUMMARY OF DAILY PCPN 2020 ILOILO.pdf,1
2020-01-29,0.0,11.0,0.0,0.0,11.0,Thunderstorm w/ Heavy Rain Shower,SUMMARY OF DAILY PCPN 2020 ILOILO.pdf,1
2020-01-30,0.0,0.0,0.0,0.0,0.0,,SUMMARY OF DAILY PCPN 2020 ILOILO.pdf,1
2020-01-31,0.0,0.0,0.0,0.0,0.0,,SUMMARY OF DAILY PCPN 2020 ILOILO.pdf,1
2020-02-01,0.0,0.0,0.0,0.0,0.0,,SUMMARY OF DAILY PCPN 2020 ILOILO.pdf,2
2020-02-02,0.0,0.0,0.0,0.0,0.0,,SUMMARY OF DAILY PCPN 2020 ILOILO.pdf,2
2020-02-03,0.0,0.0,0.0,0.0,0.0,,SUMMARY OF DAILY PCPN 2020 ILOILO.pdf,2
2020-02-04,0.0,0.0,0.0,0.0,0.0,,SUMMARY OF DAILY PCPN 2020 ILOILO.pdf,2
2020-02-05,0.0,0.0,0.0,0.0,0.0,Light Rain Shower,SUMMARY OF DAILY PCPN 2020 ILOILO.pdf,2
2020-02-06,0.4,0.0,0.0,2.2,2.6,Light Rain Shower,SUMMARY OF DAILY PCPN 2020 ILOILO.pdf,2
2020-02-07,0.0,2.2,0.0,0.0,2.2,Light Rain Shower,SUMMARY OF DAILY PCPN 2020 ILOILO.pdf,2
2020-02-08,0.0,0.0,0.0,0.0,0.0,,SUMMARY OF DAILY PCPN 2020 ILOILO.pdf,2
2020-02-09,0.0,0.0,2.8,0.0,3.0,Light Rain Shower,SUMMARY OF DAILY PCPN 2020 ILOILO.pdf,2
2020-02-10,0.0,0.2,0.0,0.0,0.2,Light Rain Shower,SUMMARY OF DAILY PCPN 2020 ILOILO.pdf,2
2020-02-11,0.0,0.0,0.0,0.0,0.0,,SUMMARY OF DAILY PCPN 2020 ILOILO.pdf,2
2020-02-12,0.0,0.0,0.0,0.0,0.0,Light Rain Shower,SUMMARY OF DAILY PCPN 2020 ILOILO.pdf,2
2020-02-13,0.0,0.0,0.0,0.0,0.0,,SUMMARY OF DAILY PCPN 2020 ILOILO.pdf,2
2020-02-14,0.0,0.0,0.0,0.0,0.0,,SUMMARY OF DAILY PCPN 2020 ILOILO.pdf,2
2020-02-15,0.0,0.0,0.0,0.0,0.0,,SUMMARY OF DAILY PCPN 2020 ILOILO.pdf,2
2020-02-16,0.0,0.0,0.0,0.0,0.0,,SUMMARY OF DAILY PCPN 2020 ILOILO.pdf,2
2020-02-17,0.6,0.0,0.0,0.0,0.6,Light Rain Shower,SUMMARY OF DAILY PCPN 2020 ILOILO.pdf,2
2020-02-18,0.0,0.0,0.0,2.6,2.6,Light Rain Shower,SUMMARY OF DAILY PCPN 2020 ILOILO.pdf,2
2020-02-19,1.2,2.6,0.0,0.0,3.8,INTMT Light Rain Shower,SUMMARY OF DAILY PCPN 2020 ILOILO.pdf,2
2020-02-20,0.2,0.2,0.0,2.2,2.6,Light Rain Shower,SUMMARY OF DAILY PCPN 2020 ILOILO.pdf,2
2020-02-21,0.0,0.0,0.2,0.0,0.2,INTMT Light Rain Shower,SUMMARY OF DAILY PCPN 2020 ILOILO.pdf,2
2020-02-22,0.0,0.0,0.0,0.0,0.0,,SUMMARY OF DAILY PCPN 2020 ILOILO.pdf,2
2020-02-23,0.0,0.2,0.6,0.0,0.8,Light Rain Shower,SUMMARY OF DAILY PCPN 2020 ILOILO.pdf,2
2020-02-24,0.0,0.0,0.0,0.0,0.0,,SUMMARY OF DAILY PCPN 2020 ILOILO.pdf,2
2020-02-25,0.0,0.0,0.0,0.0,0.0,,SUMMARY OF DAILY PCPN 2020 ILOILO.pdf,2
2020-02-26,0.0,0.0,0.0,0.0,0.0,,SUMMARY OF DAILY PCPN 2020 ILOILO.pdf,2
2020-02-27,0.0,0.0,0.8,0.0,0.8,Light Rain Shower,SUMMARY OF DAILY PCPN 2020 ILOILO.pdf,2
2020-02-28,0.0,0.0,0.0,0.0,0.0,,SUMMARY OF DAILY PCPN 2020 ILOILO.pdf,2
2020-02-29,0.0,0.0,0.0,0.0,0.0,,SUMMARY OF DAILY PCPN 2020 ILOILO.pdf,2
2020-03-01,0.0,0.0,0.0,0.0,0.0,,SUMMARY OF DAILY PCPN 2020 ILOILO.pdf,3
2020-03-02,0.0,0.0,0.0,0.0,0.0,,SUMMARY OF DAILY PCPN 2020 ILOILO.pdf,3
2020-03-03,0.0,0.0,0.0,0.0,0.0,,SUMMARY OF DAILY PCPN 2020 ILOILO.pdf,3
2020-03-04,0.0,0.0,0.0,0.0,0.0,,SUMMARY OF DAILY PCPN 2020 ILOILO.pdf,3
2020-03-05,0.0,0.0,0.0,0.0,0.0,Light Rain Shower,SUMMARY OF DAILY PCPN 2020 ILOILO.pdf,3
2020-03-06,6.0,13.4,2.6,1.4,23.4,Light-Moderate w/ ocnl heavy rain,SUMMARY OF DAILY PCPN 2020 ILOILO.pdf,3
2020-03-07,0.0,0.0,0.0,0.0,0.0,Light Rain Shower,SUMMARY OF DAILY PCPN 2020 ILOILO.pdf,3
2020-03-08,0.0,19.4,0.0,0.0,19.4,Light-Moderate w/ ocnl heavy rain,SUMMARY OF DAILY PCPN 2020 ILOILO.pdf,3
2020-03-09,0.0,0.0,0.0,0.0,0.0,,SUMMARY OF DAILY PCPN 2020 ILOILO.pdf,3
2020-03-10,0.0,0.0,0.0,0.0,0.0,,SUMMARY OF DAILY PCPN 2020 ILOILO.pdf,3
2020-03-11,0.0,0.0,0.0,0.0,0.0,,SUMMARY OF DAILY PCPN 2020 ILOILO.pdf,3
2020-03-12,0.0,0.0,0.0,0.0,0.0,,SUMMARY OF DAILY PCPN 2020 ILOILO.pdf,3
2020-03-13,0.0,0.0,0.0,0.0,0.0,,SUMMARY OF DAILY PCPN 2020 ILOILO.pdf,3
2020-03-14,0.0,0.0,0.0,0.0,0.0,,SUMMARY OF DAILY PCPN 2020 ILOILO.pdf,3
2020-03-15,0.0,0.0,0.0,0.0,0.0,,SUMMARY OF DAILY PCPN 2020 ILOILO.pdf,3
2020-03-16,0.0,0.0,0.0,0.0,0.0,,SUMMARY OF DAILY PCPN 2020 ILOILO.pdf,3
2020-03-17,0.0,0.0,0.0,0.0,0.0,,SUMMARY OF DAILY PCPN 2020 ILOILO.pdf,3
2020-03-18,0.0,0.0,0.0,0.0,0.0,,SUMMARY OF DAILY PCPN 2020 ILOILO.pdf,3
2020-03-19,0.0,0.0,0.0,0.0,0.0,,SUMMARY OF DAILY PCPN 2020 ILOILO.pdf,3
2020-03-20,0.0,0.0,0.0,0.0,0.0,,SUMMARY OF DAILY PCPN 2020 ILOILO.pdf,3
2020-03-21,0.0,0.0,0.0,0.0,0.0,,SUMMARY OF DAILY PCPN 2020 ILOILO.pdf,3
2020-03-22,0.0,0.0,0.0,0.0,0.0,,SUMMARY OF DAILY PCPN 2020 ILOILO.pdf,3
2020-03-23,0.0,0.0,0.0,0.0,0.0,,SUMMARY OF DAILY PCPN 2020 ILOILO.pdf,3
2020-03-24,0.0,0.0,0.0,0.0,0.0,,SUMMARY OF DAILY PCPN 2020 ILOILO.pdf,3
2020-03-25,0.0,0.0,0.0,3.2,3.2,Light Rain Shower,SUMMARY OF DAILY PCPN 2020 ILOILO.pdf,3
2020-03-26,0.0,0.0,0.0,0.0,0.0,,SUMMARY OF DAILY PCPN 2020 ILOILO.pdf,3
2020-03-27,0.0,0.0,0.0,0.0,0.0,,SUMMARY OF DAILY PCPN 2020 ILOILO.pdf,3
2020-03-28,0.0,0.0,0.0,0.0,0.0,,SUMMARY OF DAILY PCPN 2020 ILOILO.pdf,3
2020-03-29,0.0,0.0,0.0,0.0,0.0,,SUMMARY OF DAILY PCPN 2020 ILOILO.pdf,3
2020-03-30,0.0,0.0,0.0,0.0,0.0,,SUMMARY OF DAILY PCPN 2020 ILOILO.pdf,3
2020-03-31,0.0,0.0,0.0,0.0,0.0,,SUMMARY OF DAILY PCPN 2020 ILOILO.pdf,3
2020-04-01,0.0,0.0,0.0,0.0,0.0,,SUMMARY OF DAILY PCPN 2020 ILOILO.pdf,4
2020-04-02,0.0,0.0,0.0,0.0,0.0,,SUMMARY OF DAILY PCPN 2020 ILOILO.pdf,4
2020-04-03,0.0,0.0,0.0,0.0,0.0,,SUMMARY OF DAILY PCPN 2020 ILOILO.pdf,4
2020-04-04,0.0,0.0,0.0,0.0,0.0,,SUMMARY OF DAILY PCPN 2020 ILOILO.pdf,4
2020-04-05,0.0,0.0,0.0,0.0,0.0,,SUMMARY OF DAILY PCPN 2020 ILOILO.pdf,4
2020-04-06,0.0,0.0,0.0,0.0,0.0,,SUMMARY OF DAILY PCPN 2020 ILOILO.pdf,4
2020-04-07,0.0,0.0,0.0,0.0,0.0,,SUMMARY OF DAILY PCPN 2020 ILOILO.pdf,4
2020-04-08,0.0,0.0,0.0,0.0,0.0,,SUMMARY OF DAILY PCPN 2020 ILOILO.pdf,4
2020-04-09,0.0,0.0,0.0,0.0,0.0,,SUMMARY OF DAILY PCPN 2020 ILOILO.pdf,4
2020-04-10,0.0,0.0,0.0,0.0,0.0,,SUMMARY OF DAILY PCPN 2020 ILOILO.pdf,4
2020-04-11,0.0,0.0,0.0,0.0,0.0,,SUMMARY OF DAILY PCPN 2020 ILOILO.pdf,4
2020-04-12,0.0,0.0,0.0,0.0,0.0,,SUMMARY OF DAILY PCPN 2020 ILOILO.pdf,4
2020-04-13,0.0,0.0,0.0,0.0,0.0,,SUMMARY OF DAILY PCPN 2020 ILOILO.pdf,4
2020-04-14,0.0,0.0,0.0,0.0,0.0,,SUMMARY OF DAILY PCPN 2020 ILOILO.pdf,4
2020-04-15,0.0,0.0,0.0,0.0,0.0,,SUMMARY OF DAILY PCPN 2020 ILOILO.pdf,4
2020-04-16,0.0,0.0,0.0,0.0,0.0,,SUMMARY OF DAILY PCPN 2020 ILOILO.pdf,4
2020-04-17,0.0,0.0,0.0,0.0,0.0,,SUMMARY OF DAILY PCPN 2020 ILOILO.pdf,4
2020-04-18,0.0,0.0,0.0,0.0,0.0,Light Rain Shower,SUMMARY OF DAILY PCPN 2020 ILOILO.pdf,4
2020-04-19,0.0,0.0,0.0,0.0,0.0,,SUMMARY OF DAILY PCPN 2020 ILOILO.pdf,4
2020-04-20,0.0,0.0,0.0,0.0,0.0,Light Rain Shower,SUMMARY OF DAILY PCPN 2020 ILOILO.pdf,4
2020-04-21,0.0,0.0,0.0,0.0,0.0,,SUMMARY OF DAILY PCPN 2020 ILOILO.pdf,4
2020-04-22,0.0,0.0,0.0,0.0,0.0,,SUMMARY OF DAILY PCPN 2020 ILOILO.pdf,4
2020-04-23,0.0,0.0,0.0,0.0,0.0,,SUMMARY OF DAILY PCPN 2020 ILOILO.pdf,4
2020-04-24,0.0,0.0,0.0,0.0,0.0,Light Rain Shower,SUMMARY OF DAILY PCPN 2020 ILOILO.pdf,4
2020-04-25,0.0,0.0,0.0,0.0,0.0,Light Rain Shower,SUMMARY OF DAILY PCPN 2020 ILOILO.pdf,4
2020-04-26,0.0,0.0,0.0,0.0,0.0,,SUMMARY OF DAILY PCPN 2020 ILOILO.pdf,4
2020-04-27,0.0,0.0,0.0,0.0,0.0,,SUMMARY OF DAILY PCPN 2020 ILOILO.pdf,4
2020-04-28,0.0,0.0,0.0,0.0,0.0,,SUMMARY OF DAILY PCPN 2020 ILOILO.pdf,4
2020-04-29,0.0,0.0,0.0,0.0,0.0,,SUMMARY OF DAILY PCPN 2020 ILOILO.pdf,4
2020-04-30,0.0,0.0,0.0,0.0,0.0,Light Rain Shower,SUMMARY OF DAILY PCPN 2020 ILOILO.pdf,4
2020-05-01,0.0,0.0,0.0,0.0,0.0,,SUMMARY OF DAILY PCPN 2020 ILOILO.pdf,5
2020-05-02,0.0,0.0,0.0,0.0,0.0,Light Rain Shower,SUMMARY OF DAILY PCPN 2020 ILOILO.pdf,5
2020-05-03,48.2,1.2,0.0,1.4,50.8,Light Moderate w/ OCNL Heavy Rain,SUMMARY OF DAILY PCPN 2020 ILOILO.pdf,5
2020-05-04,0.0,16.6,0.8,0.0,17.4,Moderate to Heavy Rain Shower,SUMMARY OF DAILY PCPN 2020 ILOILO.pdf,5
2020-05-05,0.0,0.0,0.0,0.0,0.0,,SUMMARY OF DAILY PCPN 2020 ILOILO.pdf,5
2020-05-06,0.0,0.0,0.0,0.0,0.0,,SUMMARY OF DAILY PCPN 2020 ILOILO.pdf,5
2020-05-07,0.0,0.0,0.0,0.0,0.0,,SUMMARY OF DAILY PCPN 2020 ILOILO.pdf,5
2020-05-08,0.0,0.0,0.0,0.0,0.0,,SUMMARY OF DAILY PCPN 2020 ILOILO.pdf,5
2020-05-09,0.0,0.0,0.0,0.0,0.0,,SUMMARY OF DAILY PCPN 2020 ILOILO.pdf,5
2020-05-10,0.0,0.0,0.0,0.0,0.0,,SUMMARY OF DAILY PCPN 2020 ILOILO.pdf,5
2020-05-11,0.0,0.0,0.0,0.0,0.0,,SUMMARY OF DAILY PCPN 2020 ILOILO.pdf,5
2020-05-12,0.0,27.2,0.0,0.0,27.2,ThunderStorm w/ INT Rain Shower,SUMMARY OF DAILY PCPN 2020 ILOILO.pdf,5
2020-05-13,0.0,0.0,0.0,0.0,0.0,Light Rain Shower,SUMMARY OF DAILY PCPN 2020 ILOILO.pdf,5
2020-05-14,2.4,0.0,0.0,0.0,2.4,Light Rain Shower,SUMMARY OF DAILY PCPN 2020 ILOILO.pdf,5
2020-05-15,0.0,0.0,0.0,3.2,3.2,Light moderate Rain Shower,SUMMARY OF DAILY PCPN 2020 ILOILO.pdf,5
2020-05-16,1.0,0.0,0.0,0.0,1.0,Light Rain Shower,SUMMARY OF DAILY PCPN 2020 ILOILO.pdf,5
2020-05-17,0.0,0.0,0.0,0.0,0.0,,SUMMARY OF DAILY PCPN 2020 ILOILO.pdf,5
2020-05-18,0.0,0.0,0.0,0.0,0.0,,SUMMARY OF DAILY PCPN 2020 ILOILO.pdf,5
2020-05-19,0.0,0.0,0.0,0.0,0.0,Light Rain Shower,SUMMARY OF DAILY PCPN 2020 ILOILO.pdf,5
2020-05-20,0.0,0.0,27.6,0.0,27.6,ThunderStorm w/ INT Rain Shower,SUMMARY OF DAILY PCPN 2020 ILOILO.pdf,5
2020-05-21,0.0,0.0,1.2,0.0,1.2,Light Rain Shower,SUMMARY OF DAILY PCPN 2020 ILOILO.pdf,5
2020-05-22,0.0,7.0,0.0,0.0,7.0,Light Rain Shower,SUMMARY OF DAILY PCPN 2020 ILOILO.pdf,5
2020-05-23,0.0,0.0,0.0,0.0,0.0,,SUMMARY OF DAILY PCPN 2020 ILOILO.pdf,5
2020-05-24,0.0,0.0,0.0,0.0,0.0,Light Rain Shower,SUMMARY OF DAILY PCPN 2020 ILOILO.pdf,5
2020-05-25,0.0,0.0,0.0,0.0,0.0,,SUMMARY OF DAILY PCPN 2020 ILOILO.pdf,5
2020-05-26,0.0,0.0,0.0,0.0,0.0,,SUMMARY OF DAILY PCPN 2020 ILOILO.pdf,5
2020-05-27,0.0,0.0,0.0,0.0,0.0,,SUMMARY OF DAILY PCPN 2020 ILOILO.pdf,5
2020-05-28,0.0,2.6,0.0,0.0,2.6,Thunderstorm w/ Moderate Rain Shower,SUMMARY OF DAILY PCPN 2020 ILOILO.pdf,5
2020-05-29,0.0,0.0,0.0,0.0,0.0,,SUMMARY OF DAILY PCPN 2020 ILOILO.pdf,5
2020-05-30,0.0,0.0,0.0,3.0,3.0,Light Rain Shower,SUMMARY OF DAILY PCPN 2020 ILOILO.pdf,5
2020-05-31,0.0,0.0,0.0,0.0,0.0,,SUMMARY OF DAILY PCPN 2020 ILOILO.pdf,5
2020-06-01,0.0,0.0,0.0,0.0,0.0,,SUMMARY OF DAILY PCPN 2020 ILOILO.pdf,6
2020-06-02,0.0,0.0,0.0,0.0,0.0,,SUMMARY OF DAILY PCPN 2020 ILOILO.pdf,6
2020-06-03,0.0,0.0,0.0,0.0,0.0,,SUMMARY OF DAILY PCPN 2020 ILOILO.pdf,6
2020-06-04,0.0,0.0,0.0,11.0,11.0,MODERATE RASH,SUMMARY OF DAILY PCPN 2020 ILOILO.pdf,6
2020-06-05,0.0,0.0,0.0,0.8,0.8,LIGHT RASH,SUMMARY OF DAILY PCPN 2020 ILOILO.pdf,6
2020-06-06,0.0,0.0,0.0,0.0,0.0,,SUMMARY OF DAILY PCPN 2020 ILOILO.pdf,6
2020-06-07,0.0,0.0,0.0,0.0,0.0,,SUMMARY OF DAILY PCPN 2020 ILOILO.pdf,6
2020-06-08,0.0,0.0,0.0,0.0,0.0,,SUMMARY OF DAILY PCPN 2020 ILOILO.pdf,6
2020-06-09,0.0,17.4,0.0,0.0,17.4,TSTM W/ HEAVY RASH,SUMMARY OF DAILY PCPN 2020 ILOILO.pdf,6
2020-06-10,55.0,4.8,1.2,8.8,69.8,TSTM W/ HEAVY RASH,SUMMARY OF DAILY PCPN 2020 ILOILO.pdf,6
2020-06-11,3.0,9.4,9.6,1.8,23.8,LIGHT - MODERATE W/ OCNL HEAVY RASH,SUMMARY OF DAILY PCPN 2020 ILOILO.pdf,6
2020-06-12,0.2,0.2,0.0,0.0,0.4,LIGHT RASH,SUMMARY OF DAILY PCPN 2020 ILOILO.pdf,6
2020-06-13,0.0,0.0,0.0,0.0,0.0,,SUMMARY OF DAILY PCPN 2020 ILOILO.pdf,6
2020-06-14,0.0,0.0,0.0,0.0,0.0,LIGHT RASH,SUMMARY OF DAILY PCPN 2020 ILOILO.pdf,6
2020-06-15,0.0,0.0,0.0,0.6,0.6,LIGHT RASH,SUMMARY OF DAILY PCPN 2020 ILOILO.pdf,6
2020-06-16,0.0,0.0,0.0,0.0,0.0,,SUMMARY OF DAILY PCPN 2020 ILOILO.pdf,6
2020-06-17,0.0,0.0,0.0,2.2,2.2,LIGHT RASH,SUMMARY OF DAILY PCPN 2020 ILOILO.pdf,6
2020-06-18,0.0,4.0,3.2,0.0,7.2,TSTM W/ LIGHT- MODERATE RASH,SUMMARY OF DAILY PCPN 2020 ILOILO.pdf,6
2020-06-19,0.0,0.0,0.0,0.0,0.0,,SUMMARY OF DAILY PCPN 2020 ILOILO.pdf,6
2020-06-20,0.0,0.0,0.0,0.0,0.0,,SUMMARY OF DAILY PCPN 2020 ILOILO.pdf,6
2020-06-21,0.0,13.2,0.0,0.0,13.2,Thunderstorm w/ heavy Rain Shower,SUMMARY OF DAILY PCPN 2020 ILOILO.pdf,6
2020-06-22,0.0,0.0,6.4,0.0,6.4,Thunderstorm w/ light to moderate RASH,SUMMARY OF DAILY PCPN 2020 ILOILO.pdf,6
2020-06-23,0.0,0.0,14.8,0.0,14.8,Thunderstorm w/ heavy Rain Shower,SUMMARY OF DAILY PCPN 2020 ILOILO.pdf,6
2020-06-24,0.0,0.0,0.0,4.0,4.0,Light Rain Shower,SUMMARY OF DAILY PCPN 2020 ILOILO.pdf,6
2020-06-25,0.8,0.0,0.0,9.2,10.0,Light to Moderate Rain Shower,SUMMARY OF DAILY PCPN 2020 ILOILO.pdf,6
2020-06-26,0.0,0.0,0.0,0.0,0.0,LIGHT RASH,SUMMARY OF DAILY PCPN 2020 ILOILO.pdf,6
2020-06-27,0.0,0.4,11.8,4.8,17.0,LIGHT- MODERATE RASH,SUMMARY OF DAILY PCPN 2020 ILOILO.pdf,6
2020-06-28,4.0,3.2,0.0,0.0,7.2,LIGHT- MODERATE RASH,SUMMARY OF DAILY PCPN 2020 ILOILO.pdf,6
2020-06-29,0.0,0.0,0.0,0.0,0.0,LIGHT RASH,SUMMARY OF DAILY PCPN 2020 ILOILO.pdf,6
2020-06-30,0.0,0.0,0.0,0.0,0.0,LIGHT RASH,SUMMARY OF DAILY PCPN 2020 ILOILO.pdf,6
2020-07-01,0.0,0.0,0.0,0.8,0.8,LIGHT RASH,SUMMARY OF DAILY PCPN 2020 ILOILO.pdf,7
2020-07-02,0.0,0.0,8.8,0.0,8.8,Thunderstorm w/ heavy Rain Shower,SUMMARY OF DAILY PCPN 2020 ILOILO.pdf,7
2020-07-03,0.0,1.4,1.8,23.6,26.8,Thunderstorm w/ heavy Rain Shower,SUMMARY OF DAILY PCPN 2020 ILOILO.pdf,7
2020-07-04,0.0,0.0,0.2,0.0,0.2,LIGHT RASH,SUMMARY OF DAILY PCPN 2020 ILOILO.pdf,7
2020-07-05,0.0,0.0,0.0,1.0,1.0,LIGHT RASH,SUMMARY OF DAILY PCPN 2020 ILOILO.pdf,7
2020-07-06,0.0,0.0,0.0,0.0,0.0,,SUMMARY OF DAILY PCPN 2020 ILOILO.pdf,7
2020-07-07,0.0,0.0,0.0,0.0,0.0,,SUMMARY OF DAILY PCPN 2020 ILOILO.pdf,7
2020-07-08,0.0,0.0,0.0,0.0,0.0,,SUMMARY OF DAILY PCPN 2020 ILOILO.pdf,7
2020-07-09,0.0,0.0,39.8,0.0,39.8,Thunderstorm w/ intense rain,SUMMARY OF DAILY PCPN 2020 ILOILO.pdf,7
2020-07-10,0.0,0.0,0.0,0.0,0.0,,SUMMARY OF DAILY PCPN 2020 ILOILO.pdf,7
2020-07-11,0.0,0.0,0.0,0.0,0.0,,SUMMARY OF DAILY PCPN 2020 ILOILO.pdf,7
2020-07-12,0.0,0.0,0.0,0.0,0.0,,SUMMARY OF DAILY PCPN 2020 ILOILO.pdf,7
2020-07-13,0.0,0.0,0.0,0.0,0.0,,SUMMARY OF DAILY PCPN 2020 ILOILO.pdf,7
2020-07-14,0.0,0.0,3.0,0.0,3.0,Thunderstorm w/ Moderate RASH,SUMMARY OF DAILY PCPN 2020 ILOILO.pdf,7
2020-07-15,0.0,0.0,0.0,0.0,0.0,LIGHT RASH,SUMMARY OF DAILY PCPN 2020 ILOILO.pdf,7
2020-07-16,0.0,0.0,0.0,0.0,0.0,LIGHT RASH,SUMMARY OF DAILY PCPN 2020 ILOILO.pdf,7
2020-07-17,0.0,3.6,12.2,0.0,15.8,Thunderstorm w/ light to moderate RASH,SUMMARY OF DAILY PCPN 2020 ILOILO.pdf,7
2020-07-18,0.0,0.0,0.4,0.0,0.4,LIGHT RASH,SUMMARY OF DAILY PCPN 2020 ILOILO.pdf,7
2020-07-19,0.0,5.2,2.2,0.0,7.4,LIGHT RASH,SUMMARY OF DAILY PCPN 2020 ILOILO.pdf,7
2020-07-20,0.0,0.0,0.0,0.0,0.0,,SUMMARY OF DAILY PCPN 2020 ILOILO.pdf,7
2020-07-21,57.6,5.0,0.0,0.0,62.6,Thunderstorm w/ torrential rain,SUMMARY OF DAILY PCPN 2020 ILOILO.pdf,7
2020-07-22,0.0,0.0,0.0,0.0,0.0,,SUMMARY OF DAILY PCPN 2020 ILOILO.pdf,7
2020-07-23,0.0,0.0,0.0,0.0,0.0,LIGHT RASH,SUMMARY OF DAILY PCPN 2020 ILOILO.pdf,7
2020-07-24,0.0,0.0,0.0,0.0,0.0,LIGHT RASH,SUMMARY OF DAILY PCPN 2020 ILOILO.pdf,7
2020-07-25,0.0,0.8,0.0,0.0,0.8,LIGHT RASH,SUMMARY OF DAILY PCPN 2020 ILOILO.pdf,7
2020-07-26,0.0,0.0,0.0,0.0,0.0,,SUMMARY OF DAILY PCPN 2020 ILOILO.pdf,7
2020-07-27,0.0,1.0,0.0,1.0,2.0,LIGHT RASH,SUMMARY OF DAILY PCPN 2020 ILOILO.pdf,7
2020-07-28,0.0,93.2,0.0,0.0,93.2,Thunderstorm w/ INTENSE rain,SUMMARY OF DAILY PCPN 2020 ILOILO.pdf,7
2020-07-29,0.4,0.0,2.0,18.0,20.4,LIGHT TO MODERATE RASH,SUMMARY OF DAILY PCPN 2020 ILOILO.pdf,7
2020-07-30,1.4,0.8,10.0,7.8,20.0,LIGHT TO MODERATE RASH,SUMMARY OF DAILY PCPN 2020 ILOILO.pdf,7
2020-07-31,0.0,4.4,6.4,0.0,10.8,LIGHT RAIN,SUMMARY OF DAILY PCPN 2020 ILOILO.pdf,7
2020-08-01,0.0,0.4,0.4,0.0,0.8,LIGHT RASH,SUMMARY OF DAILY PCPN 2020 ILOILO.pdf,8
2020-08-02,0.0,0.0,0.0,0.0,0.0,,SUMMARY OF DAILY PCPN 2020 ILOILO.pdf,8
2020-08-03,0.0,0.0,0.0,0.0,0.0,,SUMMARY OF DAILY PCPN 2020 ILOILO.pdf,8
2020-08-04,0.0,0.0,0.0,0.0,0.0,LIGHT RASH,SUMMARY OF DAILY PCPN 2020 ILOILO.pdf,8
2020-08-05,0.0,30.4,1.2,0.6,32.2,Thunderstorm w/ mod-hvy RASH,SUMMARY OF DAILY PCPN 2020 ILOILO.pdf,8
2020-08-06,0.0,0.0,6.8,1.0,7.8,LIGHT TO MODERATE RASH,SUMMARY OF DAILY PCPN 2020 ILOILO.pdf,8
2020-08-07,0.0,0.0,6.8,0.0,6.8,LIGHT TO MODERATE RASH,SUMMARY OF DAILY PCPN 2020 ILOILO.pdf,8
2020-08-08,0.0,13.4,19.2,22.4,55.0,LIGHT-MODERATE W/ OCCASIONAL HVY RASH,SUMMARY OF DAILY PCPN 2020 ILOILO.pdf,8
2020-08-09,0.0,0.0,6.0,0.0,6.0,Thunderstorm w/ LIGHT-MOD RASH,SUMMARY OF DAILY PCPN 2020 ILOILO.pdf,8
2020-08-10,0.0,0.0,0.0,0.0,0.0,,SUMMARY OF DAILY PCPN 2020 ILOILO.pdf,8
2020-08-11,0.0,0.0,0.0,0.0,0.0,,SUMMARY OF DAILY PCPN 2020 ILOILO.pdf,8
2020-08-12,0.0,16.4,4.8,0.0,21.2,Thunderstorm w/ HEAVY RASH,SUMMARY OF DAILY PCPN 2020 ILOILO.pdf,8
2020-08-13,1.0,6.0,0.0,,7.0,LIGHT TO MODERATE RASH,SUMMARY OF DAILY PCPN 2020 ILOILO.pdf,8
2020-08-14,0.0,0.0,0.0,0.0,0.0,,SUMMARY OF DAILY PCPN 2020 ILOILO.pdf,8
2020-08-15,0.0,0.0,0.0,0.0,0.0,LIGHT RASH,SUMMARY OF DAILY PCPN 2020 ILOILO.pdf,8
2020-08-16,0.0,0.6,0.0,0.0,0.6,LIGHT RASH,SUMMARY OF DAILY PCPN 2020 ILOILO.pdf,8
2020-08-17,0.0,0.0,6.0,0.0,6.0,LIGHT TO MODERATE RASH,SUMMARY OF DAILY PCPN 2020 ILOILO.pdf,8
2020-08-18,0.0,12.0,0.2,0.0,12.2,Thunderstorm w/ LIGHT-MOD RASH,SUMMARY OF DAILY PCPN 2020 ILOILO.pdf,8
2020-08-19,0.0,1.6,0.4,0.0,2.0,LIGHT RASH,SUMMARY OF DAILY PCPN 2020 ILOILO.pdf,8
2020-08-20,0.2,0.0,0.0,0.2,0.4,LIGHT RASH,SUMMARY OF DAILY PCPN 2020 ILOILO.pdf,8
2020-08-21,0.0,0.0,0.0,0.0,0.0,,SUMMARY OF DAILY PCPN 2020 ILOILO.pdf,8
2020-08-22,0.0,0.0,0.0,0.0,0.0,,SUMMARY OF DAILY PCPN 2020 ILOILO.pdf,8
2020-08-23,0.0,0.0,0.0,0.0,0.0,,SUMMARY OF DAILY PCPN 2020 ILOILO.pdf,8
2020-08-24,0.0,0.0,0.0,0.0,0.0,,SUMMARY OF DAILY PCPN 2020 ILOILO.pdf,8
2020-08-25,0.0,0.0,0.0,0.0,0.0,,SUMMARY OF DAILY PCPN 2020 ILOILO.pdf,8
2020-08-26,0.0,0.0,0.0,0.0,0.0,,SUMMARY OF DAILY PCPN 2020 ILOILO.pdf,8
2020-08-27,0.0,0.0,0.0,0.0,0.0,,SUMMARY OF DAILY PCPN 2020 ILOILO.pdf,8
2020-08-28,0.0,0.0,0.0,0.0,0.0,,SUMMARY OF DAILY PCPN 2020 ILOILO.pdf,8
2020-08-29,0.0,0.0,0.0,0.0,0.0,,SUMMARY OF DAILY PCPN 2020 ILOILO.pdf,8
2020-08-30,0.0,0.0,0.0,0.0,0.0,LIGHT RASH,SUMMARY OF DAILY PCPN 2020 ILOILO.pdf,8
2020-08-31,0.0,0.0,0.0,0.0,0.0,,SUMMARY OF DAILY PCPN 2020 ILOILO.pdf,8
2020-09-01,0.0,0.0,0.0,0.0,0.0,,SUMMARY OF DAILY PCPN 2020 ILOILO.pdf,9
2020-09-02,0.0,0.0,0.0,0.0,0.0,,SUMMARY OF DAILY PCPN 2020 ILOILO.pdf,9
2020-09-03,0.0,0.0,0.0,0.0,0.0,,SUMMARY OF DAILY PCPN 2020 ILOILO.pdf,9
2020-09-04,0.0,0.0,0.0,0.0,0.0,,SUMMARY OF DAILY PCPN 2020 ILOILO.pdf,9
2020-09-05,0.0,0.0,0.0,0.0,0.0,,SUMMARY OF DAILY PCPN 2020 ILOILO.pdf,9
2020-09-06,0.0,0.0,0.0,0.0,0.0,,SUMMARY OF DAILY PCPN 2020 ILOILO.pdf,9
2020-09-07,0.0,0.0,0.0,0.0,0.0,LIGHT RASH,SUMMARY OF DAILY PCPN 2020 ILOILO.pdf,9
2020-09-08,0.0,98.0,6.2,0.0,104.2,Thunderstorm w/ TORRENTIAL RASH,SUMMARY OF DAILY PCPN 2020 ILOILO.pdf,9
2020-09-09,0.0,0.0,0.0,1.4,1.4,LIGHT RASH,SUMMARY OF DAILY PCPN 2020 ILOILO.pdf,9
2020-09-10,0.0,2.8,0.0,0.0,2.8,LIGHT RASH,SUMMARY OF DAILY PCPN 2020 ILOILO.pdf,9
2020-09-11,0.0,24.2,0.0,2.8,27.0,Thunderstorm w/ HEAVY RASH,SUMMARY OF DAILY PCPN 2020 ILOILO.pdf,9
2020-09-12,0.0,0.2,0.0,0.0,0.2,LIGHT RASH,SUMMARY OF DAILY PCPN 2020 ILOILO.pdf,9
2020-09-13,0.0,0.0,0.0,0.0,0.0,,SUMMARY OF DAILY PCPN 2020 ILOILO.pdf,9
2020-09-14,0.4,7.2,1.0,0.0,8.6,LIGHT TO MODERATE RASH,SUMMARY OF DAILY PCPN 2020 ILOILO.pdf,9
2020-09-15,4.8,12.6,7.4,42.0,66.8,LIGHT TO MODERATE RASH to at times heavy rash,SUMMARY OF DAILY PCPN 2020 ILOILO.pdf,9
2020-09-16,14.2,4.0,9.6,4.4,32.2,LIGHT TO MODERATE RASH,SUMMARY OF DAILY PCPN 2020 ILOILO.pdf,9
2020-09-17,16.6,0.8,0.0,2.8,20.2,LIGHT-MODERATE W/ OCCASIONAL HVY RASH,SUMMARY OF DAILY PCPN 2020 ILOILO.pdf,9
2020-09-18,0.0,0.0,0.0,0.0,0.0,Thunderstorm w/ LIGHT-MOD RASH,SUMMARY OF DAILY PCPN 2020 ILOILO.pdf,9
2020-09-19,0.0,0.0,0.0,0.0,0.0,,SUMMARY OF DAILY PCPN 2020 ILOILO.pdf,9
2020-09-20,0.0,0.0,0.0,0.4,0.4,LIGHT RAIN,SUMMARY OF DAILY PCPN 2020 ILOILO.pdf,9
2020-09-21,0.6,0.0,0.0,0.0,0.6,LIGHT RAIN,SUMMARY OF DAILY PCPN 2020 ILOILO.pdf,9
2020-09-22,0.0,1.8,0.0,0.0,1.8,LIGHT RAIN,SUMMARY OF DAILY PCPN 2020 ILOILO.pdf,9
2020-09-23,0.0,0.0,0.0,0.0,0.0,,SUMMARY OF DAILY PCPN 2020 ILOILO.pdf,9
2020-09-24,0.0,0.0,0.0,0.0,0.0,,SUMMARY OF DAILY PCPN 2020 ILOILO.pdf,9
2020-09-25,0.0,0.0,0.4,0.0,0.4,LIGHT RASH,SUMMARY OF DAILY PCPN 2020 ILOILO.pdf,9
2020-09-26,0.0,0.0,0.0,0.0,0.0,,SUMMARY OF DAILY PCPN 2020 ILOILO.pdf,9
2020-09-27,0.0,3.8,0.0,0.0,3.8,LIGHT TO MODERATE RASH,SUMMARY OF DAILY PCPN 2020 ILOILO.pdf,9
2020-09-28,0.0,0.2,0.0,0.0,0.2,LIGHT RASH,SUMMARY OF DAILY PCPN 2020 ILOILO.pdf,9
2020-09-29,0.0,1.8,0.0,0.0,1.8,LIGHT RAIN,SUMMARY OF DAILY PCPN 2020 ILOILO.pdf,9
2020-09-30,0.0,0.0,0.0,0.0,0.0,LIGHT RASH,SUMMARY OF DAILY PCPN 2020 ILOILO.pdf,9
2020-10-01,0.0,0.0,2.0,0.0,2.0,LIGHT RASH,SUMMARY OF DAILY PCPN 2020 ILOILO.pdf,10
2020-10-02,0.0,0.0,0.0,0.0,0.0,,SUMMARY OF DAILY PCPN 2020 ILOILO.pdf,10
2020-10-03,0.0,0.0,0.0,0.0,0.0,,SUMMARY OF DAILY PCPN 2020 ILOILO.pdf,10
2020-10-04,0.0,0.0,0.0,0.0,0.0,,SUMMARY OF DAILY PCPN 2020 ILOILO.pdf,10
2020-10-05,0.0,0.0,30.6,10.6,41.2,TSTM w/ LIGHT- MODERATE RASH to at times heavy rash,SUMMARY OF DAILY PCPN 2020 ILOILO.pdf,10
2020-10-06,0.0,11.8,1.2,0.0,13.0,Thunderstorm w/ MODERATE RASH,SUMMARY OF DAILY PCPN 2020 ILOILO.pdf,10
2020-10-07,4.0,3.6,0.0,0.4,8.0,LIGHT RASH,SUMMARY OF DAILY PCPN 2020 ILOILO.pdf,10
2020-10-08,0.0,0.0,0.0,0.0,0.0,LIGHT RASH,SUMMARY OF DAILY PCPN 2020 ILOILO.pdf,10
2020-10-09,0.0,1.2,0.0,0.0,1.2,LIGHT RASH,SUMMARY OF DAILY PCPN 2020 ILOILO.pdf,10
2020-10-10,0.0,1.0,0.0,0.0,1.0,LIGHT RASH,SUMMARY OF DAILY PCPN 2020 ILOILO.pdf,10
2020-10-11,0.0,0.6,0.2,0.0,0.8,LIGHT RASH,SUMMARY OF DAILY PCPN 2020 ILOILO.pdf,10
2020-10-12,0.0,0.0,0.0,0.0,0.0,LIGHT RASH,SUMMARY OF DAILY PCPN 2020 ILOILO.pdf,10
2020-10-13,0.0,0.0,0.0,0.0,0.0,,SUMMARY OF DAILY PCPN 2020 ILOILO.pdf,10
2020-10-14,1.6,2.8,0.0,13.2,17.6,LIGHT TO MODERATE RASH,SUMMARY OF DAILY PCPN 2020 ILOILO.pdf,10
2020-10-15,10.2,48.0,0.6,2.8,61.6,Thunderstorm w/ HEAVY RASH,SUMMARY OF DAILY PCPN 2020 ILOILO.pdf,10
2020-10-16,0.0,7.2,0.0,0.0,7.2,LIGHT RASH,SUMMARY OF DAILY PCPN 2020 ILOILO.pdf,10
2020-10-17,0.0,3.2,0.0,0.0,3.2,Thunderstorm w/ LIGHT RASH,SUMMARY OF DAILY PCPN 2020 ILOILO.pdf,10
2020-10-18,13.6,22.4,0.0,0.0,36.0,Thunderstorm w/ HEAVY RASH,SUMMARY OF DAILY PCPN 2020 ILOILO.pdf,10
2020-10-19,7.0,1.6,0.0,0.0,8.6,LIGHT TO MODERATE RASH,SUMMARY OF DAILY PCPN 2020 ILOILO.pdf,10
2020-10-20,2.2,,1.0,3.8,7.0,LIGHT TO MODERATE RASH,SUMMARY OF DAILY PCPN 2020 ILOILO.pdf,10
2020-10-21,5.4,18.2,15.8,0.2,39.6,LIGHT TO MODERATE RASH,SUMMARY OF DAILY PCPN 2020 ILOILO.pdf,10
2020-10-22,0.0,0.0,0.0,1.6,1.6,LIGHT RASH,SUMMARY OF DAILY PCPN 2020 ILOILO.pdf,10
2020-10-23,0.0,56.0,9.2,0.0,65.2,Thunderstorm w/ HEAVY RASH,SUMMARY OF DAILY PCPN 2020 ILOILO.pdf,10
2020-10-24,0.0,0.0,0.0,0.0,0.0,,SUMMARY OF DAILY PCPN 2020 ILOILO.pdf,10
2020-10-25,0.0,11.8,29.6,20.0,61.4,LIGHT TO MODERATE RASH w/ OCNL HVY RASH,SUMMARY OF DAILY PCPN 2020 ILOILO.pdf,10
2020-10-26,16.2,5.8,13.0,0.0,35.0,LIGHT TO MODERATE RASH w/ OCNL HVY RASH,SUMMARY OF DAILY PCPN 2020 ILOILO.pdf,10
2020-10-27,0.0,0.0,9.6,6.2,15.8,Thunderstorm w/ HEAVY RASH,SUMMARY OF DAILY PCPN 2020 ILOILO.pdf,10
2020-10-28,0.0,0.8,0.0,0.0,0.8,LIGHT RASH,SUMMARY OF DAILY PCPN 2020 ILOILO.pdf,10
2020-10-29,0.0,15.4,0.0,2.4,17.8,TSTM w/ LIGHT- MODERATE RASH,SUMMARY OF DAILY PCPN 2020 ILOILO.pdf,10
2020-10-30,1.3,0.0,0.7,0.0,2.0,LIGHT RASH,SUMMARY OF DAILY PCPN 2020 ILOILO.pdf,10
2020-10-31,0.0,0.6,6.0,0.0,6.6,LIGHT RASH,SUMMARY OF DAILY PCPN 2020 ILOILO.pdf,10
2020-11-01,0.0,5.8,2.2,1.0,9.0,LIGHT TO MODERATE RASH,SUMMARY OF DAILY PCPN 2020 ILOILO.pdf,11
2020-11-02,41.0,11.8,10.4,6.0,69.2,MODERATE W/ some intense RASH,SUMMARY OF DAILY PCPN 2020 ILOILO.pdf,11
2020-11-03,0.0,0.0,0.2,0.0,0.2,LIGHT RASH,SUMMARY OF DAILY PCPN 2020 ILOILO.pdf,11
2020-11-04,0.0,0.0,0.0,0.0,0.0,,SUMMARY OF DAILY PCPN 2020 ILOILO.pdf,11
2020-11-05,0.0,0.0,0.0,0.0,0.0,,SUMMARY OF DAILY PCPN 2020 ILOILO.pdf,11
2020-11-06,0.0,0.0,0.0,0.0,0.0,,SUMMARY OF DAILY PCPN 2020 ILOILO.pdf,11
2020-11-07,0.0,0.2,0.6,0.0,0.8,LIGHT RASH,SUMMARY OF DAILY PCPN 2020 ILOILO.pdf,11
2020-11-08,0.0,0.0,0.0,0.0,0.0,,SUMMARY OF DAILY PCPN 2020 ILOILO.pdf,11
2020-11-09,0.0,0.0,0.0,0.0,0.0,,SUMMARY OF DAILY PCPN 2020 ILOILO.pdf,11
2020-11-10,1.0,2.2,1.2,0.0,4.4,LIGHT RASH,SUMMARY OF DAILY PCPN 2020 ILOILO.pdf,11
2020-11-11,0.3,0.2,0.2,26.0,26.7,Thunderstorm w/ HEAVY RASH,SUMMARY OF DAILY PCPN 2020 ILOILO.pdf,11
2020-11-12,0.0,0.0,0.0,0.0,0.0,,SUMMARY OF DAILY PCPN 2020 ILOILO.pdf,11
2020-11-13,0.0,0.0,0.0,4.4,4.4,LIGHT TO MODERATE RASH,SUMMARY OF DAILY PCPN 2020 ILOILO.pdf,11
2020-11-14,0.0,0.0,0.0,0.0,0.0,,SUMMARY OF DAILY PCPN 2020 ILOILO.pdf,11
2020-11-15,0.0,0.0,0.0,0.0,0.0,,SUMMARY OF DAILY PCPN 2020 ILOILO.pdf,11
2020-11-16,0.0,0.0,0.0,2.4,2.4,LIGHT RASH,SUMMARY OF DAILY PCPN 2020 ILOILO.pdf,11
2020-11-17,0.0,0.0,0.0,0.0,0.0,LIGHT RASH,SUMMARY OF DAILY PCPN 2020 ILOILO.pdf,11
2020-11-18,0.0,0.0,3.2,0.0,3.2,Thunderstorm w/ LIGHT RASH,SUMMARY OF DAILY PCPN 2020 ILOILO.pdf,11
2020-11-19,0.0,0.0,0.0,0.0,0.0,,SUMMARY OF DAILY PCPN 2020 ILOILO.pdf,11
2020-11-20,0.4,0.0,0.0,0.4,0.8,LIGHT RASH,SUMMARY OF DAILY PCPN 2020 ILOILO.pdf,11
2020-11-21,0.0,0.0,5.6,0.0,5.6,TSTM w/ LIGHT- MODERATE RASH,SUMMARY OF DAILY PCPN 2020 ILOILO.pdf,11
2020-11-22,0.0,0.0,0.0,0.0,0.0,LIGHT RASH,SUMMARY OF DAILY PCPN 2020 ILOILO.pdf,11
2020-11-23,12.2,0.0,0.0,0.0,12.2,HEAVY RASH,SUMMARY OF DAILY PCPN 2020 ILOILO.pdf,11
2020-11-24,1.0,0.6,1.6,0.0,3.2,LIGHT RASH,SUMMARY OF DAILY PCPN 2020 ILOILO.pdf,11
2020-11-25,6.0,4.0,0.0,0.0,10.0,LIGHT TO MODERATE RASH,SUMMARY OF DAILY PCPN 2020 ILOILO.pdf,11
2020-11-26,0.0,0.0,36.2,0.0,36.2,Thunderstorm w/ HEAVY RASH,SUMMARY OF DAILY PCPN 2020 ILOILO.pdf,11
2020-11-27,0.0,0.0,0.0,0.0,0.0,,SUMMARY OF DAILY PCPN 2020 ILOILO.pdf,11
2020-11-28,0.0,0.0,0.0,0.0,0.0,,SUMMARY OF DAILY PCPN 2020 ILOILO.pdf,11
2020-11-29,0.0,0.0,0.0,1.8,1.8,LIGHT RASH,SUMMARY OF DAILY PCPN 2020 ILOILO.pdf,11
2020-11-30,2.2,0.2,0.0,0.0,2.4,LIGHT RASH,SUMMARY OF DAILY PCPN 2020 ILOILO.pdf,11
2020-12-01,0.2,0.0,0.0,1.0,1.2,LIGHT RASH,SUMMARY OF DAILY PCPN 2020 ILOILO.pdf,12
2020-12-02,1.6,33.2,0.4,0.0,35.2,Thunderstorm w/ HEAVY RASH,SUMMARY OF DAILY PCPN 2020 ILOILO.pdf,12
2020-12-03,0.0,1.2,1.0,0.0,2.2,LIGHT RASH,SUMMARY OF DAILY PCPN 2020 ILOILO.pdf,12
2020-12-04,0.0,27.2,22.8,0.0,50.0,Thunderstorm w/ HEAVY RASH,SUMMARY OF DAILY PCPN 2020 ILOILO.pdf,12
2020-12-05,1.0,0.0,0.0,0.2,1.2,LIGHT RASH,SUMMARY OF DAILY PCPN 2020 ILOILO.pdf,12
2020-12-06,0.0,2.6,0.8,0.0,3.4,LIGHT RASH,SUMMARY OF DAILY PCPN 2020 ILOILO.pdf,12
2020-12-07,0.0,0.0,0.0,0.0,0.0,,SUMMARY OF DAILY PCPN 2020 ILOILO.pdf,12
2020-12-08,0.0,0.0,0.0,1.2,1.2,LIGHT RASH,SUMMARY OF DAILY PCPN 2020 ILOILO.pdf,12
2020-12-09,0.0,0.0,0.0,0.0,0.0,,SUMMARY OF DAILY PCPN 2020 ILOILO.pdf,12
2020-12-10,0.0,0.0,0.0,0.0,0.0,LIGHT RASH,SUMMARY OF DAILY PCPN 2020 ILOILO.pdf,12
2020-12-11,0.0,0.0,0.0,0.0,0.0,,SUMMARY OF DAILY PCPN 2020 ILOILO.pdf,12
2020-12-12,0.0,0.0,0.0,0.0,0.0,,SUMMARY OF DAILY PCPN 2020 ILOILO.pdf,12
2020-12-13,0.0,0.0,0.0,0.0,0.0,LIGHT RASH,SUMMARY OF DAILY PCPN 2020 ILOILO.pdf,12
2020-12-14,0.0,1.8,0.0,11.0,12.8,Thunderstorm w/ LGT-MOD RASH,SUMMARY OF DAILY PCPN 2020 ILOILO.pdf,12
2020-12-15,0.0,0.0,0.0,1.2,1.2,LIGHT RASH,SUMMARY OF DAILY PCPN 2020 ILOILO.pdf,12
2020-12-16,0.2,0.0,0.0,0.0,0.2,LIGHT RASH,SUMMARY OF DAILY PCPN 2020 ILOILO.pdf,12
2020-12-17,0.0,0.0,5.2,0.0,5.2,MODERATE RASH,SUMMARY OF DAILY PCPN 2020 ILOILO.pdf,12
2020-12-18,1.0,13.2,5.6,1.8,21.6,LIGHT-MODERATE RASH,SUMMARY OF DAILY PCPN 2020 ILOILO.pdf,12
2020-12-19,2.0,0.0,0.0,0.0,2.0,LIGHT RASH,SUMMARY OF DAILY PCPN 2020 ILOILO.pdf,12
2020-12-20,0.0,0.0,2.0,0.0,2.0,LIGHT RASH,SUMMARY OF DAILY PCPN 2020 ILOILO.pdf,12
2020-12-21,0.0,0.0,0.0,0.0,0.0,,SUMMARY OF DAILY PCPN 2020 ILOILO.pdf,12
2020-12-22,0.0,0.0,0.0,0.0,0.0,,SUMMARY OF DAILY PCPN 2020 ILOILO.pdf,12
2020-12-23,0.0,0.0,0.0,0.0,0.0,,SUMMARY OF DAILY PCPN 2020 ILOILO.pdf,12
2020-12-24,0.0,0.0,0.0,0.0,0.0,,SUMMARY OF DAILY PCPN 2020 ILOILO.pdf,12
2020-12-25,0.0,0.0,0.0,0.0,0.0,,SUMMARY OF DAILY PCPN 2020 ILOILO.pdf,12
2020-12-26,28.6,7.0,22.0,6.2,63.8,MODERATE-HEAVY RASH,SUMMARY OF DAILY PCPN 2020 ILOILO.pdf,12
2020-12-27,0.0,0.0,0.0,7.2,7.2,LIGHT-MODERATE RASH,SUMMARY OF DAILY PCPN 2020 ILOILO.pdf,12
2020-12-28,0.0,0.0,0.0,0.0,0.0,,SUMMARY OF DAILY PCPN 2020 ILOILO.pdf,12
2020-12-29,0.0,0.0,0.0,0.0,0.0,,SUMMARY OF DAILY PCPN 2020 ILOILO.pdf,12
2020-12-30,0.0,0.0,9.2,4.6,13.8,LIGHT-MODERATE RASH,SUMMARY OF DAILY PCPN 2020 ILOILO.pdf,12
2020-12-31,9.4,2.6,0.8,0.2,13.0,LIGHT-MODERATE RASH,SUMMARY OF DAILY PCPN 2020 ILOILO.pdf,12
2021-01-01,0.0,0.0,0.0,0.0,0.0,,SUMMARY OF DAILY PCPN 2021 ILOILO .pdf,1
2021-01-02,0.0,0.3,0.0,6.0,6.3,LIGHT-MODERATE RASH,SUMMARY OF DAILY PCPN 2021 ILOILO .pdf,1
2021-01-03,5.8,0.0,0.2,0.6,6.6,LIGHT-MODERATE RASH,SUMMARY OF DAILY PCPN 2021 ILOILO .pdf,1
2021-01-04,0.0,0.0,0.0,1.6,1.6,LIGHT-MODERATE RASH,SUMMARY OF DAILY PCPN 2021 ILOILO .pdf,1
2021-01-05,0.0,0.0,0.0,1.2,1.2,LIGHT-MODERATE RASH,SUMMARY OF DAILY PCPN 2021 ILOILO .pdf,1
2021-01-06,0.0,0.0,0.0,0.0,0.0,,SUMMARY OF DAILY PCPN 2021 ILOILO .pdf,1
2021-01-07,0.2,0.0,0.0,0.0,0.2,LIGHT RASH,SUMMARY OF DAILY PCPN 2021 ILOILO .pdf,1
2021-01-08,3.0,9.0,0.8,0.2,13.0,LIGHT-MODERATE RASH,SUMMARY OF DAILY PCPN 2021 ILOILO .pdf,1
2021-01-09,11.0,4.4,0.0,0.0,15.4,LIGHT-MODERATE RASH,SUMMARY OF DAILY PCPN 2021 ILOILO .pdf,1
2021-01-10,0.0,0.0,0.0,0.4,0.4,LIGHT RASH,SUMMARY OF DAILY PCPN 2021 ILOILO .pdf,1
2021-01-11,1.2,0.2,0.0,0.0,1.4,LIGHT RASH,SUMMARY OF DAILY PCPN 2021 ILOILO .pdf,1
2021-01-12,0.0,0.0,0.0,0.0,0.0,,SUMMARY OF DAILY PCPN 2021 ILOILO .pdf,1
2021-01-13,0.0,0.0,0.0,0.0,0.0,,SUMMARY OF DAILY PCPN 2021 ILOILO .pdf,1
2021-01-14,0.2,4.8,0.0,0.0,5.0,LIGHT-MODERATE RASH,SUMMARY OF DAILY PCPN 2021 ILOILO .pdf,1
2021-01-15,0.0,0.0,0.0,1.0,1.0,LIGHT RAIN,SUMMARY OF DAILY PCPN 2021 ILOILO .pdf,1
2021-01-16,3.8,5.8,0.0,0.0,9.6,LIGHT-MODERATE RASH,SUMMARY OF DAILY PCPN 2021 ILOILO .pdf,1
2021-01-17,0.2,0.0,0.2,0.0,0.4,LIGHT RASH,SUMMARY OF DAILY PCPN 2021 ILOILO .pdf,1
2021-01-18,0.2,11.6,0.0,0.8,12.6,LIGHT-MODERATE RASH,SUMMARY OF DAILY PCPN 2021 ILOILO .pdf,1
2021-01-19,0.0,0.0,0.0,0.0,0.0,,SUMMARY OF DAILY PCPN 2021 ILOILO .pdf,1
2021-01-20,0.0,0.0,0.0,0.0,0.0,,SUMMARY OF DAILY PCPN 2021 ILOILO .pdf,1
2021-01-21,0.0,3.8,0.0,1.8,5.6,LIGHT-MODERATE RASH,SUMMARY OF DAILY PCPN 2021 ILOILO .pdf,1
2021-01-22,3.0,0.0,0.0,0.0,3.0,LIGHT RAIN,SUMMARY OF DAILY PCPN 2021 ILOILO .pdf,1
2021-01-23,0.0,0.0,0.0,0.0,0.0,,SUMMARY OF DAILY PCPN 2021 ILOILO .pdf,1
2021-01-24,0.0,0.0,0.0,0.0,0.0,,SUMMARY OF DAILY PCPN 2021 ILOILO .pdf,1
2021-01-25,0.0,0.0,0.0,0.0,0.0,,SUMMARY OF DAILY PCPN 2021 ILOILO .pdf,1
2021-01-26,0.0,0.0,0.0,0.0,0.0,,SUMMARY OF DAILY PCPN 2021 ILOILO .pdf,1
2021-01-27,0.0,0.0,0.0,0.6,0.6,LIGHT RASH,SUMMARY OF DAILY PCPN 2021 ILOILO .pdf,1
2021-01-28,3.8,1.8,1.0,0.0,6.6,INTERMITTENT LIGHT RAIN,SUMMARY OF DAILY PCPN 2021 ILOILO .pdf,1
2021-01-29,0.0,0.2,0.0,0.0,0.2,LIGHT RASH,SUMMARY OF DAILY PCPN 2021 ILOILO .pdf,1
2021-01-30,0.2,0.2,0.0,0.0,0.4,LIGHT RASH,SUMMARY OF DAILY PCPN 2021 ILOILO .pdf,1
2021-01-31,0.4,0.0,0.0,0.0,0.4,LIGHT RASH,SUMMARY OF DAILY PCPN 2021 ILOILO .pdf,1
2021-02-01,0.0,0.0,0.0,0.0,0.0,LIGHT RASH,SUMMARY OF DAILY PCPN 2021 ILOILO .pdf,2
2021-02-02,0.0,3.2,4.4,1.2,8.8,LIGHT TO MOD RASH,SUMMARY OF DAILY PCPN 2021 ILOILO .pdf,2
2021-02-03,0.0,1.8,0.0,0.6,2.4,LIGHT RAIN,SUMMARY OF DAILY PCPN 2021 ILOILO .pdf,2
2021-02-04,0.2,0.0,0.0,0.0,0.2,LIGHT RASH,SUMMARY OF DAILY PCPN 2021 ILOILO .pdf,2
2021-02-05,0.0,0.0,0.0,0.0,0.0,,SUMMARY OF DAILY PCPN 2021 ILOILO .pdf,2
2021-02-06,0.0,0.0,0.0,0.0,0.0,,SUMMARY OF DAILY PCPN 2021 ILOILO .pdf,2
2021-02-07,0.0,0.8,1.0,18.8,21.6,LIGHT TO MOD RAIN,SUMMARY OF DAILY PCPN 2021 ILOILO .pdf,2
2021-02-08,2.8,0.0,0.0,1.0,3.8,LIGHT TO MOD RASH,SUMMARY OF DAILY PCPN 2021 ILOILO .pdf,2
2021-02-09,0.4,0.0,0.0,0.0,0.4,LIGHT RASH,SUMMARY OF DAILY PCPN 2021 ILOILO .pdf,2
2021-02-10,0.0,0.0,0.0,0.0,0.0,,SUMMARY OF DAILY PCPN 2021 ILOILO .pdf,2
2021-02-11,0.0,0.0,0.0,0.0,0.0,,SUMMARY OF DAILY PCPN 2021 ILOILO .pdf,2
2021-02-12,0.0,0.4,0.0,0.0,0.4,LIGHT RASH,SUMMARY OF DAILY PCPN 2021 ILOILO .pdf,2
2021-02-13,0.0,0.0,0.0,2.0,2.0,LIGHT RASH,SUMMARY OF DAILY PCPN 2021 ILOILO .pdf,2
2021-02-14,0.0,0.8,10.6,1.2,12.6,LIGHT TO MOD RAIN,SUMMARY OF DAILY PCPN 2021 ILOILO .pdf,2
2021-02-15,2.2,6.8,0.0,0.0,9.0,LIGHT TO MOD RAIN,SUMMARY OF DAILY PCPN 2021 ILOILO .pdf,2
2021-02-16,0.0,0.0,0.0,0.0,0.0,,SUMMARY OF DAILY PCPN 2021 ILOILO .pdf,2
2021-02-17,0.0,0.0,0.0,0.0,0.0,,SUMMARY OF DAILY PCPN 2021 ILOILO .pdf,2
2021-02-18,0.0,0.0,0.0,0.2,0.2,LIGHT RASH,SUMMARY OF DAILY PCPN 2021 ILOILO .pdf,2
2021-02-19,2.0,0.0,0.0,0.0,2.0,LIGHT RASH,SUMMARY OF DAILY PCPN 2021 ILOILO .pdf,2
2021-02-20,0.0,0.0,0.0,0.0,0.0,,SUMMARY OF DAILY PCPN 2021 ILOILO .pdf,2
2021-02-21,0.0,0.4,4.0,5.8,10.2,INTMT LIGHT - MOD RAIN,SUMMARY OF DAILY PCPN 2021 ILOILO .pdf,2
2021-02-22,0.0,0.0,0.0,0.0,0.0,,SUMMARY OF DAILY PCPN 2021 ILOILO .pdf,2
2021-02-23,0.0,0.0,0.0,0.0,0.0,,SUMMARY OF DAILY PCPN 2021 ILOILO .pdf,2
2021-02-24,0.0,0.0,0.0,0.0,0.0,,SUMMARY OF DAILY PCPN 2021 ILOILO .pdf,2
2021-02-25,0.0,0.0,0.0,0.0,0.0,,SUMMARY OF DAILY PCPN 2021 ILOILO .pdf,2
2021-02-26,0.0,0.0,0.0,0.0,0.0,,SUMMARY OF DAILY PCPN 2021 ILOILO .pdf,2
2021-02-27,0.0,0.0,0.0,0.0,0.0,,SUMMARY OF DAILY PCPN 2021 ILOILO .pdf,2
2021-02-28,0.0,0.0,0.0,0.0,0.0,LIGHT RASH,SUMMARY OF DAILY PCPN 2021 ILOILO .pdf,2
2021-03-01,0.0,0.0,0.0,0.0,0.0,,SUMMARY OF DAILY PCPN 2021 ILOILO .pdf,3
2021-03-02,0.0,0.0,0.0,0.0,0.0,,SUMMARY OF DAILY PCPN 2021 ILOILO .pdf,3
2021-03-03,0.0,0.0,0.0,0.0,0.0,,SUMMARY OF DAILY PCPN 2021 ILOILO .pdf,3
2021-03-04,0.0,0.0,0.0,0.0,0.0,,SUMMARY OF DAILY PCPN 2021 ILOILO .pdf,3
2021-03-05,0.0,0.0,0.0,0.0,0.0,,SUMMARY OF DAILY PCPN 2021 ILOILO .pdf,3
2021-03-06,0.0,0.0,0.0,0.0,0.0,,SUMMARY OF DAILY PCPN 2021 ILOILO .pdf,3
2021-03-07,0.0,0.0,0.0,1.0,1.0,LIGHT RASH,SUMMARY OF DAILY PCPN 2021 ILOILO .pdf,3
2021-03-08,6.0,0.0,0.0,0.0,6.0,LIGHT TO MOD RASH,SUMMARY OF DAILY PCPN 2021 ILOILO .pdf,3
2021-03-09,0.0,0.0,0.0,0.0,0.0,,SUMMARY OF DAILY PCPN 2021 ILOILO .pdf,3
2021-03-10,0.0,0.0,0.0,0.0,0.0,,SUMMARY OF DAILY PCPN 2021 ILOILO .pdf,3
2021-03-11,2.0,5.2,0.0,0.0,7.2,LIGHT TO MOD RAIN,SUMMARY OF DAILY PCPN 2021 ILOILO .pdf,3
2021-03-12,0.0,0.0,0.6,1.4,2.0,LIGHT TO MOD RASH,SUMMARY OF DAILY PCPN 2021 ILOILO .pdf,3
2021-03-13,0.0,33.8,8.4,0.0,42.2,TSTM WITH HVY RASH,SUMMARY OF DAILY PCPN 2021 ILOILO .pdf,3
2021-03-14,0.0,0.0,0.0,0.0,0.0,,SUMMARY OF DAILY PCPN 2021 ILOILO .pdf,3
2021-03-15,0.0,0.0,0.0,0.0,0.0,,SUMMARY OF DAILY PCPN 2021 ILOILO .pdf,3
2021-03-16,0.0,0.0,0.7,0.0,0.7,TSTM W/ LIGHT RASH,SUMMARY OF DAILY PCPN 2021 ILOILO .pdf,3
2021-03-17,0.0,0.0,0.0,0.0,0.0,,SUMMARY OF DAILY PCPN 2021 ILOILO .pdf,3
2021-03-18,0.0,0.0,0.0,0.0,0.0,,SUMMARY OF DAILY PCPN 2021 ILOILO .pdf,3
2021-03-19,0.0,0.0,0.0,0.0,0.0,,SUMMARY OF DAILY PCPN 2021 ILOILO .pdf,3
2021-03-20,0.0,0.0,0.0,0.0,0.0,,SUMMARY OF DAILY PCPN 2021 ILOILO .pdf,3
2021-03-21,0.0,12.2,0.0,0.0,12.2,TSTM W/ LGT - MOD RASH,SUMMARY OF DAILY PCPN 2021 ILOILO .pdf,3
2021-03-22,0.0,0.0,0.0,0.0,0.0,,SUMMARY OF DAILY PCPN 2021 ILOILO .pdf,3
2021-03-23,0.0,0.0,0.0,0.0,0.0,,SUMMARY OF DAILY PCPN 2021 ILOILO .pdf,3
2021-03-24,0.0,0.0,2.2,5.6,7.8,LIGHT TO MOD RAIN,SUMMARY OF DAILY PCPN 2021 ILOILO .pdf,3
2021-03-25,2.6,0.0,1.8,1.2,5.6,LIGHT TO MOD RASH,SUMMARY OF DAILY PCPN 2021 ILOILO .pdf,3
2021-03-26,0.0,0.0,0.0,0.0,0.0,,SUMMARY OF DAILY PCPN 2021 ILOILO .pdf,3
2021-03-27,0.0,0.0,5.8,0.0,5.8,MOD TO HEAVY RSH,SUMMARY OF DAILY PCPN 2021 ILOILO .pdf,3
2021-03-28,0.0,0.0,0.0,0.0,0.0,,SUMMARY OF DAILY PCPN 2021 ILOILO .pdf,3
2021-03-29,0.0,0.0,0.0,0.0,0.0,,SUMMARY OF DAILY PCPN 2021 ILOILO .pdf,3
2021-03-30,0.0,0.0,0.0,3.2,3.2,LIGHT TO MOD RASH,SUMMARY OF DAILY PCPN 2021 ILOILO .pdf,3
2021-03-31,7.2,0.0,0.0,0.0,7.2,LIGHT TO MOD RASH,SUMMARY OF DAILY PCPN 2021 ILOILO .pdf,3
2021-04-01,0.0,0.0,0.0,0.0,0.0,,SUMMARY OF DAILY PCPN 2021 ILOILO .pdf,4
2021-04-02,0.0,0.0,0.0,0.0,0.0,,SUMMARY OF DAILY PCPN 2021 ILOILO .pdf,4
2021-04-03,0.0,0.0,0.0,0.0,0.0,,SUMMARY OF DAILY PCPN 2021 ILOILO .pdf,4
2021-04-04,0.0,0.0,0.0,0.0,0.0,,SUMMARY OF DAILY PCPN 2021 ILOILO .pdf,4
2021-04-05,0.0,0.0,0.0,0.0,0.0,,SUMMARY OF DAILY PCPN 2021 ILOILO .pdf,4
2021-04-06,0.0,0.0,0.0,0.0,0.0,,SUMMARY OF DAILY PCPN 2021 ILOILO .pdf,4
2021-04-07,0.0,0.0,0.0,0.0,0.0,,SUMMARY OF DAILY PCPN 2021 ILOILO .pdf,4
2021-04-08,0.0,0.0,0.0,0.0,0.0,,SUMMARY OF DAILY PCPN 2021 ILOILO .pdf,4
2021-04-09,0.0,0.0,0.0,0.0,0.0,,SUMMARY OF DAILY PCPN 2021 ILOILO .pdf,4
2021-04-10,0.0,0.0,0.0,0.0,0.0,,SUMMARY OF DAILY PCPN 2021 ILOILO .pdf,4
2021-04-11,0.0,0.0,0.0,0.0,0.0,,SUMMARY OF DAILY PCPN 2021 ILOILO .pdf,4
2021-04-12,0.0,0.0,0.0,0.0,0.0,,SUMMARY OF DAILY PCPN 2021 ILOILO .pdf,4
2021-04-13,0.0,0.0,0.0,0.0,0.0,,SUMMARY OF DAILY PCPN 2021 ILOILO .pdf,4
2021-04-14,0.0,0.2,0.0,0.0,0.2,LIGHT RASH,SUMMARY OF DAILY PCPN 2021 ILOILO .pdf,4
2021-04-15,0.0,31.4,0.0,0.0,31.4,TSTM W/ LGT - MOD RASH,SUMMARY OF DAILY PCPN 2021 ILOILO .pdf,4
2021-04-16,5.8,0.0,0.0,0.0,5.8,MOD TO HEAVY RSH,SUMMARY OF DAILY PCPN 2021 ILOILO .pdf,4
2021-04-17,0.0,0.0,0.0,0.0,0.0,LIGHT RASH,SUMMARY OF DAILY PCPN 2021 ILOILO .pdf,4
2021-04-18,0.0,0.0,0.0,0.0,0.0,,SUMMARY OF DAILY PCPN 2021 ILOILO .pdf,4
2021-04-19,0.0,0.0,0.0,0.4,0.4,LIGHT RASH,SUMMARY OF DAILY PCPN 2021 ILOILO .pdf,4
2021-04-20,0.6,0.0,0.0,0.0,0.6,LIGHT RASH,SUMMARY OF DAILY PCPN 2021 ILOILO .pdf,4
2021-04-21,0.0,0.0,0.0,0.0,0.0,,SUMMARY OF DAILY PCPN 2021 ILOILO .pdf,4
2021-04-22,0.0,0.0,0.0,0.0,0.0,LIGHT RASH,SUMMARY OF DAILY PCPN 2021 ILOILO .pdf,4
2021-04-23,0.0,0.0,0.0,0.0,0.0,,SUMMARY OF DAILY PCPN 2021 ILOILO .pdf,4
2021-04-24,0.0,0.0,0.0,0.0,0.0,,SUMMARY OF DAILY PCPN 2021 ILOILO .pdf,4
2021-04-25,0.0,0.0,0.0,0.0,0.0,,SUMMARY OF DAILY PCPN 2021 ILOILO .pdf,4
2021-04-26,0.0,21.0,0.6,0.0,21.6,MOD TO HEAVY RSH,SUMMARY OF DAILY PCPN 2021 ILOILO .pdf,4
2021-04-27,0.0,0.0,0.0,0.0,0.0,,SUMMARY OF DAILY PCPN 2021 ILOILO .pdf,4
2021-04-28,0.0,0.0,0.0,0.0,0.0,,SUMMARY OF DAILY PCPN 2021 ILOILO .pdf,4
2021-04-29,0.0,0.0,0.0,0.0,0.0,,SUMMARY OF DAILY PCPN 2021 ILOILO .pdf,4
2021-04-30,0.0,0.0,0.0,0.0,0.0,,SUMMARY OF DAILY PCPN 2021 ILOILO .pdf,4
2021-05-01,0.0,0.0,0.0,0.0,0.0,,SUMMARY OF DAILY PCPN 2021 ILOILO .pdf,5
2021-05-02,0.0,0.0,0.0,0.0,0.0,,SUMMARY OF DAILY PCPN 2021 ILOILO .pdf,5
2021-05-03,0.0,0.0,0.0,22.0,22.0,TSTM W/ INTENSE RASH,SUMMARY OF DAILY PCPN 2021 ILOILO .pdf,5
2021-05-04,0.0,0.0,3.0,0.0,3.0,LIGHT TO MOD RASH,SUMMARY OF DAILY PCPN 2021 ILOILO .pdf,5
2021-05-05,0.0,0.0,3.6,0.0,3.6,LIGHT TO MOD RASH,SUMMARY OF DAILY PCPN 2021 ILOILO .pdf,5
2021-05-06,0.0,0.0,0.0,3.0,3.0,TSTM W/ LIGHT RASH,SUMMARY OF DAILY PCPN 2021 ILOILO .pdf,5
2021-05-07,0.0,0.0,0.0,0.0,0.0,,SUMMARY OF DAILY PCPN 2021 ILOILO .pdf,5
2021-05-08,0.0,33.2,0.0,0.0,33.2,TSTM W/HEAVY RASH,SUMMARY OF DAILY PCPN 2021 ILOILO .pdf,5
2021-05-09,0.0,0.0,8.6,0.0,8.6,TSTM W/ LIGHT-MOD RASH,SUMMARY OF DAILY PCPN 2021 ILOILO .pdf,5
2021-05-10,0.0,20.0,5.4,0.0,25.4,TSTM W/ HEAVY RASH,SUMMARY OF DAILY PCPN 2021 ILOILO .pdf,5
2021-05-11,1.0,0.0,0.0,0.0,1.0,LIGHT RASH,SUMMARY OF DAILY PCPN 2021 ILOILO .pdf,5
2021-05-12,0.0,0.0,0.0,0.0,0.0,,SUMMARY OF DAILY PCPN 2021 ILOILO .pdf,5
2021-05-13,0.0,0.0,0.0,0.0,0.0,,SUMMARY OF DAILY PCPN 2021 ILOILO .pdf,5
2021-05-14,0.0,0.0,0.0,0.0,0.0,LIGHT RASH,SUMMARY OF DAILY PCPN 2021 ILOILO .pdf,5
2021-05-15,0.0,0.0,3.0,0.0,3.0,MODERATE RASH,SUMMARY OF DAILY PCPN 2021 ILOILO .pdf,5
2021-05-16,0.0,0.0,0.0,0.0,0.0,,SUMMARY OF DAILY PCPN 2021 ILOILO .pdf,5
2021-05-17,0.0,0.0,0.0,0.0,0.0,,SUMMARY OF DAILY PCPN 2021 ILOILO .pdf,5
2021-05-18,0.0,0.0,0.0,0.0,0.0,,SUMMARY OF DAILY PCPN 2021 ILOILO .pdf,5
2021-05-19,0.0,0.0,60.4,0.0,60.4,TSTM W/ INTENSE RASH,SUMMARY OF DAILY PCPN 2021 ILOILO .pdf,5
2021-05-20,0.0,1.8,0.0,0.0,1.8,LIGHT RASH,SUMMARY OF DAILY PCPN 2021 ILOILO .pdf,5
2021-05-21,0.0,0.0,7.4,22.2,29.6,TSTM W/ HEAVY RASH,SUMMARY OF DAILY PCPN 2021 ILOILO .pdf,5
2021-05-22,0.0,0.0,0.0,0.0,0.0,,SUMMARY OF DAILY PCPN 2021 ILOILO .pdf,5
2021-05-23,0.0,0.0,0.0,0.0,0.0,,SUMMARY OF DAILY PCPN 2021 ILOILO .pdf,5
2021-05-24,0.0,0.0,0.0,0.0,0.0,,SUMMARY OF DAILY PCPN 2021 ILOILO .pdf,5
2021-05-25,5.0,0.0,0.0,0.0,5.0,TSTM W/ LIGHT-MOD RASH,SUMMARY OF DAILY PCPN 2021 ILOILO .pdf,5
2021-05-26,0.0,17.2,9.2,0.0,26.4,TSTM W/ INTENSE RASH,SUMMARY OF DAILY PCPN 2021 ILOILO .pdf,5
2021-05-27,0.0,0.8,0.0,0.0,0.8,LIGHT RASH,SUMMARY OF DAILY PCPN 2021 ILOILO .pdf,5
2021-05-28,0.0,0.0,0.0,0.0,0.0,,SUMMARY OF DAILY PCPN 2021 ILOILO .pdf,5
2021-05-29,0.0,0.0,0.0,0.0,0.0,,SUMMARY OF DAILY PCPN 2021 ILOILO .pdf,5
2021-05-30,0.0,1.6,0.0,0.0,1.6,LIGHT RASH,SUMMARY OF DAILY PCPN 2021 ILOILO .pdf,5
2021-05-31,0.0,0.0,1.6,0.0,1.6,TSTM W/ LIGHT RASH,SUMMARY OF DAILY PCPN 2021 ILOILO .pdf,5
2021-06-01,0.4,4.0,61.4,4.4,70.2,MOD TO INTENSE RASH,SUMMARY OF DAILY PCPN 2021 ILOILO .pdf,6
2021-06-02,4.2,0.6,1.8,5.8,12.4,LIGHT TO MOD RASH,SUMMARY OF DAILY PCPN 2021 ILOILO .pdf,6
2021-06-03,0.0,0.0,0.0,0.0,0.0,LIGHT TO MOD RASH,SUMMARY OF DAILY PCPN 2021 ILOILO .pdf,6
2021-06-04,0.0,1.6,0.0,0.6,2.2,LIGHT RASH,SUMMARY OF DAILY PCPN 2021 ILOILO .pdf,6
2021-06-05,0.0,15.6,3.0,1.0,19.8,TSTM W/ MODERATE RASH,SUMMARY OF DAILY PCPN 2021 ILOILO .pdf,6
2021-06-06,0.0,0.0,0.0,0.0,0.0,,SUMMARY OF DAILY PCPN 2021 ILOILO .pdf,6
2021-06-07,0.0,0.0,0.0,0.0,0.0,,SUMMARY OF DAILY PCPN 2021 ILOILO .pdf,6
2021-06-08,0.0,0.4,0.0,0.0,0.4,LIGHT RASH,SUMMARY OF DAILY PCPN 2021 ILOILO .pdf,6
2021-06-09,0.0,0.0,0.0,0.0,0.0,LIGHT RASH,SUMMARY OF DAILY PCPN 2021 ILOILO .pdf,6
2021-06-10,0.0,0.3,0.0,0.0,0.3,LIGHT RASH,SUMMARY OF DAILY PCPN 2021 ILOILO .pdf,6
2021-06-11,0.0,0.0,3.2,0.0,3.2,MOD RRASH,SUMMARY OF DAILY PCPN 2021 ILOILO .pdf,6
2021-06-12,0.0,28.6,18.4,0.6,47.6,TSTM WITH HEAVY RASH,SUMMARY OF DAILY PCPN 2021 ILOILO .pdf,6
2021-06-13,0.0,0.0,0.0,0.0,0.0,,SUMMARY OF DAILY PCPN 2021 ILOILO .pdf,6
2021-06-14,0.0,0.0,0.0,0.0,0.0,,SUMMARY OF DAILY PCPN 2021 ILOILO .pdf,6
2021-06-15,0.0,0.0,0.0,0.0,0.0,,SUMMARY OF DAILY PCPN 2021 ILOILO .pdf,6
2021-06-16,0.0,0.0,0.0,0.0,0.0,,SUMMARY OF DAILY PCPN 2021 ILOILO .pdf,6
2021-06-17,0.0,0.0,0.0,0.0,0.0,,SUMMARY OF DAILY PCPN 2021 ILOILO .pdf,6
2021-06-18,0.0,0.0,0.0,1.2,1.2,LIGHT RASH,SUMMARY OF DAILY PCPN 2021 ILOILO .pdf,6
2021-06-19,0.0,0.0,0.0,0.0,0.0,,SUMMARY OF DAILY PCPN 2021 ILOILO .pdf,6
2021-06-20,0.0,0.0,0.0,1.8,1.8,LIGHT RASH,SUMMARY OF DAILY PCPN 2021 ILOILO .pdf,6
2021-06-21,0.0,0.0,0.0,0.0,0.0,,SUMMARY OF DAILY PCPN 2021 ILOILO .pdf,6
2021-06-22,0.0,0.0,0.0,0.0,0.0,,SUMMARY OF DAILY PCPN 2021 ILOILO .pdf,6
2021-06-23,0.0,0.0,0.0,0.0,0.0,,SUMMARY OF DAILY PCPN 2021 ILOILO .pdf,6
2021-06-24,0.0,0.0,0.0,0.0,0.0,,SUMMARY OF DAILY PCPN 2021 ILOILO .pdf,6
2021-06-25,0.0,7.4,1.0,0.0,8.4,TSTM WITH MODERATE RASH,SUMMARY OF DAILY PCPN 2021 ILOILO .pdf,6
2021-06-26,0.0,1.4,0.0,0.4,1.8,TSTM WITH LIGHT RASH,SUMMARY OF DAILY PCPN 2021 ILOILO .pdf,6
2021-06-27,0.0,0.0,0.0,0.0,0.0,,SUMMARY OF DAILY PCPN 2021 ILOILO .pdf,6
2021-06-28,0.0,0.0,0.2,0.0,0.2,LIGHT RASH,SUMMARY OF DAILY PCPN 2021 ILOILO .pdf,6
2021-06-29,0.0,0.0,0.0,0.0,0.0,,SUMMARY OF DAILY PCPN 2021 ILOILO .pdf,6
2021-06-30,0.0,0.0,0.0,0.0,0.0,,SUMMARY OF DAILY PCPN 2021 ILOILO .pdf,6
2021-07-01,0.0,0.0,0.0,0.0,0.0,LIGHT RASH,SUMMARY OF DAILY PCPN 2021 ILOILO .pdf,7
2021-07-02,0.0,0.0,0.0,0.0,0.0,,SUMMARY OF DAILY PCPN 2021 ILOILO .pdf,7
2021-07-03,3.2,8.4,0.0,0.0,11.6,TSTM W/ LIGHT-MOD RASH,SUMMARY OF DAILY PCPN 2021 ILOILO .pdf,7
2021-07-04,0.0,36.4,4.0,24.4,64.8,TSTM W/ LIGHT-MOD RASH,SUMMARY OF DAILY PCPN 2021 ILOILO .pdf,7
2021-07-05,2.2,1.0,0.0,0.6,3.8,LIGHT RASH,SUMMARY OF DAILY PCPN 2021 ILOILO .pdf,7
2021-07-06,0.0,23.8,0.0,0.0,23.8,TSTM WITH MODERATE RASH,SUMMARY OF DAILY PCPN 2021 ILOILO .pdf,7
2021-07-07,0.0,0.0,0.0,0.0,0.0,,SUMMARY OF DAILY PCPN 2021 ILOILO .pdf,7
2021-07-08,0.0,0.0,0.0,0.0,0.0,,SUMMARY OF DAILY PCPN 2021 ILOILO .pdf,7
2021-07-09,0.0,0.0,0.0,0.0,0.0,LIGHT RASH,SUMMARY OF DAILY PCPN 2021 ILOILO .pdf,7
2021-07-10,0.0,0.0,0.0,1.3,1.3,,SUMMARY OF DAILY PCPN 2021 ILOILO .pdf,7
2021-07-11,0.0,0.0,0.0,0.0,0.0,,SUMMARY OF DAILY PCPN 2021 ILOILO .pdf,7
2021-07-12,0.0,0.0,0.0,5.4,5.4,LIGHT RASH,SUMMARY OF DAILY PCPN 2021 ILOILO .pdf,7
2021-07-13,0.0,10.4,4.0,0.0,14.4,TSTM W/ MOD-HEAVY RASH,SUMMARY OF DAILY PCPN 2021 ILOILO .pdf,7
2021-07-14,0.0,6.6,0.0,0.0,6.6,TSTM WITH MODERATE RASH,SUMMARY OF DAILY PCPN 2021 ILOILO .pdf,7
2021-07-15,0.0,0.0,0.0,0.0,0.0,,SUMMARY OF DAILY PCPN 2021 ILOILO .pdf,7
2021-07-16,0.0,0.0,6.6,3.8,10.4,LIGHT TO MOD RASH,SUMMARY OF DAILY PCPN 2021 ILOILO .pdf,7
2021-07-17,0.0,0.6,2.8,22.2,25.6,MOD-HEAVY RASH,SUMMARY OF DAILY PCPN 2021 ILOILO .pdf,7
2021-07-18,9.6,0.0,0.8,3.8,14.2,LIGHT- MOD w/ OCNL HVY RASH,SUMMARY OF DAILY PCPN 2021 ILOILO .pdf,7
2021-07-19,1.6,10.8,16.0,0.0,28.4,MOD-HEAVY RASH,SUMMARY OF DAILY PCPN 2021 ILOILO .pdf,7
2021-07-20,0.0,0.0,0.3,0.2,0.5,LIGHT RASH,SUMMARY OF DAILY PCPN 2021 ILOILO .pdf,7
2021-07-21,0.0,0.0,23.4,4.8,28.2,MOD-HEAVY RASH,SUMMARY OF DAILY PCPN 2021 ILOILO .pdf,7
2021-07-22,0.0,0.4,7.2,25.6,33.2,TSTM W/ MOD-HEAVY RASH,SUMMARY OF DAILY PCPN 2021 ILOILO .pdf,7
2021-07-23,1.2,2.2,7.8,10.6,21.8,TSTM W/ MOD-HEAVY RASH,SUMMARY OF DAILY PCPN 2021 ILOILO .pdf,7
2021-07-24,0.4,9.2,46.4,2.8,58.8,TSTM W/ MOD-HEAVY RASH,SUMMARY OF DAILY PCPN 2021 ILOILO .pdf,7
2021-07-25,0.2,0.0,0.0,0.0,0.2,LIGHT RASH,SUMMARY OF DAILY PCPN 2021 ILOILO .pdf,7
2021-07-26,0.0,0.2,0.0,0.4,0.6,LIGHT RASH,SUMMARY OF DAILY PCPN 2021 ILOILO .pdf,7
2021-07-27,1.6,10.2,8.4,31.4,51.6,TSTM W/ MOD-HEAVY RASH,SUMMARY OF DAILY PCPN 2021 ILOILO .pdf,7
2021-07-28,1.0,0.0,0.0,0.0,1.0,LIGHT RASH,SUMMARY OF DAILY PCPN 2021 ILOILO .pdf,7
2021-07-29,0.0,0.1,30.2,0.0,30.3,TSTM W/ MOD-HEAVY RASH,SUMMARY OF DAILY PCPN 2021 ILOILO .pdf,7
2021-07-30,2.4,0.0,0.0,1.2,3.6,LIGHT TO MOD RASH,SUMMARY OF DAILY PCPN 2021 ILOILO .pdf,7
2021-07-31,0.0,0.0,0.0,0.0,0.0,,SUMMARY OF DAILY PCPN 2021 ILOILO .pdf,7
2021-08-01,0.0,0.0,0.0,0.0,0.0,,SUMMARY OF DAILY PCPN 2021 ILOILO .pdf,8
2021-08-02,0.0,0.0,10.2,18.4,28.6,MOD-HEAVY RASH,SUMMARY OF DAILY PCPN 2021 ILOILO .pdf,8
2021-08-03,2.4,0.0,3.2,0.0,5.6,LIGHT TO MOD RASH,SUMMARY OF DAILY PCPN 2021 ILOILO .pdf,8
2021-08-04,0.0,0.0,0.8,0.0,0.8,LIGHT RASH,SUMMARY OF DAILY PCPN 2021 ILOILO .pdf,8
2021-08-05,0.0,0.0,0.0,17.4,17.4,LIGHT TO MOD RASH,SUMMARY OF DAILY PCPN 2021 ILOILO .pdf,8
2021-08-06,0.8,0.0,0.0,15.8,16.6,TSTM W/ HEAVY RASH,SUMMARY OF DAILY PCPN 2021 ILOILO .pdf,8
2021-08-07,0.6,0.0,0.0,0.0,0.6,LIGHT RASH,SUMMARY OF DAILY PCPN 2021 ILOILO .pdf,8
2021-08-08,0.0,0.0,0.0,0.0,0.0,LIGHT RASH,SUMMARY OF DAILY PCPN 2021 ILOILO .pdf,8
2021-08-09,0.6,0.0,0.0,0.0,0.6,LIGHT TO MOD RASH,SUMMARY OF DAILY PCPN 2021 ILOILO .pdf,8
2021-08-10,0.6,0.0,0.0,1.3,1.3,LIGHT RASH,SUMMARY OF DAILY PCPN 2021 ILOILO .pdf,8
2021-08-11,0.0,0.0,0.0,0.0,0.0,,SUMMARY OF DAILY PCPN 2021 ILOILO .pdf,8
2021-08-12,0.0,0.0,0.0,0.0,0.0,LIGHT RASH,SUMMARY OF DAILY PCPN 2021 ILOILO .pdf,8
2021-08-13,0.0,0.0,0.0,29.4,29.4,TSTM W/ HEAVY RASH,SUMMARY OF DAILY PCPN 2021 ILOILO .pdf,8
2021-08-14,8.2,0.0,0.0,0.0,8.2,TSTM W/ LIGHT-MOD RASH,SUMMARY OF DAILY PCPN 2021 ILOILO .pdf,8
2021-08-15,0.0,0.0,0.0,0.0,0.0,,SUMMARY OF DAILY PCPN 2021 ILOILO .pdf,8
2021-08-16,0.0,0.0,0.0,12.0,12.0,TSTM W/ MOD RASH,SUMMARY OF DAILY PCPN 2021 ILOILO .pdf,8
2021-08-17,0.0,3.0,3.2,0.0,6.2,TSTM W/ LIGHT-MOD RASH,SUMMARY OF DAILY PCPN 2021 ILOILO .pdf,8
2021-08-18,0.0,0.0,0.0,0.0,0.0,,SUMMARY OF DAILY PCPN 2021 ILOILO .pdf,8
2021-08-19,0.0,0.0,0.0,0.0,0.0,,SUMMARY OF DAILY PCPN 2021 ILOILO .pdf,8
2021-08-20,0.0,0.0,0.0,0.0,0.0,,SUMMARY OF DAILY PCPN 2021 ILOILO .pdf,8
2021-08-21,0.0,3.2,0.0,0.0,3.2,TSTM W/ LIGHT RASH,SUMMARY OF DAILY PCPN 2021 ILOILO .pdf,8
2021-08-22,1.5,1.8,0.0,0.0,3.3,LIGHT RASH,SUMMARY OF DAILY PCPN 2021 ILOILO .pdf,8
2021-08-23,0.0,0.0,0.0,0.0,0.0,LIGHT RASH,SUMMARY OF DAILY PCPN 2021 ILOILO .pdf,8
2021-08-24,0.0,0.0,0.2,1.6,1.8,LIGHT RASH,SUMMARY OF DAILY PCPN 2021 ILOILO .pdf,8
2021-08-25,0.0,0.0,0.0,0.0,0.0,,SUMMARY OF DAILY PCPN 2021 ILOILO .pdf,8
2021-08-26,0.0,10.6,0.0,0.0,10.6,TSTM W/ MOD RASH,SUMMARY OF DAILY PCPN 2021 ILOILO .pdf,8
2021-08-27,0.0,0.6,15.8,0.0,16.4,TSTM W/ MOD RASH,SUMMARY OF DAILY PCPN 2021 ILOILO .pdf,8
2021-08-28,0.0,0.0,0.0,16.6,16.6,INTENSE RASH,SUMMARY OF DAILY PCPN 2021 ILOILO .pdf,8
2021-08-29,0.8,0.0,0.0,0.0,0.8,LIGHT RASH,SUMMARY OF DAILY PCPN 2021 ILOILO .pdf,8
2021-08-30,0.0,0.0,0.0,0.0,0.0,,SUMMARY OF DAILY PCPN 2021 ILOILO .pdf,8
2021-08-31,0.0,0.0,0.0,0.0,0.0,LIGHT RASH,SUMMARY OF DAILY PCPN 2021 ILOILO .pdf,8
2021-09-01,0.0,0.0,0.0,0.0,0.0,LIGHT RASH,SUMMARY OF DAILY PCPN 2021 ILOILO .pdf,9
2021-09-02,0.0,0.0,0.0,0.0,0.0,,SUMMARY OF DAILY PCPN 2021 ILOILO .pdf,9
2021-09-03,0.0,0.0,0.0,0.0,0.0,LIGHT RASH,SUMMARY OF DAILY PCPN 2021 ILOILO .pdf,9
2021-09-04,0.0,7.0,0.0,0.0,7.0,LIGHT TO MOD RASH,SUMMARY OF DAILY PCPN 2021 ILOILO .pdf,9
2021-09-05,0.0,4.2,0.0,0.0,4.2,TSTM W/ MOD RASH,SUMMARY OF DAILY PCPN 2021 ILOILO .pdf,9
2021-09-06,0.0,2.0,0.0,1.0,3.0,TSTM W/ LIGHT RASH,SUMMARY OF DAILY PCPN 2021 ILOILO .pdf,9
2021-09-07,1.2,1.0,0.0,19.0,21.2,LIGHT TO MOD W/ OCNL HEAVY RASH,SUMMARY OF DAILY PCPN 2021 ILOILO .pdf,9
2021-09-08,9.0,3.6,4.2,0.4,17.2,LIGHT TO MOD RASH,SUMMARY OF DAILY PCPN 2021 ILOILO .pdf,9
2021-09-09,1.2,1.0,0.0,19.0,21.2,MOD-HEAVY RASH,SUMMARY OF DAILY PCPN 2021 ILOILO .pdf,9
2021-09-10,1.2,0.0,0.0,1.3,1.3,LIGHT TO MOD RASH,SUMMARY OF DAILY PCPN 2021 ILOILO .pdf,9
2021-09-11,0.0,0.0,0.0,0.0,0.0,,SUMMARY OF DAILY PCPN 2021 ILOILO .pdf,9
2021-09-12,0.0,0.0,1.2,0.0,1.2,LIGHT RASH,SUMMARY OF DAILY PCPN 2021 ILOILO .pdf,9
2021-09-13,0.0,67.8,0.0,0.0,67.8,TSTM W/ TORRENTIAL RASH,SUMMARY OF DAILY PCPN 2021 ILOILO .pdf,9
2021-09-14,0.0,0.0,0.0,0.0,0.0,,SUMMARY OF DAILY PCPN 2021 ILOILO .pdf,9
2021-09-15,0.0,0.0,0.0,0.0,0.0,,SUMMARY OF DAILY PCPN 2021 ILOILO .pdf,9
2021-09-16,0.0,0.0,1.6,0.0,1.6,LIGHT RASH,SUMMARY OF DAILY PCPN 2021 ILOILO .pdf,9
2021-09-17,0.0,1.2,0.0,0.0,1.2,LIGHT RASH,SUMMARY OF DAILY PCPN 2021 ILOILO .pdf,9
2021-09-18,0.0,0.0,0.0,0.0,0.0,,SUMMARY OF DAILY PCPN 2021 ILOILO .pdf,9
2021-09-19,0.0,9.2,0.8,0.0,10.0,LIGHT TO MOD RASH,SUMMARY OF DAILY PCPN 2021 ILOILO .pdf,9
2021-09-20,2.6,2.6,0.0,0.0,5.2,LIGHT TO MOD RASH,SUMMARY OF DAILY PCPN 2021 ILOILO .pdf,9
2021-09-21,0.0,0.0,0.0,0.0,0.0,,SUMMARY OF DAILY PCPN 2021 ILOILO .pdf,9
2021-09-22,0.0,13.4,1.2,0.0,14.6,TSTM W/LIGHT TO MOD RASH,SUMMARY OF DAILY PCPN 2021 ILOILO .pdf,9
2021-09-23,0.0,0.0,0.0,0.0,0.0,,SUMMARY OF DAILY PCPN 2021 ILOILO .pdf,9
2021-09-24,0.6,0.0,0.0,0.0,0.6,LIGHT RASH,SUMMARY OF DAILY PCPN 2021 ILOILO .pdf,9
2021-09-25,3.2,0.0,0.0,0.0,3.2,MOD RASH,SUMMARY OF DAILY PCPN 2021 ILOILO .pdf,9
2021-09-26,0.0,0.0,0.0,0.0,0.0,,SUMMARY OF DAILY PCPN 2021 ILOILO .pdf,9
2021-09-27,0.0,0.0,0.0,0.0,0.0,,SUMMARY OF DAILY PCPN 2021 ILOILO .pdf,9
2021-09-28,0.0,0.0,0.0,0.0,0.0,,SUMMARY OF DAILY PCPN 2021 ILOILO .pdf,9
2021-09-29,0.0,0.0,0.0,0.0,0.0,,SUMMARY OF DAILY PCPN 2021 ILOILO .pdf,9
2021-09-30,0.6,0.0,0.0,0.0,0.6,LIGHT RASH,SUMMARY OF DAILY PCPN 2021 ILOILO .pdf,9
2021-10-01,1.4,0.0,0.0,0.0,1.4,LIGHT RASH,SUMMARY OF DAILY PCPN 2021 ILOILO .pdf,10
2021-10-02,0.0,56.0,0.0,0.0,56.0,TSTM W/ INT RASH,SUMMARY OF DAILY PCPN 2021 ILOILO .pdf,10
2021-10-03,11.0,11.8,44.0,0.6,67.4,TSTM W/MOD TO HEAVY RASH,SUMMARY OF DAILY PCPN 2021 ILOILO .pdf,10
2021-10-04,10.2,47.2,4.0,1.2,62.6,LIGHT TO MOD W/ OCNL HEAVY RASH,SUMMARY OF DAILY PCPN 2021 ILOILO .pdf,10
2021-10-05,31.2,16.8,5.2,0.0,53.2,LIGHT TO MOD W/ OCNL HEAVY RASH/TSTM,SUMMARY OF DAILY PCPN 2021 ILOILO .pdf,10
2021-10-06,0.0,0.0,0.0,0.0,0.0,,SUMMARY OF DAILY PCPN 2021 ILOILO .pdf,10
2021-10-07,0.0,0.0,0.0,0.0,0.0,,SUMMARY OF DAILY PCPN 2021 ILOILO .pdf,10
2021-10-08,0.0,0.0,0.0,0.3,0.3,LIGHT RASH,SUMMARY OF DAILY PCPN 2021 ILOILO .pdf,10
2021-10-09,0.0,0.0,0.0,0.0,0.0,LIGHT TO MOD RASH,SUMMARY OF DAILY PCPN 2021 ILOILO .pdf,10
2021-10-10,0.0,0.0,0.0,1.3,1.3,LIGHT RASH,SUMMARY OF DAILY PCPN 2021 ILOILO .pdf,10
2021-10-11,0.0,2.8,30.0,5.4,38.2,MOD TO HEAVY RASH,SUMMARY OF DAILY PCPN 2021 ILOILO .pdf,10
2021-10-12,2.2,18.2,16.0,2.4,38.8,LIGHT TO MOD W/ OCNL HEAVY RASH,SUMMARY OF DAILY PCPN 2021 ILOILO .pdf,10
2021-10-13,1.8,0.0,0.0,0.0,1.8,LIGHT RASH,SUMMARY OF DAILY PCPN 2021 ILOILO .pdf,10
2021-10-14,0.0,0.0,0.4,0.0,0.4,LIGHT RASH,SUMMARY OF DAILY PCPN 2021 ILOILO .pdf,10
2021-10-15,33.2,4.4,0.0,0.0,37.6,LIGHT TO MOD W/ OCNL HEAVY RASH,SUMMARY OF DAILY PCPN 2021 ILOILO .pdf,10
2021-10-16,2.6,0.0,0.0,0.0,2.6,LIGHT RASH,SUMMARY OF DAILY PCPN 2021 ILOILO .pdf,10
2021-10-17,0.0,0.0,0.0,0.0,0.0,,SUMMARY OF DAILY PCPN 2021 ILOILO .pdf,10
2021-10-18,0.0,0.0,0.0,0.4,0.4,LIGHT RASH,SUMMARY OF DAILY PCPN 2021 ILOILO .pdf,10
2021-10-19,0.0,0.0,0.2,2.4,2.6,LIGHT RASH,SUMMARY OF DAILY PCPN 2021 ILOILO .pdf,10
2021-10-20,0.0,0.0,0.0,0.0,0.0,,SUMMARY OF DAILY PCPN 2021 ILOILO .pdf,10
2021-10-21,0.0,0.0,0.0,0.0,0.0,,SUMMARY OF DAILY PCPN 2021 ILOILO .pdf,10
2021-10-22,3.4,1.8,16.8,0.4,22.4,LIGHT TO MOD W/ OCNL HEAVY RAIN,SUMMARY OF DAILY PCPN 2021 ILOILO .pdf,10
2021-10-23,0.0,4.8,44.2,0.0,49.0,LIGHT TO MOD W/ OCNL HEAVY RASH,SUMMARY OF DAILY PCPN 2021 ILOILO .pdf,10
2021-10-24,0.6,0.0,0.0,0.0,0.6,LIGHT RASH,SUMMARY OF DAILY PCPN 2021 ILOILO .pdf,10
2021-10-25,0.0,2.2,0.0,0.0,2.2,LIGHT RASH,SUMMARY OF DAILY PCPN 2021 ILOILO .pdf,10
2021-10-26,0.0,0.0,0.0,0.0,0.0,,SUMMARY OF DAILY PCPN 2021 ILOILO .pdf,10
2021-10-27,0.0,4.6,0.0,2.0,6.6,LIGHT TO MOD RASH,SUMMARY OF DAILY PCPN 2021 ILOILO .pdf,10
2021-10-28,0.0,0.0,0.0,1.8,1.8,LIGHT RASH,SUMMARY OF DAILY PCPN 2021 ILOILO .pdf,10
2021-10-29,17.4,0.0,0.0,3.0,20.4,TSTM W/HEAVY RASH,SUMMARY OF DAILY PCPN 2021 ILOILO .pdf,10
2021-10-30,18.2,0.0,0.0,0.0,18.2,TSTM W/HEAVY RASH,SUMMARY OF DAILY PCPN 2021 ILOILO .pdf,10
2021-10-31,0.0,0.0,0.0,0.0,0.0,,SUMMARY OF DAILY PCPN 2021 ILOILO .pdf,10
2021-11-01,0.0,0.0,0.0,0.0,0.0,,SUMMARY OF DAILY PCPN 2021 ILOILO .pdf,11
2021-11-02,0.0,0.2,0.0,9.8,10.0,LIGHT RASH,SUMMARY OF DAILY PCPN 2021 ILOILO .pdf,11
2021-11-03,0.0,0.4,0.0,0.0,0.4,LIGHT RASH,SUMMARY OF DAILY PCPN 2021 ILOILO .pdf,11
2021-11-04,14.0,4.2,0.0,10.4,28.6,LIGHT TO MOD W/ OCNL HEAVY RASH,SUMMARY OF DAILY PCPN 2021 ILOILO .pdf,11
2021-11-05,1.6,0.0,0.0,0.0,1.6,LIGHT RASH,SUMMARY OF DAILY PCPN 2021 ILOILO .pdf,11
2021-11-06,0.0,0.0,0.0,0.0,0.0,,SUMMARY OF DAILY PCPN 2021 ILOILO .pdf,11
2021-11-07,0.0,0.0,0.0,0.0,0.0,,SUMMARY OF DAILY PCPN 2021 ILOILO .pdf,11
2021-11-08,0.0,0.0,1.2,0.0,1.2,LIGHT RASH,SUMMARY OF DAILY PCPN 2021 ILOILO .pdf,11
2021-11-09,0.0,0.0,0.0,0.0,0.0,,SUMMARY OF DAILY PCPN 2021 ILOILO .pdf,11
2021-11-10,0.0,0.0,0.0,1.3,1.3,LIGHT RASH,SUMMARY OF DAILY PCPN 2021 ILOILO .pdf,11
2021-11-11,0.0,0.0,8.4,6.4,14.8,LIGHT RASH,SUMMARY OF DAILY PCPN 2021 ILOILO .pdf,11
2021-11-12,1.0,0.0,0.0,0.0,1.0,TSTM W/ HEAVY RASH,SUMMARY OF DAILY PCPN 2021 ILOILO .pdf,11
2021-11-13,0.0,1.2,0.0,1.0,2.2,LIGHT RASH,SUMMARY OF DAILY PCPN 2021 ILOILO .pdf,11
2021-11-14,0.0,0.2,0.0,0.0,0.2,LIGHT RASH,SUMMARY OF DAILY PCPN 2021 ILOILO .pdf,11
2021-11-15,0.0,9.0,4.2,44.8,58.0,LIGHT TO MOD W/ OCNL HEAVY RASH,SUMMARY OF DAILY PCPN 2021 ILOILO .pdf,11
2021-11-16,0.0,0.0,35.6,37.4,73.0,TSTM W/ LIGHT TO MOD W/ OCNL HEAVY RASH,SUMMARY OF DAILY PCPN 2021 ILOILO .pdf,11
2021-11-17,1.4,0.0,0.0,0.0,1.4,LIGHT RASH,SUMMARY OF DAILY PCPN 2021 ILOILO .pdf,11
2021-11-18,0.0,0.0,0.0,0.0,0.0,,SUMMARY OF DAILY PCPN 2021 ILOILO .pdf,11
2021-11-19,0.0,0.0,0.0,0.0,0.0,,SUMMARY OF DAILY PCPN 2021 ILOILO .pdf,11
2021-11-20,0.0,1.0,0.0,0.0,1.0,LIGHT RASH,SUMMARY OF DAILY PCPN 2021 ILOILO .pdf,11
2021-11-21,0.0,13.6,0.0,0.0,13.6,TSTM W/MOD TO HEAVY RASH,SUMMARY OF DAILY PCPN 2021 ILOILO .pdf,11
2021-11-22,0.6,0.0,0.0,0.0,0.6,LIGHT RASH,SUMMARY OF DAILY PCPN 2021 ILOILO .pdf,11
2021-11-23,0.0,0.0,0.0,0.0,0.0,,SUMMARY OF DAILY PCPN 2021 ILOILO .pdf,11
2021-11-24,0.6,0.1,0.0,0.0,0.7,LIGHT RASH,SUMMARY OF DAILY PCPN 2021 ILOILO .pdf,11
2021-11-25,0.0,0.0,0.0,0.0,0.0,,SUMMARY OF DAILY PCPN 2021 ILOILO .pdf,11
2021-11-26,0.0,3.6,0.0,0.0,3.6,TSTM W/LIGHT RASH,SUMMARY OF DAILY PCPN 2021 ILOILO .pdf,11
2021-11-27,0.0,0.0,0.0,0.0,0.0,LIGHT RASH,SUMMARY OF DAILY PCPN 2021 ILOILO .pdf,11
2021-11-28,0.0,0.0,0.0,2.5,2.5,LIGHT RASH,SUMMARY OF DAILY PCPN 2021 ILOILO .pdf,11
2021-11-29,0.0,0.0,0.0,0.0,0.0,,SUMMARY OF DAILY PCPN 2021 ILOILO .pdf,11
2021-11-30,0.0,0.0,0.0,0.0,0.0,,SUMMARY OF DAILY PCPN 2021 ILOILO .pdf,11
2021-12-01,0.0,0.0,5.6,3.0,8.6,TSTM W/ LGHT-MOD RASH,SUMMARY OF DAILY PCPN 2021 ILOILO .pdf,12
2021-12-02,0.0,0.0,0.0,0.0,0.0,,SUMMARY OF DAILY PCPN 2021 ILOILO .pdf,12
2021-12-03,0.2,0.0,0.0,0.0,0.2,LIGHT RASH,SUMMARY OF DAILY PCPN 2021 ILOILO .pdf,12
2021-12-04,0.0,0.0,0.0,0.0,0.0,,SUMMARY OF DAILY PCPN 2021 ILOILO .pdf,12
2021-12-05,0.0,0.2,0.0,0.0,0.2,LIGHT RASH,SUMMARY OF DAILY PCPN 2021 ILOILO .pdf,12
2021-12-06,0.0,0.0,0.0,0.0,0.0,,SUMMARY OF DAILY PCPN 2021 ILOILO .pdf,12
2021-12-07,0.0,2.2,0.2,0.0,2.4,LIGHT RASH,SUMMARY OF DAILY PCPN 2021 ILOILO .pdf,12
2021-12-08,0.0,0.0,0.0,2.8,2.8,LIGHT RASH,SUMMARY OF DAILY PCPN 2021 ILOILO .pdf,12
2021-12-09,0.0,0.0,0.0,0.0,0.0,LIGHT RASH,SUMMARY OF DAILY PCPN 2021 ILOILO .pdf,12
2021-12-10,0.0,0.8,2.0,0.0,2.8,LIGHT RASH,SUMMARY OF DAILY PCPN 2021 ILOILO .pdf,12
2021-12-11,0.0,0.0,0.0,0.0,0.0,LIGHT RASH,SUMMARY OF DAILY PCPN 2021 ILOILO .pdf,12
2021-12-12,0.0,0.0,13.4,3.6,17.0,TSTM W/ HEAVY RASH,SUMMARY OF DAILY PCPN 2021 ILOILO .pdf,12
2021-12-13,0.0,0.0,0.0,0.4,0.4,LIGHT RASH,SUMMARY OF DAILY PCPN 2021 ILOILO .pdf,12
2021-12-14,1.2,0.0,0.0,0.0,1.2,LIGHT RASH,SUMMARY OF DAILY PCPN 2021 ILOILO .pdf,12
2021-12-15,0.0,1.2,0.0,0.0,1.2,LIGHT RASH,SUMMARY OF DAILY PCPN 2021 ILOILO .pdf,12
2021-12-16,0.2,7.2,23.0,5.2,35.6,LIGHT TO MOD W/ OCNL HEAVY RASH,SUMMARY OF DAILY PCPN 2021 ILOILO .pdf,12
2021-12-17,5.2,0.0,0.0,0.0,5.2,LIGHT RASH,SUMMARY OF DAILY PCPN 2021 ILOILO .pdf,12
2021-12-18,0.0,0.0,0.0,0.0,0.0,,SUMMARY OF DAILY PCPN 2021 ILOILO .pdf,12
2021-12-19,0.0,0.0,0.0,0.0,0.0,,SUMMARY OF DAILY PCPN 2021 ILOILO .pdf,12
2021-12-20,0.0,0.0,0.0,0.0,0.0,,SUMMARY OF DAILY PCPN 2021 ILOILO .pdf,12
2021-12-21,0.0,0.0,0.0,0.0,0.0,,SUMMARY OF DAILY PCPN 2021 ILOILO .pdf,12
2021-12-22,0.0,0.0,0.0,0.0,0.0,,SUMMARY OF DAILY PCPN 2021 ILOILO .pdf,12
2021-12-23,0.0,0.0,0.0,0.0,0.0,,SUMMARY OF DAILY PCPN 2021 ILOILO .pdf,12
2021-12-24,0.0,0.0,0.0,0.0,0.0,,SUMMARY OF DAILY PCPN 2021 ILOILO .pdf,12
2021-12-25,0.0,0.0,0.0,0.0,0.0,,SUMMARY OF DAILY PCPN 2021 ILOILO .pdf,12
2021-12-26,0.0,0.0,0.0,0.0,0.0,,SUMMARY OF DAILY PCPN 2021 ILOILO .pdf,12
2021-12-27,0.0,0.0,0.0,0.0,0.0,,SUMMARY OF DAILY PCPN 2021 ILOILO .pdf,12
2021-12-28,0.2,3.0,1.0,0.0,4.2,LIGHT RASH,SUMMARY OF DAILY PCPN 2021 ILOILO .pdf,12
2021-12-29,2.0,7.6,0.0,0.0,9.6,LIGHT RASH,SUMMARY OF DAILY PCPN 2021 ILOILO .pdf,12
2021-12-30,1.0,4.0,0.0,0.0,5.0,LIGHT-MOD RASH,SUMMARY OF DAILY PCPN 2021 ILOILO .pdf,12
2021-12-31,0.0,0.0,0.0,0.0,0.0,LIGHT RASH,SUMMARY OF DAILY PCPN 2021 ILOILO .pdf,12
2022-01-01,0.0,0.0,0.0,0.0,0.0,LIGHT RASH,SUMMARY OF DAILY PCPN 2022 ILOILO .pdf,1
2022-01-02,0.1,0.3,0.0,0.0,0.4,LIGHT RASH,SUMMARY OF DAILY PCPN 2022 ILOILO .pdf,1
2022-01-03,0.0,0.0,0.0,0.0,0.0,LIGHT RASH,SUMMARY OF DAILY PCPN 2022 ILOILO .pdf,1
2022-01-04,0.0,0.0,0.0,0.0,0.0,LIGHT RASH,SUMMARY OF DAILY PCPN 2022 ILOILO .pdf,1
2022-01-05,0.0,0.0,0.0,0.0,0.0,,SUMMARY OF DAILY PCPN 2022 ILOILO .pdf,1
2022-01-06,0.0,0.0,0.0,0.0,0.0,,SUMMARY OF DAILY PCPN 2022 ILOILO .pdf,1
2022-01-07,0.0,0.0,0.0,0.0,0.0,,SUMMARY OF DAILY PCPN 2022 ILOILO .pdf,1
2022-01-08,1.8,0.0,0.0,0.0,1.8,LIGHT RASH,SUMMARY OF DAILY PCPN 2022 ILOILO .pdf,1
2022-01-09,0.0,0.0,0.0,0.0,0.0,,SUMMARY OF DAILY PCPN 2022 ILOILO .pdf,1
2022-01-10,0.0,0.0,0.0,0.0,0.0,,SUMMARY OF DAILY PCPN 2022 ILOILO .pdf,1
2022-01-11,0.0,0.0,0.0,0.0,0.0,,SUMMARY OF DAILY PCPN 2022 ILOILO .pdf,1
2022-01-12,0.0,0.0,0.0,0.0,0.0,,SUMMARY OF DAILY PCPN 2022 ILOILO .pdf,1
2022-01-13,0.0,0.0,0.0,0.0,0.0,LIGHT RASH,SUMMARY OF DAILY PCPN 2022 ILOILO .pdf,1
2022-01-14,0.0,0.0,0.0,0.0,0.0,,SUMMARY OF DAILY PCPN 2022 ILOILO .pdf,1
2022-01-15,0.0,0.0,0.0,0.0,0.0,,SUMMARY OF DAILY PCPN 2022 ILOILO .pdf,1
2022-01-16,0.0,0.0,0.0,0.0,0.0,,SUMMARY OF DAILY PCPN 2022 ILOILO .pdf,1
2022-01-17,0.0,0.0,0.0,0.0,0.0,,SUMMARY OF DAILY PCPN 2022 ILOILO .pdf,1
2022-01-18,0.0,0.0,0.0,0.2,0.2,LIGHT RASH,SUMMARY OF DAILY PCPN 2022 ILOILO .pdf,1
2022-01-19,0.0,0.0,0.0,0.0,0.0,,SUMMARY OF DAILY PCPN 2022 ILOILO .pdf,1
2022-01-20,0.0,0.0,0.0,0.0,0.0,,SUMMARY OF DAILY PCPN 2022 ILOILO .pdf,1
2022-01-21,0.0,0.0,0.0,0.0,0.0,,SUMMARY OF DAILY PCPN 2022 ILOILO .pdf,1
2022-01-22,0.0,0.0,0.0,0.0,0.0,,SUMMARY OF DAILY PCPN 2022 ILOILO .pdf,1
2022-01-23,0.0,0.0,0.0,0.0,0.0,,SUMMARY OF DAILY PCPN 2022 ILOILO .pdf,1
2022-01-24,0.0,0.0,1.8,0.0,1.8,LIGHT RASH,SUMMARY OF DAILY PCPN 2022 ILOILO .pdf,1
2022-01-25,0.0,0.0,6.0,0.6,6.6,LIGHT RASH,SUMMARY OF DAILY PCPN 2022 ILOILO .pdf,1
2022-01-26,0.0,0.0,0.0,0.0,0.0,LIGHT RASH,SUMMARY OF DAILY PCPN 2022 ILOILO .pdf,1
2022-01-27,0.0,0.0,0.0,0.0,0.0,LIGHT RASH,SUMMARY OF DAILY PCPN 2022 ILOILO .pdf,1
2022-01-28,0.0,0.0,0.0,9.0,9.0,LIGHT-MOD RASH,SUMMARY OF DAILY PCPN 2022 ILOILO .pdf,1
2022-01-29,0.0,0.0,0.0,0.0,0.0,,SUMMARY OF DAILY PCPN 2022 ILOILO .pdf,1
2022-01-30,0.0,0.0,0.0,0.0,0.0,,SUMMARY OF DAILY PCPN 2022 ILOILO .pdf,1
2022-01-31,0.0,0.0,0.0,0.0,0.0,LIGHT RASH,SUMMARY OF DAILY PCPN 2022 ILOILO .pdf,1
2022-02-01,0.0,2.8,0.0,0.0,2.8,LIGHT-MOD RASH,SUMMARY OF DAILY PCPN 2022 ILOILO .pdf,2
2022-02-02,0.0,0.0,0.0,0.0,0.0,LIGHT RASH,SUMMARY OF DAILY PCPN 2022 ILOILO .pdf,2
2022-02-03,0.0,0.0,0.0,0.8,0.8,LIGHT RASH,SUMMARY OF DAILY PCPN 2022 ILOILO .pdf,2
2022-02-04,0.0,0.0,2.2,0.8,2.2,LIGHT RASH,SUMMARY OF DAILY PCPN 2022 ILOILO .pdf,2
2022-02-05,0.0,0.0,0.0,0.0,0.0,,SUMMARY OF DAILY PCPN 2022 ILOILO .pdf,2
2022-02-06,0.0,0.0,0.0,0.0,0.0,,SUMMARY OF DAILY PCPN 2022 ILOILO .pdf,2
2022-02-07,0.0,0.0,0.0,0.0,0.0,,SUMMARY OF DAILY PCPN 2022 ILOILO .pdf,2
2022-02-08,0.0,0.0,0.0,0.0,0.0,,SUMMARY OF DAILY PCPN 2022 ILOILO .pdf,2
2022-02-09,0.0,0.0,0.0,0.0,0.0,,SUMMARY OF DAILY PCPN 2022 ILOILO .pdf,2
2022-02-10,0.0,0.0,0.0,0.0,0.0,,SUMMARY OF DAILY PCPN 2022 ILOILO .pdf,2
2022-02-11,0.0,0.0,0.0,0.0,0.0,LIGHT RASH,SUMMARY OF DAILY PCPN 2022 ILOILO .pdf,2
2022-02-12,1.8,0.2,0.0,0.0,2.0,LIGHT RASH,SUMMARY OF DAILY PCPN 2022 ILOILO .pdf,2
2022-02-13,0.0,0.0,0.0,0.0,0.0,,SUMMARY OF DAILY PCPN 2022 ILOILO .pdf,2
2022-02-14,0.0,0.0,0.0,0.0,0.0,,SUMMARY OF DAILY PCPN 2022 ILOILO .pdf,2
2022-02-15,0.0,0.0,0.0,0.0,0.0,,SUMMARY OF DAILY PCPN 2022 ILOILO .pdf,2
2022-02-16,0.0,0.0,0.0,0.0,0.0,,SUMMARY OF DAILY PCPN 2022 ILOILO .pdf,2
2022-02-17,0.0,0.0,0.0,0.0,0.0,,SUMMARY OF DAILY PCPN 2022 ILOILO .pdf,2
2022-02-18,0.0,0.0,0.0,0.0,0.0,,SUMMARY OF DAILY PCPN 2022 ILOILO .pdf,2
2022-02-19,0.0,0.0,0.0,0.0,0.0,LIGHT RASH,SUMMARY OF DAILY PCPN 2022 ILOILO .pdf,2
2022-02-20,0.0,0.0,0.0,0.2,0.2,LIGHT RASH,SUMMARY OF DAILY PCPN 2022 ILOILO .pdf,2
2022-02-21,0.0,0.0,0.0,0.2,0.2,LIGHT RASH,SUMMARY OF DAILY PCPN 2022 ILOILO .pdf,2
2022-02-22,1.4,0.0,0.0,0.0,1.4,,SUMMARY OF DAILY PCPN 2022 ILOILO .pdf,2
2022-02-23,0.0,0.0,0.0,0.0,0.0,,SUMMARY OF DAILY PCPN 2022 ILOILO .pdf,2
2022-02-24,0.0,0.0,0.0,0.2,0.2,LIGHT RASH,SUMMARY OF DAILY PCPN 2022 ILOILO .pdf,2
2022-02-25,0.0,0.0,0.0,0.2,0.2,,SUMMARY OF DAILY PCPN 2022 ILOILO .pdf,2
2022-02-26,0.0,0.0,0.0,1.4,0.2,,SUMMARY OF DAILY PCPN 2022 ILOILO .pdf,2
2022-02-27,0.0,0.0,0.0,0.2,0.2,,SUMMARY OF DAILY PCPN 2022 ILOILO .pdf,2
2022-02-28,0.0,0.0,7.0,0.0,7.0,MOD RASH,SUMMARY OF DAILY PCPN 2022 ILOILO .pdf,2
2022-03-01,0.0,0.0,0.0,0.0,0.0,,SUMMARY OF DAILY PCPN 2022 ILOILO .pdf,3
2022-03-02,0.0,0.0,0.0,1.2,1.2,LIGHT RASH,SUMMARY OF DAILY PCPN 2022 ILOILO .pdf,3
2022-03-03,0.0,0.0,0.0,0.0,0.0,,SUMMARY OF DAILY PCPN 2022 ILOILO .pdf,3
2022-03-04,0.0,0.0,0.8,0.0,0.8,LIGHT RASH,SUMMARY OF DAILY PCPN 2022 ILOILO .pdf,3
2022-03-05,0.0,0.0,0.0,0.0,0.0,,SUMMARY OF DAILY PCPN 2022 ILOILO .pdf,3
2022-03-06,1.0,0.0,0.0,0.4,1.4,LIGHT RASH,SUMMARY OF DAILY PCPN 2022 ILOILO .pdf,3
2022-03-07,0.0,1.4,1.8,0.0,3.2,LIGHT RASH,SUMMARY OF DAILY PCPN 2022 ILOILO .pdf,3
2022-03-08,0.0,0.0,0.0,0.0,0.0,,SUMMARY OF DAILY PCPN 2022 ILOILO .pdf,3
2022-03-09,1.0,0.0,0.0,27.4,28.4,LIGHT-MOD RASH,SUMMARY OF DAILY PCPN 2022 ILOILO .pdf,3
2022-03-10,0.0,0.0,0.0,0.0,0.0,,SUMMARY OF DAILY PCPN 2022 ILOILO .pdf,3
2022-03-11,0.0,0.0,0.2,0.0,0.2,LIGHT RASH,SUMMARY OF DAILY PCPN 2022 ILOILO .pdf,3
2022-03-12,0.0,4.2,0.0,0.0,4.2,LIGHT-MOD RASH W/ TSTM,SUMMARY OF DAILY PCPN 2022 ILOILO .pdf,3
2022-03-13,0.0,0.0,0.0,0.0,,,SUMMARY OF DAILY PCPN 2022 ILOILO .pdf,3
2022-03-14,0.0,0.2,0.0,0.0,0.2,LIGHT RASH,SUMMARY OF DAILY PCPN 2022 ILOILO .pdf,3
2022-03-15,0.0,0.0,0.0,0.0,0.0,,SUMMARY OF DAILY PCPN 2022 ILOILO .pdf,3
2022-03-16,0.0,0.0,1.2,0.0,1.2,LIGHT RASH,SUMMARY OF DAILY PCPN 2022 ILOILO .pdf,3
2022-03-17,0.0,0.0,0.0,0.0,0.0,,SUMMARY OF DAILY PCPN 2022 ILOILO .pdf,3
2022-03-18,0.0,0.0,0.0,0.0,0.0,,SUMMARY OF DAILY PCPN 2022 ILOILO .pdf,3
2022-03-19,0.0,0.0,0.0,0.0,0.0,,SUMMARY OF DAILY PCPN 2022 ILOILO .pdf,3
2022-03-20,0.0,0.0,0.0,0.0,0.0,,SUMMARY OF DAILY PCPN 2022 ILOILO .pdf,3
2022-03-21,0.0,0.0,0.0,0.0,0.0,,SUMMARY OF DAILY PCPN 2022 ILOILO .pdf,3
2022-03-22,0.0,0.0,0.0,0.0,0.0,,SUMMARY OF DAILY PCPN 2022 ILOILO .pdf,3
2022-03-23,0.0,0.0,0.0,0.0,0.0,,SUMMARY OF DAILY PCPN 2022 ILOILO .pdf,3
2022-03-24,0.0,0.0,0.0,0.0,0.0,,SUMMARY OF DAILY PCPN 2022 ILOILO .pdf,3
2022-03-25,0.0,0.0,0.0,0.0,0.0,,SUMMARY OF DAILY PCPN 2022 ILOILO .pdf,3
2022-03-26,0.0,0.0,0.0,1.4,1.4,LIGHT RASH,SUMMARY OF DAILY PCPN 2022 ILOILO .pdf,3
2022-03-27,0.0,0.0,0.0,0.0,0.0,,SUMMARY OF DAILY PCPN 2022 ILOILO .pdf,3
2022-03-28,0.0,0.8,0.0,0.0,0.8,LIGHT RASH,SUMMARY OF DAILY PCPN 2022 ILOILO .pdf,3
2022-03-29,0.0,0.0,0.0,0.0,0.0,,SUMMARY OF DAILY PCPN 2022 ILOILO .pdf,3
2022-03-30,0.0,0.0,0.0,0.0,0.0,,SUMMARY OF DAILY PCPN 2022 ILOILO .pdf,3
2022-03-31,0.0,0.0,0.0,9.2,9.2,MODERATE RASH,SUMMARY OF DAILY PCPN 2022 ILOILO .pdf,3
2022-04-01,0.0,0.0,0.0,0.0,0.0,LIGHT RASH,SUMMARY OF DAILY PCPN 2022 ILOILO .pdf,4
2022-04-02,0.0,0.0,0.0,9.6,9.6,MODERATE RASH,SUMMARY OF DAILY PCPN 2022 ILOILO .pdf,4
2022-04-03,0.0,0.8,0.0,0.0,0.8,LIGHT RASH,SUMMARY OF DAILY PCPN 2022 ILOILO .pdf,4
2022-04-04,1.4,2.0,0.0,0.0,3.4,LIGHT RASH,SUMMARY OF DAILY PCPN 2022 ILOILO .pdf,4
2022-04-05,0.8,0.0,0.0,0.0,0.8,LIGHT RASH,SUMMARY OF DAILY PCPN 2022 ILOILO .pdf,4
2022-04-06,0.0,0.0,0.0,2.8,2.8,LIGHT RASH,SUMMARY OF DAILY PCPN 2022 ILOILO .pdf,4
2022-04-07,0.0,15.0,26.0,5.2,46.2,LIGHT-MOD RASH,SUMMARY OF DAILY PCPN 2022 ILOILO .pdf,4
2022-04-08,21.2,12.4,1.2,0.2,35.0,LIGHT-MOD W/ OCNL HVY RASH,SUMMARY OF DAILY PCPN 2022 ILOILO .pdf,4
2022-04-09,0.0,0.6,0.0,1.2,1.8,LIGHT RASH,SUMMARY OF DAILY PCPN 2022 ILOILO .pdf,4
2022-04-10,2.2,3.2,6.0,35.0,46.2,LIGHT-MOD W/ OCNL HVY RASH,SUMMARY OF DAILY PCPN 2022 ILOILO .pdf,4
2022-04-11,38.2,18.2,9.0,11.0,76.4,CONTINUOUS LIGHT-MOD W/ OCNL HVY RASH,SUMMARY OF DAILY PCPN 2022 ILOILO .pdf,4
2022-04-12,26.0,4.4,3.2,0.6,34.2,LIGHT-MOD CONTINOUS RAIN,SUMMARY OF DAILY PCPN 2022 ILOILO .pdf,4
2022-04-13,0.0,0.6,0.0,0.0,0.6,LIGHT RASH,SUMMARY OF DAILY PCPN 2022 ILOILO .pdf,4
2022-04-14,0.0,0.8,0.0,0.0,0.8,LIGHT RASH,SUMMARY OF DAILY PCPN 2022 ILOILO .pdf,4
2022-04-15,0.0,0.0,0.0,0.0,0.0,,SUMMARY OF DAILY PCPN 2022 ILOILO .pdf,4
2022-04-16,0.0,0.0,0.0,0.0,0.0,,SUMMARY OF DAILY PCPN 2022 ILOILO .pdf,4
2022-04-17,0.0,0.0,0.0,0.0,0.0,,SUMMARY OF DAILY PCPN 2022 ILOILO .pdf,4
2022-04-18,0.0,0.0,0.0,0.0,0.0,,SUMMARY OF DAILY PCPN 2022 ILOILO .pdf,4
2022-04-19,0.0,0.0,0.0,0.0,0.0,,SUMMARY OF DAILY PCPN 2022 ILOILO .pdf,4
2022-04-20,0.0,0.0,0.0,0.0,0.0,,SUMMARY OF DAILY PCPN 2022 ILOILO .pdf,4
2022-04-21,0.0,0.0,0.0,0.0,0.0,,SUMMARY OF DAILY PCPN 2022 ILOILO .pdf,4
2022-04-22,0.0,0.0,19.8,0.0,19.8,HEAVY RASH,SUMMARY OF DAILY PCPN 2022 ILOILO .pdf,4
2022-04-23,0.0,0.0,0.0,0.0,0.0,LIGHT RASH,SUMMARY OF DAILY PCPN 2022 ILOILO .pdf,4
2022-04-24,0.0,0.0,0.0,0.4,0.4,LIGHT RASH,SUMMARY OF DAILY PCPN 2022 ILOILO .pdf,4
2022-04-25,0.0,0.0,0.0,0.0,0.0,,SUMMARY OF DAILY PCPN 2022 ILOILO .pdf,4
2022-04-26,0.0,0.2,0.4,6.0,2.6,LIGHT RASH,SUMMARY OF DAILY PCPN 2022 ILOILO .pdf,4
2022-04-27,0.0,0.0,0.0,0.0,0.0,,SUMMARY OF DAILY PCPN 2022 ILOILO .pdf,4
2022-04-28,0.0,0.8,0.0,0.0,0.8,LIGHT RASH,SUMMARY OF DAILY PCPN 2022 ILOILO .pdf,4
2022-04-29,0.0,0.0,12.0,0.0,12.0,LIGHT-MOD RASH,SUMMARY OF DAILY PCPN 2022 ILOILO .pdf,4
2022-04-30,0.0,0.0,0.0,0.0,0.0,,SUMMARY OF DAILY PCPN 2022 ILOILO .pdf,4
2022-05-01,0.0,0.0,0.0,0.0,0.0,,SUMMARY OF DAILY PCPN 2022 ILOILO .pdf,5
2022-05-02,0.0,0.0,0.0,0.0,0.0,,SUMMARY OF DAILY PCPN 2022 ILOILO .pdf,5
2022-05-03,0.0,0.0,0.0,0.0,0.0,,SUMMARY OF DAILY PCPN 2022 ILOILO .pdf,5
2022-05-04,0.0,0.0,0.0,0.0,0.0,,SUMMARY OF DAILY PCPN 2022 ILOILO .pdf,5
2022-05-05,0.0,0.0,0.0,0.0,0.0,,SUMMARY OF DAILY PCPN 2022 ILOILO .pdf,5
2022-05-06,0.0,0.0,0.0,0.0,0.0,,SUMMARY OF DAILY PCPN 2022 ILOILO .pdf,5
2022-05-07,0.0,0.0,0.0,0.0,0.0,,SUMMARY OF DAILY PCPN 2022 ILOILO .pdf,5
2022-05-08,0.0,0.0,3.0,0.0,3.0,MODERATE RASH,SUMMARY OF DAILY PCPN 2022 ILOILO .pdf,5
2022-05-09,0.0,0.0,0.0,0.0,0.0,,SUMMARY OF DAILY PCPN 2022 ILOILO .pdf,5
2022-05-10,0.0,0.0,0.0,0.0,0.0,,SUMMARY OF DAILY PCPN 2022 ILOILO .pdf,5
2022-05-11,0.0,0.0,0.0,0.0,0.0,,SUMMARY OF DAILY PCPN 2022 ILOILO .pdf,5
2022-05-12,0.0,0.0,0.0,0.0,0.0,,SUMMARY OF DAILY PCPN 2022 ILOILO .pdf,5
2022-05-13,0.0,9.0,0.4,0.0,9.4,MODERATE RASH,SUMMARY OF DAILY PCPN 2022 ILOILO .pdf,5
2022-05-14,0.0,1.2,0.0,0.0,1.2,LIGHT RASH,SUMMARY OF DAILY PCPN 2022 ILOILO .pdf,5
2022-05-15,0.0,2.0,0.0,0.0,2.0,LIGHT RASH,SUMMARY OF DAILY PCPN 2022 ILOILO .pdf,5
2022-05-16,0.0,0.2,0.0,0.0,0.2,LIGHT RASH,SUMMARY OF DAILY PCPN 2022 ILOILO .pdf,5
2022-05-17,0.0,0.0,5.0,0.2,5.2,LIGHT-MOD W/ TSTM,SUMMARY OF DAILY PCPN 2022 ILOILO .pdf,5
2022-05-18,0.0,0.0,0.0,0.0,0.0,,SUMMARY OF DAILY PCPN 2022 ILOILO .pdf,5
2022-05-19,0.0,0.0,0.0,0.0,0.0,,SUMMARY OF DAILY PCPN 2022 ILOILO .pdf,5
2022-05-20,0.0,14.0,8.4,0.0,22.4,LIGHT-MOD W/ TSTM,SUMMARY OF DAILY PCPN 2022 ILOILO .pdf,5
2022-05-21,0.0,0.2,0.0,0.2,0.4,LIGHT RASH,SUMMARY OF DAILY PCPN 2022 ILOILO .pdf,5
2022-05-22,0.0,9.4,3.2,0.2,12.8,LIGHT-MOD RASH,SUMMARY OF DAILY PCPN 2022 ILOILO .pdf,5
2022-05-23,0.0,0.8,0.2,0.0,0.8,LIGHT RASH,SUMMARY OF DAILY PCPN 2022 ILOILO .pdf,5
2022-05-24,0.0,0.0,0.0,0.0,0.0,,SUMMARY OF DAILY PCPN 2022 ILOILO .pdf,5
2022-05-25,0.0,0.0,0.0,0.0,0.0,LIGHT RASH,SUMMARY OF DAILY PCPN 2022 ILOILO .pdf,5
2022-05-26,0.0,0.0,6.6,36.0,42.6,LIGHT-MOD W/ OCNL HVY RASH,SUMMARY OF DAILY PCPN 2022 ILOILO .pdf,5
2022-05-27,1.8,0.0,23.0,4.0,28.8,LIGHT-MOD W/ OCNL HVY RASH,SUMMARY OF DAILY PCPN 2022 ILOILO .pdf,5
2022-05-28,17.2,0.0,0.4,0.0,17.6,LIGHT-MOD W/ OCNL HVY RASH,SUMMARY OF DAILY PCPN 2022 ILOILO .pdf,5
2022-05-29,0.0,0.0,0.0,0.0,0.0,LIGHT RASH,SUMMARY OF DAILY PCPN 2022 ILOILO .pdf,5
2022-05-30,0.0,0.0,0.0,0.0,0.0,LIGHT RASH,SUMMARY OF DAILY PCPN 2022 ILOILO .pdf,5
2022-05-31,0.0,0.0,0.0,0.0,0.0,,SUMMARY OF DAILY PCPN 2022 ILOILO .pdf,5
2022-06-01,0.0,0.0,0.0,0.0,0.0,,SUMMARY OF DAILY PCPN 2022 ILOILO .pdf,6
2022-06-02,0.0,0.0,0.0,0.0,0.0,,SUMMARY OF DAILY PCPN 2022 ILOILO .pdf,6
2022-06-03,0.0,0.0,0.0,0.0,0.0,,SUMMARY OF DAILY PCPN 2022 ILOILO .pdf,6
2022-06-04,0.0,0.0,0.0,2.8,2.8,LIGHT RASH,SUMMARY OF DAILY PCPN 2022 ILOILO .pdf,6
2022-06-05,0.0,2.8,0.0,0.0,2.8,LIGHT RASH,SUMMARY OF DAILY PCPN 2022 ILOILO .pdf,6
2022-06-06,0.0,0.0,0.0,1.0,1.0,LIGHT RASH,SUMMARY OF DAILY PCPN 2022 ILOILO .pdf,6
2022-06-07,0.0,0.0,0.0,0.0,0.0,,SUMMARY OF DAILY PCPN 2022 ILOILO .pdf,6
2022-06-08,0.0,0.0,0.8,0.0,0.8,,SUMMARY OF DAILY PCPN 2022 ILOILO .pdf,6
2022-06-09,0.0,0.0,0.0,0.0,0.0,,SUMMARY OF DAILY PCPN 2022 ILOILO .pdf,6
2022-06-10,0.0,2.4,0.0,0.0,2.4,LIGHT RASH,SUMMARY OF DAILY PCPN 2022 ILOILO .pdf,6
2022-06-11,0.0,0.0,0.0,0.0,0.0,,SUMMARY OF DAILY PCPN 2022 ILOILO .pdf,6
2022-06-12,0.0,0.0,0.0,0.0,0.0,,SUMMARY OF DAILY PCPN 2022 ILOILO .pdf,6
2022-06-13,0.0,0.0,0.0,0.0,0.0,,SUMMARY OF DAILY PCPN 2022 ILOILO .pdf,6
2022-06-14,0.0,3.4,0.2,0.0,3.6,LIGHT RASH,SUMMARY OF DAILY PCPN 2022 ILOILO .pdf,6
2022-06-15,0.0,0.0,0.0,0.0,0.0,LIGHT RASH,SUMMARY OF DAILY PCPN 2022 ILOILO .pdf,6
2022-06-16,0.0,0.0,0.0,0.0,0.0,,SUMMARY OF DAILY PCPN 2022 ILOILO .pdf,6
2022-06-17,0.0,0.0,0.0,0.0,0.0,,SUMMARY OF DAILY PCPN 2022 ILOILO .pdf,6
2022-06-18,0.0,0.0,2.0,0.0,2.0,LIGHT RASH,SUMMARY OF DAILY PCPN 2022 ILOILO .pdf,6
2022-06-19,0.0,0.0,6.4,0.0,6.4,LIGHT-MOD RASH W/ TSTM,SUMMARY OF DAILY PCPN 2022 ILOILO .pdf,6
2022-06-20,0.0,0.0,0.0,13.4,13.4,LIGHT-MOD RASH W/ TSTM,SUMMARY OF DAILY PCPN 2022 ILOILO .pdf,6
2022-06-21,3.8,0.0,0.0,0.0,3.8,LIGHT RASH,SUMMARY OF DAILY PCPN 2022 ILOILO .pdf,6
2022-06-22,0.0,0.0,0.0,0.0,0.0,LIGHT RASH,SUMMARY OF DAILY PCPN 2022 ILOILO .pdf,6
2022-06-23,0.0,0.0,0.0,0.0,0.0,,SUMMARY OF DAILY PCPN 2022 ILOILO .pdf,6
2022-06-24,0.0,0.0,0.0,0.0,0.0,,SUMMARY OF DAILY PCPN 2022 ILOILO .pdf,6
2022-06-25,0.0,0.0,0.0,0.0,0.0,,SUMMARY OF DAILY PCPN 2022 ILOILO .pdf,6
2022-06-26,0.0,18.0,15.0,0.0,33.0,LIGHT-MOD RASH W/ TSTM,SUMMARY OF DAILY PCPN 2022 ILOILO .pdf,6
2022-06-27,1.0,0.0,1.2,0.0,2.2,LIGHT RASH,SUMMARY OF DAILY PCPN 2022 ILOILO .pdf,6
2022-06-28,23.8,20.2,9.0,21.0,74.0,LIGHT-MOD RASH W/ OCNL HVY RASH,SUMMARY OF DAILY PCPN 2022 ILOILO .pdf,6
2022-06-29,7.2,1.0,2.0,5.4,15.6,LIGHT-MOD RASH,SUMMARY OF DAILY PCPN 2022 ILOILO .pdf,6
2022-06-30,1.8,0.0,14.8,0.0,16.6,LIGHT-MOD RASH,SUMMARY OF DAILY PCPN 2022 ILOILO .pdf,6
2022-07-01,0.0,0.0,0.0,0.0,0.0,,SUMMARY OF DAILY PCPN 2022 ILOILO .pdf,7
2022-07-02,0.0,0.0,0.0,0.0,0.0,,SUMMARY OF DAILY PCPN 2022 ILOILO .pdf,7
2022-07-03,0.0,0.2,0.0,0.0,0.2,LIGHT RASH,SUMMARY OF DAILY PCPN 2022 ILOILO .pdf,7
2022-07-04,0.0,5.4,0.0,1.0,5.4,LIGHT-MOD RASH,SUMMARY OF DAILY PCPN 2022 ILOILO .pdf,7
2022-07-05,0.4,13.4,0.0,0.0,13.8,LIGHT-MOD RASH W/ TSTM,SUMMARY OF DAILY PCPN 2022 ILOILO .pdf,7
2022-07-06,0.0,1.2,0.4,0.0,1.6,LIGHT RASH,SUMMARY OF DAILY PCPN 2022 ILOILO .pdf,7
2022-07-07,0.0,0.0,10.0,1.8,11.8,LIGHT-MOD RASH,SUMMARY OF DAILY PCPN 2022 ILOILO .pdf,7
2022-07-08,2.2,0.0,5.0,2.0,9.2,LIGHT RASH,SUMMARY OF DAILY PCPN 2022 ILOILO .pdf,7
2022-07-09,2.0,0.0,6.0,10.6,18.6,LIGHT-MOD RASH W/ OCNL HVY RASH,SUMMARY OF DAILY PCPN 2022 ILOILO .pdf,7
2022-07-10,1.4,4.4,0.0,0.2,6.0,LIGHT-MOD RASH,SUMMARY OF DAILY PCPN 2022 ILOILO .pdf,7
2022-07-11,0.0,0.0,0.0,11.4,11.4,LIGHT-MOD RASH,SUMMARY OF DAILY PCPN 2022 ILOILO .pdf,7
2022-07-12,0.0,0.0,6.4,0.4,6.8,LIGHT-MOD RASH,SUMMARY OF DAILY PCPN 2022 ILOILO .pdf,7
2022-07-13,0.0,2.2,0.0,0.0,2.2,LIGHT RASH,SUMMARY OF DAILY PCPN 2022 ILOILO .pdf,7
2022-07-14,0.0,0.0,0.0,0.0,0.0,,SUMMARY OF DAILY PCPN 2022 ILOILO .pdf,7
2022-07-15,0.0,0.0,26.6,0.0,26.6,LIGHT-MOD RASH W/ TSTM,SUMMARY OF DAILY PCPN 2022 ILOILO .pdf,7
2022-07-16,0.0,0.0,0.0,0.0,0.0,,SUMMARY OF DAILY PCPN 2022 ILOILO .pdf,7
2022-07-17,0.0,0.0,1.0,0.0,1.0,LIGHT RASH,SUMMARY OF DAILY PCPN 2022 ILOILO .pdf,7
2022-07-18,0.8,0.0,0.0,0.0,0.8,LIGHT RASH,SUMMARY OF DAILY PCPN 2022 ILOILO .pdf,7
2022-07-19,0.0,0.0,2.6,0.4,3.0,LIGHT RASH,SUMMARY OF DAILY PCPN 2022 ILOILO .pdf,7
2022-07-20,0.0,0.0,0.0,0.0,0.0,,SUMMARY OF DAILY PCPN 2022 ILOILO .pdf,7
2022-07-21,0.0,0.0,0.0,0.0,0.0,,SUMMARY OF DAILY PCPN 2022 ILOILO .pdf,7
2022-07-22,0.0,0.0,0.0,0.0,0.0,,SUMMARY OF DAILY PCPN 2022 ILOILO .pdf,7
2022-07-23,0.0,17.0,17.4,0.0,34.4,TSTM W/ LIGHT-MOD W/ OCNL HVY RASH,SUMMARY OF DAILY PCPN 2022 ILOILO .pdf,7
2022-07-24,0.0,0.0,0.0,0.0,0.0,,SUMMARY OF DAILY PCPN 2022 ILOILO .pdf,7
2022-07-25,0.0,0.0,0.0,0.0,0.0,LIGHT RASH,SUMMARY OF DAILY PCPN 2022 ILOILO .pdf,7
2022-07-26,0.0,0.0,0.0,0.0,0.0,,SUMMARY OF DAILY PCPN 2022 ILOILO .pdf,7
2022-07-27,0.0,0.0,0.0,0.0,0.0,,SUMMARY OF DAILY PCPN 2022 ILOILO .pdf,7
2022-07-28,0.0,0.0,0.0,0.6,0.6,LIGHT RASH,SUMMARY OF DAILY PCPN 2022 ILOILO .pdf,7
2022-07-29,0.6,0.0,7.0,25.6,33.2,LIGHT-MOD RASH W/ OCNL HVY RASH W/ TSTM,SUMMARY OF DAILY PCPN 2022 ILOILO .pdf,7
2022-07-30,11.2,0.0,1.6,0.6,13.4,LIGHT-MOD RASH,SUMMARY OF DAILY PCPN 2022 ILOILO .pdf,7
2022-07-31,0.0,0.0,36.0,0.0,36.0,HEAVY RASH W/ TSTM,SUMMARY OF DAILY PCPN 2022 ILOILO .pdf,7
2022-08-01,0.0,1.6,0.0,0.0,1.6,LIGHT RASH,SUMMARY OF DAILY PCPN 2022 ILOILO .pdf,8
2022-08-02,0.0,0.0,0.0,0.0,0.0,,SUMMARY OF DAILY PCPN 2022 ILOILO .pdf,8
2022-08-03,0.0,4.6,6.0,7.4,18.0,LIGHT-MOD RASH,SUMMARY OF DAILY PCPN 2022 ILOILO .pdf,8
2022-08-04,0.0,0.0,17.6,1.0,18.6,LIGHT-MOD RASH W/ TSTM,SUMMARY OF DAILY PCPN 2022 ILOILO .pdf,8
2022-08-05,2.2,0.2,2.0,0.8,5.2,LIGHT-MOD RASH,SUMMARY OF DAILY PCPN 2022 ILOILO .pdf,8
2022-08-06,0.0,0.0,3.0,2.4,5.4,LIGHT-MOD RASH,SUMMARY OF DAILY PCPN 2022 ILOILO .pdf,8
2022-08-07,4.6,2.8,0.0,0.0,7.4,LIGHT-MOD RASH,SUMMARY OF DAILY PCPN 2022 ILOILO .pdf,8
2022-08-08,0.0,0.0,0.8,0.0,0.8,LIGHT RASH,SUMMARY OF DAILY PCPN 2022 ILOILO .pdf,8
2022-08-09,0.0,0.0,0.0,0.0,0.0,,SUMMARY OF DAILY PCPN 2022 ILOILO .pdf,8
2022-08-10,0.0,0.0,0.2,0.0,0.2,LIGHT RASH,SUMMARY OF DAILY PCPN 2022 ILOILO .pdf,8
2022-08-11,0.0,0.0,0.0,0.0,0.0,LIGHT RASH,SUMMARY OF DAILY PCPN 2022 ILOILO .pdf,8
2022-08-12,0.0,0.0,1.0,0.0,1.0,LIGHT RASH,SUMMARY OF DAILY PCPN 2022 ILOILO .pdf,8
2022-08-13,0.0,3.8,0.0,0.0,3.8,LIGHT-MOD RASH W/ TSTM,SUMMARY OF DAILY PCPN 2022 ILOILO .pdf,8
2022-08-14,13.4,2.2,2.0,0.0,17.6,LIGHT-MOD RASH W/ TSTM,SUMMARY OF DAILY PCPN 2022 ILOILO .pdf,8
2022-08-15,0.0,0.0,0.0,0.0,0.0,LIGHT RASH,SUMMARY OF DAILY PCPN 2022 ILOILO .pdf,8
2022-08-16,0.0,0.0,0.0,0.0,0.0,,SUMMARY OF DAILY PCPN 2022 ILOILO .pdf,8
2022-08-17,0.0,0.2,0.0,0.0,0.2,LIGHT RASH,SUMMARY OF DAILY PCPN 2022 ILOILO .pdf,8
2022-08-18,0.0,0.0,0.0,2.0,2.0,LIGHT RASH,SUMMARY OF DAILY PCPN 2022 ILOILO .pdf,8
2022-08-19,0.0,3.0,0.0,0.0,3.0,LIGHT RASH,SUMMARY OF DAILY PCPN 2022 ILOILO .pdf,8
2022-08-20,22.0,0.0,0.0,0.0,22.0,HEAVY RASH,SUMMARY OF DAILY PCPN 2022 ILOILO .pdf,8
2022-08-21,0.0,7.0,0.0,0.0,7.0,MODERATE RASH W/ TSTM,SUMMARY OF DAILY PCPN 2022 ILOILO .pdf,8
2022-08-22,3.6,0.0,0.5,4.2,8.3,LIGHT-MOD RASH W/ TSTM,SUMMARY OF DAILY PCPN 2022 ILOILO .pdf,8
2022-08-23,0.0,0.0,0.0,0.0,0.0,,SUMMARY OF DAILY PCPN 2022 ILOILO .pdf,8
2022-08-24,0.0,0.0,0.0,0.0,0.0,,SUMMARY OF DAILY PCPN 2022 ILOILO .pdf,8
2022-08-25,0.0,0.0,0.0,0.0,0.0,LIGHT RASH,SUMMARY OF DAILY PCPN 2022 ILOILO .pdf,8
2022-08-26,0.0,2.4,0.3,1.8,4.5,LIGHT RASH,SUMMARY OF DAILY PCPN 2022 ILOILO .pdf,8
2022-08-27,0.0,0.0,0.0,0.0,0.0,,SUMMARY OF DAILY PCPN 2022 ILOILO .pdf,8
2022-08-28,0.0,0.0,0.0,0.0,0.0,,SUMMARY OF DAILY PCPN 2022 ILOILO .pdf,8
2022-08-29,0.0,92.4,0.0,0.0,92.4,TORRENTIAL RASH W/TSTM,SUMMARY OF DAILY PCPN 2022 ILOILO .pdf,8
2022-08-30,0.0,0.0,0.0,0.0,0.0,LIGHT RASH,SUMMARY OF DAILY PCPN 2022 ILOILO .pdf,8
2022-08-31,0.0,0.0,0.0,0.0,0.0,,SUMMARY OF DAILY PCPN 2022 ILOILO .pdf,8
2022-09-01,0.0,0.0,3.0,7.1,10.1,LIGHT RASH,SUMMARY OF DAILY PCPN 2022 ILOILO .pdf,9
2022-09-02,0.6,0.2,3.4,0.7,4.9,LIGHT-MOD RASH,SUMMARY OF DAILY PCPN 2022 ILOILO .pdf,9
2022-09-03,3.2,0.0,9.4,0.0,12.6,LIGHT-MOD RASH,SUMMARY OF DAILY PCPN 2022 ILOILO .pdf,9
2022-09-04,0.0,0.0,0.0,0.0,0.0,LIGHT RASH,SUMMARY OF DAILY PCPN 2022 ILOILO .pdf,9
2022-09-05,0.0,0.0,1.8,2.4,4.2,LIGHT RASH,SUMMARY OF DAILY PCPN 2022 ILOILO .pdf,9
2022-09-06,0.0,2.2,0.0,0.0,2.2,LIGHT-MOD RASH,SUMMARY OF DAILY PCPN 2022 ILOILO .pdf,9
2022-09-07,0.0,0.0,0.0,0.0,0.0,,SUMMARY OF DAILY PCPN 2022 ILOILO .pdf,9
2022-09-08,3.0,34.0,0.0,0.0,37.0,INTENSE RASH W/TSTM,SUMMARY OF DAILY PCPN 2022 ILOILO .pdf,9
2022-09-09,0.0,9.8,0.0,0.0,9.8,LIGHT-MOD RASH W/ TSTM,SUMMARY OF DAILY PCPN 2022 ILOILO .pdf,9
2022-09-10,0.0,0.0,0.0,0.0,0.0,,SUMMARY OF DAILY PCPN 2022 ILOILO .pdf,9
2022-09-11,0.0,0.0,0.0,0.0,0.0,,SUMMARY OF DAILY PCPN 2022 ILOILO .pdf,9
2022-09-12,0.0,0.0,0.0,0.0,0.0,,SUMMARY OF DAILY PCPN 2022 ILOILO .pdf,9
2022-09-13,0.0,0.0,0.0,0.0,0.0,,SUMMARY OF DAILY PCPN 2022 ILOILO .pdf,9
2022-09-14,0.0,0.0,0.0,0.0,0.0,,SUMMARY OF DAILY PCPN 2022 ILOILO .pdf,9
2022-09-15,0.0,0.0,9.4,0.0,9.4,LIGHT-MOD RASH,SUMMARY OF DAILY PCPN 2022 ILOILO .pdf,9
2022-09-16,0.4,0.6,1.4,0.0,2.4,LIGHT RASH,SUMMARY OF DAILY PCPN 2022 ILOILO .pdf,9
2022-09-17,0.0,0.0,13.0,0.6,13.6,MOD RASH W/ TSTM,SUMMARY OF DAILY PCPN 2022 ILOILO .pdf,9
2022-09-18,0.0,0.0,0.0,0.0,0.0,LIGHT RASH,SUMMARY OF DAILY PCPN 2022 ILOILO .pdf,9
2022-09-19,0.0,0.0,0.0,0.0,0.0,,SUMMARY OF DAILY PCPN 2022 ILOILO .pdf,9
2022-09-20,0.0,0.0,0.0,0.0,0.0,,SUMMARY OF DAILY PCPN 2022 ILOILO .pdf,9
2022-09-21,0.0,0.0,0.0,0.0,0.0,,SUMMARY OF DAILY PCPN 2022 ILOILO .pdf,9
2022-09-22,0.0,0.0,0.0,0.0,0.0,,SUMMARY OF DAILY PCPN 2022 ILOILO .pdf,9
2022-09-23,0.0,2.0,1.0,1.4,4.4,LIGHT RASH,SUMMARY OF DAILY PCPN 2022 ILOILO .pdf,9
2022-09-24,0.0,0.8,0.4,0.8,2.0,LIGHT RASH,SUMMARY OF DAILY PCPN 2022 ILOILO .pdf,9
2022-09-25,0.0,16.6,5.0,32.5,54.1,LIGHT-MOD RASH W/ OCNL HVY RASH,SUMMARY OF DAILY PCPN 2022 ILOILO .pdf,9
2022-09-26,0.0,10.0,19.6,3.5,33.1,LIGHT-MOD RASH W/ OCNL HVY RASH,SUMMARY OF DAILY PCPN 2022 ILOILO .pdf,9
2022-09-27,0.6,0.0,3.4,0.0,4.0,LIGHT-MOD RASH,SUMMARY OF DAILY PCPN 2022 ILOILO .pdf,9
2022-09-28,0.8,0.0,0.0,0.0,0.8,LIGHT-MOD RASH,SUMMARY OF DAILY PCPN 2022 ILOILO .pdf,9
2022-09-29,0.0,20.6,0.0,0.0,20.6,MOD- HVY RASH W/ TSTM,SUMMARY OF DAILY PCPN 2022 ILOILO .pdf,9
2022-09-30,0.0,0.0,0.0,0.0,0.0,,SUMMARY OF DAILY PCPN 2022 ILOILO .pdf,9
2022-10-01,0.0,0.0,0.0,4.0,4.0,LIGHT RASH,SUMMARY OF DAILY PCPN 2022 ILOILO .pdf,10
2022-10-02,0.0,0.0,0.0,0.0,0.0,,SUMMARY OF DAILY PCPN 2022 ILOILO .pdf,10
2022-10-03,0.0,3.0,0.0,0.0,3.0,LIGHT RASH,SUMMARY OF DAILY PCPN 2022 ILOILO .pdf,10
2022-10-04,0.0,0.0,0.0,0.0,0.0,LIGHT RASH,SUMMARY OF DAILY PCPN 2022 ILOILO .pdf,10
2022-10-05,0.0,0.0,3.4,0.0,3.4,LIGHT RASH,SUMMARY OF DAILY PCPN 2022 ILOILO .pdf,10
2022-10-06,0.4,0.0,0.0,0.0,0.4,LIGHT RASH,SUMMARY OF DAILY PCPN 2022 ILOILO .pdf,10
2022-10-07,0.0,1.0,0.0,0.0,1.0,LIGHT RASH,SUMMARY OF DAILY PCPN 2022 ILOILO .pdf,10
2022-10-08,0.0,0.0,4.0,10.2,14.2,LIGHT-MOD RASH,SUMMARY OF DAILY PCPN 2022 ILOILO .pdf,10
2022-10-09,0.0,0.0,0.0,0.0,0.0,,SUMMARY OF DAILY PCPN 2022 ILOILO .pdf,10
2022-10-10,23.8,0.0,0.0,0.0,23.8,HEAVY RASH,SUMMARY OF DAILY PCPN 2022 ILOILO .pdf,10
2022-10-11,0.0,0.0,0.0,0.0,0.0,,SUMMARY OF DAILY PCPN 2022 ILOILO .pdf,10
2022-10-12,0.0,0.0,33.0,0.0,33.0,TORRENTIAL RASH,SUMMARY OF DAILY PCPN 2022 ILOILO .pdf,10
2022-10-13,0.0,0.0,0.0,0.0,0.0,,SUMMARY OF DAILY PCPN 2022 ILOILO .pdf,10
2022-10-14,0.0,0.0,0.0,0.0,0.0,,SUMMARY OF DAILY PCPN 2022 ILOILO .pdf,10
2022-10-15,0.0,2.6,0.0,15.6,18.2,MODERATE - HEAVY RASH,SUMMARY OF DAILY PCPN 2022 ILOILO .pdf,10
2022-10-16,0.0,13.6,2.6,0.0,16.2,LIGHT-MOD RASH,SUMMARY OF DAILY PCPN 2022 ILOILO .pdf,10
2022-10-17,0.0,1.0,1.0,15.5,17.5,LIGHT-MOD RASH,SUMMARY OF DAILY PCPN 2022 ILOILO .pdf,10
2022-10-18,3.0,4.0,0.0,0.0,7.0,LIGHT-MOD RASH,SUMMARY OF DAILY PCPN 2022 ILOILO .pdf,10
2022-10-19,0.0,0.0,1.0,2.8,3.8,LIGHT RASH,SUMMARY OF DAILY PCPN 2022 ILOILO .pdf,10
2022-10-20,2.6,0.2,0.0,0.0,2.8,LIGHT RASH,SUMMARY OF DAILY PCPN 2022 ILOILO .pdf,10
2022-10-21,0.0,0.0,0.0,0.0,0.0,,SUMMARY OF DAILY PCPN 2022 ILOILO .pdf,10
2022-10-22,0.0,0.0,0.0,2.2,2.2,LIGHT RASH,SUMMARY OF DAILY PCPN 2022 ILOILO .pdf,10
2022-10-23,0.0,1.0,3.0,2.4,6.4,LIGHT-MOD RASH,SUMMARY OF DAILY PCPN 2022 ILOILO .pdf,10
2022-10-24,5.0,5.0,6.1,0.0,16.1,LIGHT-MOD RASH,SUMMARY OF DAILY PCPN 2022 ILOILO .pdf,10
2022-10-25,7.3,0.0,0.0,1.0,8.3,LIGHT-MOD RASH,SUMMARY OF DAILY PCPN 2022 ILOILO .pdf,10
2022-10-26,8.6,55.0,0.0,0.7,64.3,TORRENTIAL RAIN W/ TSTM,SUMMARY OF DAILY PCPN 2022 ILOILO .pdf,10
2022-10-27,0.0,0.0,3.0,3.1,6.1,LIGHT-MOD RASH,SUMMARY OF DAILY PCPN 2022 ILOILO .pdf,10
2022-10-28,29.4,23.8,59.5,6.4,119.1,MOD-HVY W/ INTENSE RASH,SUMMARY OF DAILY PCPN 2022 ILOILO .pdf,10
2022-10-29,2.4,18.8,29.0,21.2,71.4,LIGHT-MOD W/ HEAVY RASH,SUMMARY OF DAILY PCPN 2022 ILOILO .pdf,10
2022-10-30,1.0,29.4,16.4,0.6,47.4,MOD-HVY W/ OCNL INTENSE RASH,SUMMARY OF DAILY PCPN 2022 ILOILO .pdf,10
2022-10-31,0.0,7.0,0.0,0.0,7.0,LIGHT-MOD RASH,SUMMARY OF DAILY PCPN 2022 ILOILO .pdf,10
2022-11-01,0.3,0.0,0.0,0.0,0.3,LIGHT RASH,SUMMARY OF DAILY PCPN 2022 ILOILO .pdf,11
2022-11-02,0.0,1.8,0.0,0.0,1.8,LIGHT RASH,SUMMARY OF DAILY PCPN 2022 ILOILO .pdf,11
2022-11-03,0.0,0.0,0.0,0.0,0.0,,SUMMARY OF DAILY PCPN 2022 ILOILO .pdf,11
2022-11-04,0.0,0.0,0.0,0.0,0.0,,SUMMARY OF DAILY PCPN 2022 ILOILO .pdf,11
2022-11-05,0.0,0.0,0.0,1.0,1.0,LIGHT RASH,SUMMARY OF DAILY PCPN 2022 ILOILO .pdf,11
2022-11-06,0.0,0.0,0.0,0.0,0.0,,SUMMARY OF DAILY PCPN 2022 ILOILO .pdf,11
2022-11-07,0.0,0.0,0.0,0.0,0.0,,SUMMARY OF DAILY PCPN 2022 ILOILO .pdf,11
2022-11-08,0.2,1.0,0.0,0.0,1.2,LIGHT RASH,SUMMARY OF DAILY PCPN 2022 ILOILO .pdf,11
2022-11-09,0.0,0.0,11.0,0.0,11.0,HEAVY RAINFALL W/ TSTM,SUMMARY OF DAILY PCPN 2022 ILOILO .pdf,11
2022-11-10,0.0,0.0,0.0,0.0,0.0,,SUMMARY OF DAILY PCPN 2022 ILOILO .pdf,11
2022-11-11,0.0,0.0,0.0,0.0,0.0,,SUMMARY OF DAILY PCPN 2022 ILOILO .pdf,11
2022-11-12,0.0,0.0,0.0,0.0,0.0,TORRENTIAL RASH WITH TSTM,SUMMARY OF DAILY PCPN 2022 ILOILO .pdf,11
2022-11-13,0.2,0.0,0.0,0.0,0.2,LIGHT RASH,SUMMARY OF DAILY PCPN 2022 ILOILO .pdf,11
2022-11-14,0.0,0.0,0.2,0.2,0.4,LIGHT RASH,SUMMARY OF DAILY PCPN 2022 ILOILO .pdf,11
2022-11-15,1.0,0.0,0.0,1.6,2.6,LIGHT RASH,SUMMARY OF DAILY PCPN 2022 ILOILO .pdf,11
2022-11-16,9.2,0.0,0.0,0.0,9.2,MODERATE - HEAVY RASH WITH TSTM,SUMMARY OF DAILY PCPN 2022 ILOILO .pdf,11
2022-11-17,0.0,1.2,0.4,0.2,1.8,LIGHT RASH,SUMMARY OF DAILY PCPN 2022 ILOILO .pdf,11
2022-11-18,0.0,0.0,0.0,0.0,0.0,LIGHT RASH,SUMMARY OF DAILY PCPN 2022 ILOILO .pdf,11
2022-11-19,0.0,4.6,0.0,0.0,4.6,LIGHT -MODERATE RAIN,SUMMARY OF DAILY PCPN 2022 ILOILO .pdf,11
2022-11-20,0.0,0.0,0.0,0.0,0.0,,SUMMARY OF DAILY PCPN 2022 ILOILO .pdf,11
2022-11-21,0.0,16.8,0.2,0.0,17.0,HEAVY RAINFALL W/ TSTM,SUMMARY OF DAILY PCPN 2022 ILOILO .pdf,11
2022-11-22,0.0,0.0,0.0,0.0,0.0,,SUMMARY OF DAILY PCPN 2022 ILOILO .pdf,11
2022-11-23,0.0,0.0,1.8,0.0,1.8,LIGHT RASH,SUMMARY OF DAILY PCPN 2022 ILOILO .pdf,11
2022-11-24,0.0,0.0,0.0,0.0,0.0,,SUMMARY OF DAILY PCPN 2022 ILOILO .pdf,11
2022-11-25,0.0,0.0,0.0,0.0,0.0,,SUMMARY OF DAILY PCPN 2022 ILOILO .pdf,11
2022-11-26,0.0,0.0,0.0,0.0,0.0,,SUMMARY OF DAILY PCPN 2022 ILOILO .pdf,11
2022-11-27,0.0,0.0,0.0,0.0,0.0,,SUMMARY OF DAILY PCPN 2022 ILOILO .pdf,11
2022-11-28,0.0,0.0,7.0,6.0,13.0,LIGHT-MOD RASH,SUMMARY OF DAILY PCPN 2022 ILOILO .pdf,11
2022-11-29,0.0,0.0,0.8,0.6,1.4,LIGHT RASH,SUMMARY OF DAILY PCPN 2022 ILOILO .pdf,11
2022-11-30,0.0,0.0,34.0,32.8,66.8,MODERATE - HEAVY RASH WITH TSTM,SUMMARY OF DAILY PCPN 2022 ILOILO .pdf,11
2022-12-01,0.0,0.0,1.0,0.0,4.0,LIGHT RASH,SUMMARY OF DAILY PCPN 2022 ILOILO .pdf,12
2022-12-02,0.0,0.2,0.0,0.6,0.8,LIGHT RASH,SUMMARY OF DAILY PCPN 2022 ILOILO .pdf,12
2022-12-03,0.0,0.0,0.0,0.0,0.0,,SUMMARY OF DAILY PCPN 2022 ILOILO .pdf,12
2022-12-04,0.0,2.4,0.4,3.4,6.2,LIGHT RASH,SUMMARY OF DAILY PCPN 2022 ILOILO .pdf,12
2022-12-05,0.0,0.0,0.0,0.0,0.0,,SUMMARY OF DAILY PCPN 2022 ILOILO .pdf,12
2022-12-06,0.0,0.0,2.0,1.2,3.2,LIGHT RASH,SUMMARY OF DAILY PCPN 2022 ILOILO .pdf,12
2022-12-07,0.0,0.0,0.0,0.0,0.0,,SUMMARY OF DAILY PCPN 2022 ILOILO .pdf,12
2022-12-08,0.0,0.0,8.2,3.6,11.8,LIGHT-MODERATE RASH,SUMMARY OF DAILY PCPN 2022 ILOILO .pdf,12
2022-12-09,12.4,12.0,0.0,0.6,25.0,LIGHT -MODERAT RASH,SUMMARY OF DAILY PCPN 2022 ILOILO .pdf,12
2022-12-10,3.4,0.0,0.0,0.0,3.4,LIGHT RASH,SUMMARY OF DAILY PCPN 2022 ILOILO .pdf,12
2022-12-11,0.0,0.0,0.0,0.0,0.0,,SUMMARY OF DAILY PCPN 2022 ILOILO .pdf,12
2022-12-12,0.0,40.6,0.8,1.8,43.2,TORRENTIAL RASH WITH TSTM,SUMMARY OF DAILY PCPN 2022 ILOILO .pdf,12
2022-12-13,0.2,0.0,0.0,0.0,0.2,LIGHT RASH,SUMMARY OF DAILY PCPN 2022 ILOILO .pdf,12
2022-12-14,0.0,0.0,0.2,0.2,0.4,LIGHT RASH,SUMMARY OF DAILY PCPN 2022 ILOILO .pdf,12
2022-12-15,0.0,0.0,0.0,0.0,0.0,,SUMMARY OF DAILY PCPN 2022 ILOILO .pdf,12
2022-12-16,0.0,2.8,1.0,0.2,4.0,LIGHT RASH,SUMMARY OF DAILY PCPN 2022 ILOILO .pdf,12
2022-12-17,0.0,0.0,0.0,0.0,0.0,,SUMMARY OF DAILY PCPN 2022 ILOILO .pdf,12
2022-12-18,3.0,0.0,2.0,13.0,18.0,LIGHT-MODERATE RASH,SUMMARY OF DAILY PCPN 2022 ILOILO .pdf,12
2022-12-19,0.0,0.0,0.0,0.0,0.0,LIGHT RASH,SUMMARY OF DAILY PCPN 2022 ILOILO .pdf,12
2022-12-20,4.4,0.0,0.0,1.0,5.4,LIGHT RASH,SUMMARY OF DAILY PCPN 2022 ILOILO .pdf,12
2022-12-21,0.0,0.0,0.0,0.0,0.0,LIGHT RASH,SUMMARY OF DAILY PCPN 2022 ILOILO .pdf,12
2022-12-22,0.0,4.4,0.0,0.0,4.4,LIGHT RASH,SUMMARY OF DAILY PCPN 2022 ILOILO .pdf,12
2022-12-23,0.0,0.0,0.0,0.0,0.0,,SUMMARY OF DAILY PCPN 2022 ILOILO .pdf,12
2022-12-24,0.0,0.0,0.0,0.0,0.0,LIGHT RASH,SUMMARY OF DAILY PCPN 2022 ILOILO .pdf,12
2022-12-25,0.6,0.0,0.0,0.0,0.0,LIGHT RASH,SUMMARY OF DAILY PCPN 2022 ILOILO .pdf,12
2022-12-26,0.0,0.0,0.0,0.0,0.0,,SUMMARY OF DAILY PCPN 2022 ILOILO .pdf,12
2022-12-27,0.0,0.0,0.0,0.0,0.0,,SUMMARY OF DAILY PCPN 2022 ILOILO .pdf,12
2022-12-28,0.0,0.2,0.0,0.0,0.2,LIGHT RASH,SUMMARY OF DAILY PCPN 2022 ILOILO .pdf,12
2022-12-29,0.0,0.0,0.0,0.0,0.0,LIGHT RASH,SUMMARY OF DAILY PCPN 2022 ILOILO .pdf,12
2022-12-30,0.0,0.0,0.0,0.0,0.0,,SUMMARY OF DAILY PCPN 2022 ILOILO .pdf,12
2022-12-31,0.0,0.0,0.0,0.0,0.0,,SUMMARY OF DAILY PCPN 2022 ILOILO .pdf,12
2023-01-01,0.0,0.0,0.6,0.0,0.6,LIGHT RASH,SUMMARY OF DAILY PCPN 2023 ILOILO.pdf,1
2023-01-02,0.4,0.0,0.0,46.8,47.2,HEAVY RASH W/TSTM,SUMMARY OF DAILY PCPN 2023 ILOILO.pdf,1
2023-01-03,2.8,0.0,0.8,7.0,10.6,LIGHT-MODERATE RASH,SUMMARY OF DAILY PCPN 2023 ILOILO.pdf,1
2023-01-04,5.8,0.0,6.0,0.0,11.8,LIGHT-MODERATE RASH,SUMMARY OF DAILY PCPN 2023 ILOILO.pdf,1
2023-01-05,0.0,0.0,0.2,0.0,0.2,LIGHT RASH,SUMMARY OF DAILY PCPN 2023 ILOILO.pdf,1
2023-01-06,0.0,0.0,16.8,0.0,16.8,LIGHT-MODERATE RASH w/ TSTM,SUMMARY OF DAILY PCPN 2023 ILOILO.pdf,1
2023-01-07,0.0,0.0,0.0,0.0,0.0,,SUMMARY OF DAILY PCPN 2023 ILOILO.pdf,1
2023-01-08,0.0,0.0,0.0,0.0,0.0,,SUMMARY OF DAILY PCPN 2023 ILOILO.pdf,1
2023-01-09,0.0,0.4,0.2,1.8,2.4,LIGHT RASH,SUMMARY OF DAILY PCPN 2023 ILOILO.pdf,1
2023-01-10,0.4,1.6,1.4,0.2,3.6,LIGHT RASH,SUMMARY OF DAILY PCPN 2023 ILOILO.pdf,1
2023-01-11,31.4,1.0,0.6,5.0,38.0,LIGHT-MODERATE RASH,SUMMARY OF DAILY PCPN 2023 ILOILO.pdf,1
2023-01-12,0.4,12.1,0.0,0.2,12.7,LIGHT-MODERATE RASH,SUMMARY OF DAILY PCPN 2023 ILOILO.pdf,1
2023-01-13,0.0,0.0,0.0,0.0,0.0,,SUMMARY OF DAILY PCPN 2023 ILOILO.pdf,1
2023-01-14,0.0,8.2,4.4,0.0,12.6,LIGHT-MODERATE RASH W/TSTM,SUMMARY OF DAILY PCPN 2023 ILOILO.pdf,1
2023-01-15,0.0,0.0,0.0,0.0,0.0,LIGHT RASH,SUMMARY OF DAILY PCPN 2023 ILOILO.pdf,1
2023-01-16,0.0,0.0,0.0,0.0,0.0,,SUMMARY OF DAILY PCPN 2023 ILOILO.pdf,1
2023-01-17,0.0,0.0,0.0,0.0,0.0,,SUMMARY OF DAILY PCPN 2023 ILOILO.pdf,1
2023-01-18,2.4,2.8,,0.0,5.2,LIGHT-MODERATE W/ TSTM,SUMMARY OF DAILY PCPN 2023 ILOILO.pdf,1
2023-01-19,0.2,0.2,0.6,0.0,1.0,LIGHT-RASH,SUMMARY OF DAILY PCPN 2023 ILOILO.pdf,1
2023-01-20,0.6,0.0,0.0,1.0,1.6,LIGHT-RASH,SUMMARY OF DAILY PCPN 2023 ILOILO.pdf,1
2023-01-21,3.0,1.6,0.0,0.0,4.6,LIGHT-MODERATE W/ TSTM,SUMMARY OF DAILY PCPN 2023 ILOILO.pdf,1
2023-01-22,0.0,0.0,0.0,0.5,0.5,LIGHT-RASH,SUMMARY OF DAILY PCPN 2023 ILOILO.pdf,1
2023-01-23,0.0,11.8,18.0,3.2,33.0,MODERATE-HEAVY RASH,SUMMARY OF DAILY PCPN 2023 ILOILO.pdf,1
2023-01-24,0.2,0.0,0.0,0.0,0.2,LIGHT RASH,SUMMARY OF DAILY PCPN 2023 ILOILO.pdf,1
2023-01-25,1.8,0.0,0.0,0.0,1.8,LIGHT RASH,SUMMARY OF DAILY PCPN 2023 ILOILO.pdf,1
2023-01-26,1.8,0.6,1.4,0.0,3.8,LIGHT RASH,SUMMARY OF DAILY PCPN 2023 ILOILO.pdf,1
2023-01-27,0.0,0.0,0.0,0.0,0.0,,SUMMARY OF DAILY PCPN 2023 ILOILO.pdf,1
2023-01-28,0.0,0.2,0.4,0.8,1.4,LIGHT RASH,SUMMARY OF DAILY PCPN 2023 ILOILO.pdf,1
2023-01-29,0.0,0.0,0.0,0.0,0.0,LIGHT RASH,SUMMARY OF DAILY PCPN 2023 ILOILO.pdf,1
2023-01-30,0.0,0.0,0.0,0.0,0.0,LIGHT RASH,SUMMARY OF DAILY PCPN 2023 ILOILO.pdf,1
2023-01-31,0.0,0.0,0.6,5.2,5.8,LIGHT-MODERATE RASH,SUMMARY OF DAILY PCPN 2023 ILOILO.pdf,1
2023-02-01,0.0,0.0,0.0,0.0,0.0,,SUMMARY OF DAILY PCPN 2023 ILOILO.pdf,2
2023-02-02,0.0,0.0,1.0,0.0,1.0,LIGHT RASH,SUMMARY OF DAILY PCPN 2023 ILOILO.pdf,2
2023-02-03,0.0,0.0,0.0,1.8,1.8,LIGHT RASH,SUMMARY OF DAILY PCPN 2023 ILOILO.pdf,2
2023-02-04,0.0,0.0,2.0,0.0,2.0,LIGHT RASH,SUMMARY OF DAILY PCPN 2023 ILOILO.pdf,2
2023-02-05,0.0,0.0,0.8,0.0,0.8,LIGHT RASH,SUMMARY OF DAILY PCPN 2023 ILOILO.pdf,2
2023-02-06,0.0,0.0,0.0,0.0,0.0,,SUMMARY OF DAILY PCPN 2023 ILOILO.pdf,2
2023-02-07,0.0,0.0,0.0,0.0,0.0,,SUMMARY OF DAILY PCPN 2023 ILOILO.pdf,2
2023-02-08,0.0,0.0,0.0,0.0,0.0,,SUMMARY OF DAILY PCPN 2023 ILOILO.pdf,2
2023-02-09,0.0,0.0,1.0,9.4,10.4,LIGHT-MODERATE RASH,SUMMARY OF DAILY PCPN 2023 ILOILO.pdf,2
2023-02-10,0.0,0.0,0.0,0.0,0.0,LIGHT RASH,SUMMARY OF DAILY PCPN 2023 ILOILO.pdf,2
2023-02-11,0.0,0.0,0.0,0.0,0.0,LIGHT RASH,SUMMARY OF DAILY PCPN 2023 ILOILO.pdf,2
2023-02-12,0.0,0.0,0.0,0.0,0.0,,SUMMARY OF DAILY PCPN 2023 ILOILO.pdf,2
2023-02-13,0.0,5.4,1.6,0.8,7.8,LIGHT-MODERATE RASH,SUMMARY OF DAILY PCPN 2023 ILOILO.pdf,2
2023-02-14,18.4,4.2,14.2,0.0,36.8,MODERATE-HEAVY RASH,SUMMARY OF DAILY PCPN 2023 ILOILO.pdf,2
2023-02-15,0.0,0.0,0.0,0.0,0.0,,SUMMARY OF DAILY PCPN 2023 ILOILO.pdf,2
2023-02-16,1.0,2.0,0.0,0.0,3.0,LIGH RASH,SUMMARY OF DAILY PCPN 2023 ILOILO.pdf,2
2023-02-17,0.0,0.0,0.0,0.0,0.0,,SUMMARY OF DAILY PCPN 2023 ILOILO.pdf,2
2023-02-18,0.0,0.0,0.5,0.2,0.7,LIGHT RASH,SUMMARY OF DAILY PCPN 2023 ILOILO.pdf,2
2023-02-19,14.2,0.0,0.0,0.0,14.2,LIGHT-MODERATE W/TSTM,SUMMARY OF DAILY PCPN 2023 ILOILO.pdf,2
2023-02-20,0.0,0.0,0.0,0.0,0.0,,SUMMARY OF DAILY PCPN 2023 ILOILO.pdf,2
2023-02-21,0.0,0.0,0.0,0.0,0.0,,SUMMARY OF DAILY PCPN 2023 ILOILO.pdf,2
2023-02-22,0.0,0.0,0.0,0.0,0.0,,SUMMARY OF DAILY PCPN 2023 ILOILO.pdf,2
2023-02-23,0.0,0.0,0.0,0.0,0.0,,SUMMARY OF DAILY PCPN 2023 ILOILO.pdf,2
2023-02-24,0.0,0.0,0.0,0.0,0.0,,SUMMARY OF DAILY PCPN 2023 ILOILO.pdf,2
2023-02-25,0.0,0.0,0.0,0.0,0.0,LIGHT RASH,SUMMARY OF DAILY PCPN 2023 ILOILO.pdf,2
2023-02-26,0.0,0.0,0.0,0.0,0.0,,SUMMARY OF DAILY PCPN 2023 ILOILO.pdf,2
2023-02-27,0.4,14.2,2.2,1.0,17.8,LIGHT-MODERATE RASH,SUMMARY OF DAILY PCPN 2023 ILOILO.pdf,2
2023-02-28,0.4,9.6,0.8,0.0,10.8,LIGHT-MODERATE RASH,SUMMARY OF DAILY PCPN 2023 ILOILO.pdf,2
2023-03-01,0.0,0.0,0.0,0.0,0.0,LIGHT RASH,SUMMARY OF DAILY PCPN 2023 ILOILO.pdf,3
2023-03-02,0.0,1.4,0.2,0.0,1.6,LIGHT RASH,SUMMARY OF DAILY PCPN 2023 ILOILO.pdf,3
2023-03-03,0.0,6.2,0.0,0.0,6.2,LIGHT-MODERATE RASH,SUMMARY OF DAILY PCPN 2023 ILOILO.pdf,3
2023-03-04,0.0,0.0,0.0,0.0,0.0,,SUMMARY OF DAILY PCPN 2023 ILOILO.pdf,3
2023-03-05,0.0,0.0,0.0,0.0,0.0,,SUMMARY OF DAILY PCPN 2023 ILOILO.pdf,3
2023-03-06,0.0,0.0,0.0,0.0,0.0,,SUMMARY OF DAILY PCPN 2023 ILOILO.pdf,3
2023-03-07,0.0,0.0,0.0,0.0,0.0,LIGHT RASH,SUMMARY OF DAILY PCPN 2023 ILOILO.pdf,3
2023-03-08,0.0,0.0,0.0,0.0,0.0,,SUMMARY OF DAILY PCPN 2023 ILOILO.pdf,3
2023-03-09,0.0,0.0,0.0,0.0,0.0,,SUMMARY OF DAILY PCPN 2023 ILOILO.pdf,3
2023-03-10,0.0,0.0,0.0,0.0,0.0,,SUMMARY OF DAILY PCPN 2023 ILOILO.pdf,3
2023-03-11,0.0,0.0,0.0,0.0,0.0,,SUMMARY OF DAILY PCPN 2023 ILOILO.pdf,3
2023-03-12,0.0,0.0,0.0,0.0,0.0,,SUMMARY OF DAILY PCPN 2023 ILOILO.pdf,3
2023-03-13,0.0,0.0,0.0,0.0,0.0,,SUMMARY OF DAILY PCPN 2023 ILOILO.pdf,3
2023-03-14,0.0,0.0,0.0,0.0,0.0,,SUMMARY OF DAILY PCPN 2023 ILOILO.pdf,3
2023-03-15,0.0,1.8,0.0,0.0,1.8,LIGHT RASH,SUMMARY OF DAILY PCPN 2023 ILOILO.pdf,3
2023-03-16,0.0,0.0,0.0,0.0,0.0,,SUMMARY OF DAILY PCPN 2023 ILOILO.pdf,3
2023-03-17,0.0,0.0,0.0,0.0,0.0,,SUMMARY OF DAILY PCPN 2023 ILOILO.pdf,3
2023-03-18,0.0,0.0,0.0,0.0,0.0,,SUMMARY OF DAILY PCPN 2023 ILOILO.pdf,3
2023-03-19,0.0,0.0,0.0,0.0,0.0,,SUMMARY OF DAILY PCPN 2023 ILOILO.pdf,3
2023-03-20,0.0,0.0,0.0,0.0,0.0,,SUMMARY OF DAILY PCPN 2023 ILOILO.pdf,3
2023-03-21,0.0,0.0,0.0,0.0,0.0,,SUMMARY OF DAILY PCPN 2023 ILOILO.pdf,3
2023-03-22,0.0,0.0,0.0,0.0,0.0,,SUMMARY OF DAILY PCPN 2023 ILOILO.pdf,3
2023-03-23,0.0,0.0,0.0,0.0,0.0,,SUMMARY OF DAILY PCPN 2023 ILOILO.pdf,3
2023-03-24,0.0,0.0,0.0,0.0,0.0,,SUMMARY OF DAILY PCPN 2023 ILOILO.pdf,3
2023-03-25,0.0,0.0,0.0,0.0,0.0,,SUMMARY OF DAILY PCPN 2023 ILOILO.pdf,3
2023-03-26,0.0,0.0,0.0,0.0,0.0,,SUMMARY OF DAILY PCPN 2023 ILOILO.pdf,3
2023-03-27,0.0,0.0,0.0,0.0,0.0,LIGHT RASH,SUMMARY OF DAILY PCPN 2023 ILOILO.pdf,3
2023-03-28,0.0,0.0,0.0,0.0,0.0,,SUMMARY OF DAILY PCPN 2023 ILOILO.pdf,3
2023-03-29,0.0,0.0,0.0,0.0,0.0,LIGHT RASH,SUMMARY OF DAILY PCPN 2023 ILOILO.pdf,3
2023-03-30,0.0,0.0,0.0,0.0,0.0,,SUMMARY OF DAILY PCPN 2023 ILOILO.pdf,3
2023-03-31,0.0,0.0,0.0,0.0,0.0,,SUMMARY OF DAILY PCPN 2023 ILOILO.pdf,3
2023-04-01,0.0,0.0,0.0,0.0,0.0,,SUMMARY OF DAILY PCPN 2023 ILOILO.pdf,4
2023-04-02,0.0,0.0,0.0,0.0,0.0,,SUMMARY OF DAILY PCPN 2023 ILOILO.pdf,4
2023-04-03,0.0,0.0,0.0,0.0,0.0,,SUMMARY OF DAILY PCPN 2023 ILOILO.pdf,4
2023-04-04,4.2,8.6,0.0,0.0,12.8,LIGHT-MODERATE RASH,SUMMARY OF DAILY PCPN 2023 ILOILO.pdf,4
2023-04-05,0.0,0.0,0.0,0.0,0.0,,SUMMARY OF DAILY PCPN 2023 ILOILO.pdf,4
2023-04-06,0.0,0.0,0.0,0.0,0.0,,SUMMARY OF DAILY PCPN 2023 ILOILO.pdf,4
2023-04-07,0.0,0.0,0.0,0.0,0.0,,SUMMARY OF DAILY PCPN 2023 ILOILO.pdf,4
2023-04-08,0.0,0.0,0.0,0.0,0.0,,SUMMARY OF DAILY PCPN 2023 ILOILO.pdf,4
2023-04-09,0.0,64.0,0.0,0.0,64.0,TORRENTIAL W/ TSTM,SUMMARY OF DAILY PCPN 2023 ILOILO.pdf,4
2023-04-10,0.0,0.0,0.0,0.0,0.0,,SUMMARY OF DAILY PCPN 2023 ILOILO.pdf,4
2023-04-11,0.0,0.0,0.0,0.0,0.0,LIGHT RASH,SUMMARY OF DAILY PCPN 2023 ILOILO.pdf,4
2023-04-12,0.0,0.0,0.0,0.0,0.0,,SUMMARY OF DAILY PCPN 2023 ILOILO.pdf,4
2023-04-13,0.0,0.0,0.0,0.0,0.0,LIGHT RASH,SUMMARY OF DAILY PCPN 2023 ILOILO.pdf,4
2023-04-14,0.0,0.0,0.0,0.0,0.0,,SUMMARY OF DAILY PCPN 2023 ILOILO.pdf,4
2023-04-15,0.0,0.0,0.0,0.0,0.0,,SUMMARY OF DAILY PCPN 2023 ILOILO.pdf,4
2023-04-16,0.0,0.0,0.0,0.0,0.0,,SUMMARY OF DAILY PCPN 2023 ILOILO.pdf,4
2023-04-17,0.0,0.0,0.0,0.0,0.0,,SUMMARY OF DAILY PCPN 2023 ILOILO.pdf,4
2023-04-18,0.0,0.0,0.0,0.0,0.0,,SUMMARY OF DAILY PCPN 2023 ILOILO.pdf,4
2023-04-19,0.0,0.0,0.0,0.0,0.0,,SUMMARY OF DAILY PCPN 2023 ILOILO.pdf,4
2023-04-20,0.0,0.0,0.0,0.0,0.0,,SUMMARY OF DAILY PCPN 2023 ILOILO.pdf,4
2023-04-21,0.0,0.0,0.0,0.0,0.0,,SUMMARY OF DAILY PCPN 2023 ILOILO.pdf,4
2023-04-22,0.0,0.0,0.0,0.0,0.0,,SUMMARY OF DAILY PCPN 2023 ILOILO.pdf,4
2023-04-23,0.0,0.0,0.0,0.0,0.0,,SUMMARY OF DAILY PCPN 2023 ILOILO.pdf,4
2023-04-24,0.0,0.0,0.0,0.0,0.0,,SUMMARY OF DAILY PCPN 2023 ILOILO.pdf,4
2023-04-25,3.4,0.0,0.0,0.0,3.4,LIGHT RASH,SUMMARY OF DAILY PCPN 2023 ILOILO.pdf,4
2023-04-26,0.0,0.0,0.0,0.0,0.0,,SUMMARY OF DAILY PCPN 2023 ILOILO.pdf,4
2023-04-27,0.0,0.0,0.0,0.0,0.0,,SUMMARY OF DAILY PCPN 2023 ILOILO.pdf,4
2023-04-28,0.0,0.0,0.0,0.0,0.0,,SUMMARY OF DAILY PCPN 2023 ILOILO.pdf,4
2023-04-29,0.0,0.0,7.2,0.0,7.2,LIGHT-MODERATE RASH,SUMMARY OF DAILY PCPN 2023 ILOILO.pdf,4
2023-04-30,,0.0,,,,,SUMMARY OF DAILY PCPN 2023 ILOILO.pdf,4
2023-05-01,0.0,0.0,0.0,0.0,0.0,,SUMMARY OF DAILY PCPN 2023 ILOILO.pdf,5
2023-05-02,0.0,3.0,9.2,0.0,12.2,LIGHT-MODERATE RASH,SUMMARY OF DAILY PCPN 2023 ILOILO.pdf,5
2023-05-03,23.8,24.4,2.0,0.4,50.6,LIGHT-MODERATE RASH,SUMMARY OF DAILY PCPN 2023 ILOILO.pdf,5
2023-05-04,0.0,22.0,2.6,0.0,24.6,LIGHT-MODERATE RASH,SUMMARY OF DAILY PCPN 2023 ILOILO.pdf,5
2023-05-05,0.0,35.2,0.8,0.0,36.0,MODERATE RASH,SUMMARY OF DAILY PCPN 2023 ILOILO.pdf,5
2023-05-06,0.0,0.0,0.0,0.0,0.0,,SUMMARY OF DAILY PCPN 2023 ILOILO.pdf,5
2023-05-07,0.0,0.0,0.0,0.0,0.0,,SUMMARY OF DAILY PCPN 2023 ILOILO.pdf,5
2023-05-08,0.0,0.0,0.0,0.0,0.0,LIGHT RASH,SUMMARY OF DAILY PCPN 2023 ILOILO.pdf,5
2023-05-09,0.0,0.0,0.0,0.0,0.0,,SUMMARY OF DAILY PCPN 2023 ILOILO.pdf,5
2023-05-10,0.0,0.0,0.0,0.0,0.0,,SUMMARY OF DAILY PCPN 2023 ILOILO.pdf,5
2023-05-11,0.0,0.8,0.0,1.4,2.2,LIGHT RASH,SUMMARY OF DAILY PCPN 2023 ILOILO.pdf,5
2023-05-12,0.0,0.0,0.0,0.0,0.0,,SUMMARY OF DAILY PCPN 2023 ILOILO.pdf,5
2023-05-13,0.0,0.0,0.0,0.0,0.0,,SUMMARY OF DAILY PCPN 2023 ILOILO.pdf,5
2023-05-14,0.0,0.0,9.0,0.0,9.0,LIGHT-MODERATE RASH,SUMMARY OF DAILY PCPN 2023 ILOILO.pdf,5
2023-05-15,13.0,0.0,0.0,0.0,13.0,LIGHT-MODERATE RASH,SUMMARY OF DAILY PCPN 2023 ILOILO.pdf,5
2023-05-16,0.0,0.0,0.0,0.0,0.0,,SUMMARY OF DAILY PCPN 2023 ILOILO.pdf,5
2023-05-17,0.0,0.0,0.0,0.0,0.0,LIGHT RASH,SUMMARY OF DAILY PCPN 2023 ILOILO.pdf,5
2023-05-18,0.0,0.0,0.0,0.0,0.0,,SUMMARY OF DAILY PCPN 2023 ILOILO.pdf,5
2023-05-19,0.0,2.4,0.7,3.0,6.1,LIGHT RASH,SUMMARY OF DAILY PCPN 2023 ILOILO.pdf,5
2023-05-20,0.0,1.4,0.0,0.0,1.4,LIGHT RASH,SUMMARY OF DAILY PCPN 2023 ILOILO.pdf,5
2023-05-21,0.0,0.0,0.0,0.0,0.0,,SUMMARY OF DAILY PCPN 2023 ILOILO.pdf,5
2023-05-22,0.0,0.0,0.0,0.0,0.0,,SUMMARY OF DAILY PCPN 2023 ILOILO.pdf,5
2023-05-23,0.0,0.0,0.0,0.0,0.0,,SUMMARY OF DAILY PCPN 2023 ILOILO.pdf,5
2023-05-24,0.0,0.0,0.0,0.0,0.0,,SUMMARY OF DAILY PCPN 2023 ILOILO.pdf,5
2023-05-25,0.0,0.0,0.0,0.0,0.0,,SUMMARY OF DAILY PCPN 2023 ILOILO.pdf,5
2023-05-26,0.4,1.8,0.0,0.0,2.2,LIGHT RASH,SUMMARY OF DAILY PCPN 2023 ILOILO.pdf,5
2023-05-27,0.0,0.4,0.0,0.0,0.4,LIGHT RASH,SUMMARY OF DAILY PCPN 2023 ILOILO.pdf,5
2023-05-28,2.2,0.0,0.0,0.0,2.2,LIGHT RASH,SUMMARY OF DAILY PCPN 2023 ILOILO.pdf,5
2023-05-29,0.0,0.0,0.0,0.0,0.0,LIGHT RASH,SUMMARY OF DAILY PCPN 2023 ILOILO.pdf,5
2023-05-30,10.8,12.0,34.4,36.0,93.2,LIGHT-MODERATE TO HEAVY RAINS,SUMMARY OF DAILY PCPN 2023 ILOILO.pdf,5
2023-05-31,16.4,26.0,16.0,39.0,97.4,LIGHT-MODERATE W/OCC HEAVY RAINS,SUMMARY OF DAILY PCPN 2023 ILOILO.pdf,5
2023-06-01,13.4,10.4,6.8,0.8,31.4,LIGHT-MODERATE RASH,SUMMARY OF DAILY PCPN 2023 ILOILO.pdf,6
2023-06-02,0.0,1.8,0.0,0.0,1.8,LIGHT RASH,SUMMARY OF DAILY PCPN 2023 ILOILO.pdf,6
2023-06-03,0.0,0.0,0.0,0.0,0.0,,SUMMARY OF DAILY PCPN 2023 ILOILO.pdf,6
2023-06-04,0.0,25.4,0.0,0.0,25.4,LIGHT-MODERATE W/OCC HEAVY RAINS,SUMMARY OF DAILY PCPN 2023 ILOILO.pdf,6
2023-06-05,0.0,3.1,1.0,0.0,4.1,LIGHT RASH,SUMMARY OF DAILY PCPN 2023 ILOILO.pdf,6
2023-06-06,0.0,0.0,0.0,0.0,0.0,,SUMMARY OF DAILY PCPN 2023 ILOILO.pdf,6
2023-06-07,0.0,0.0,0.0,0.0,0.0,LIGHT RASH,SUMMARY OF DAILY PCPN 2023 ILOILO.pdf,6
2023-06-08,0.0,0.0,0.0,0.0,0.0,LIGHT RASH,SUMMARY OF DAILY PCPN 2023 ILOILO.pdf,6
2023-06-09,0.0,0.0,0.0,13.4,13.4,HEAVY RASH,SUMMARY OF DAILY PCPN 2023 ILOILO.pdf,6
2023-06-10,2.0,0.0,0.0,1.6,3.6,LIGHT MODERATE RASH,SUMMARY OF DAILY PCPN 2023 ILOILO.pdf,6
2023-06-11,0.0,0.0,0.0,0.0,0.0,LIGHT RASH,SUMMARY OF DAILY PCPN 2023 ILOILO.pdf,6
2023-06-12,0.6,0.0,0.0,0.0,0.6,LIGHT RASH,SUMMARY OF DAILY PCPN 2023 ILOILO.pdf,6
2023-06-13,0.0,0.0,0.0,0.0,0.0,,SUMMARY OF DAILY PCPN 2023 ILOILO.pdf,6
2023-06-14,0.0,0.0,0.0,5.4,5.4,LIGHT-MODERATE RASH,SUMMARY OF DAILY PCPN 2023 ILOILO.pdf,6
2023-06-15,0.0,0.0,0.0,0.0,0.0,,SUMMARY OF DAILY PCPN 2023 ILOILO.pdf,6
2023-06-16,0.0,0.4,16.6,0.0,17.0,LIGHT-MODERATE W/OCC HEAVY RAINS,SUMMARY OF DAILY PCPN 2023 ILOILO.pdf,6
2023-06-17,0.0,0.0,3.8,0.0,3.8,LIGHT-MODERATE RASH,SUMMARY OF DAILY PCPN 2023 ILOILO.pdf,6
2023-06-18,0.0,0.0,0.0,0.0,0.0,LIGHT RASH,SUMMARY OF DAILY PCPN 2023 ILOILO.pdf,6
2023-06-19,0.0,0.8,36.4,0.0,37.2,LIGHT-MODERATE W/ TSTM,SUMMARY OF DAILY PCPN 2023 ILOILO.pdf,6
2023-06-20,0.0,1.6,0.0,0.0,1.6,LIGHT RASH,SUMMARY OF DAILY PCPN 2023 ILOILO.pdf,6
2023-06-21,0.0,0.0,1.2,12.0,13.2,LIGHT-MODERATE W/ TSTM,SUMMARY OF DAILY PCPN 2023 ILOILO.pdf,6
2023-06-22,4.0,0.0,0.0,0.0,4.0,LIGHT RASH,SUMMARY OF DAILY PCPN 2023 ILOILO.pdf,6
2023-06-23,0.0,0.0,7.6,2.0,9.6,LIGHT-MODERATE RASH,SUMMARY OF DAILY PCPN 2023 ILOILO.pdf,6
2023-06-24,0.0,0.0,0.0,0.0,0.0,LIGHT RASH,SUMMARY OF DAILY PCPN 2023 ILOILO.pdf,6
2023-06-25,0.0,0.0,0.0,0.0,0.0,,SUMMARY OF DAILY PCPN 2023 ILOILO.pdf,6
2023-06-26,0.0,0.0,6.6,0.0,6.6,LIGHT-MODERATE RASH,SUMMARY OF DAILY PCPN 2023 ILOILO.pdf,6
2023-06-27,1.4,0.6,31.0,1.0,34.0,LIGHT - MODERATE W/ HEAVY RASH,SUMMARY OF DAILY PCPN 2023 ILOILO.pdf,6
2023-06-28,3.2,0.0,0.0,0.0,3.2,LIGHT RASH,SUMMARY OF DAILY PCPN 2023 ILOILO.pdf,6
2023-06-29,0.0,0.0,0.0,0.0,0.0,LIGHT RASH,SUMMARY OF DAILY PCPN 2023 ILOILO.pdf,6
2023-06-30,8.6,0.0,0.6,0.0,0.6,MODERATE TO HEAVY RAINS,SUMMARY OF DAILY PCPN 2023 ILOILO.pdf,6
2023-07-01,0.0,0.0,0.0,0.0,0.0,,SUMMARY OF DAILY PCPN 2023 ILOILO.pdf,7
2023-07-02,0.0,0.0,0.0,0.0,0.0,,SUMMARY OF DAILY PCPN 2023 ILOILO.pdf,7
2023-07-03,0.0,0.0,0.0,0.0,0.0,LIGHT RASH,SUMMARY OF DAILY PCPN 2023 ILOILO.pdf,7
2023-07-04,0.0,0.0,3.4,1.4,4.8,LIGHT RASH,SUMMARY OF DAILY PCPN 2023 ILOILO.pdf,7
2023-07-05,0.0,0.0,0.0,0.0,0.0,,SUMMARY OF DAILY PCPN 2023 ILOILO.pdf,7
2023-07-06,0.0,0.0,0.0,0.0,0.0,,SUMMARY OF DAILY PCPN 2023 ILOILO.pdf,7
2023-07-07,0.0,0.0,0.0,0.0,0.0,,SUMMARY OF DAILY PCPN 2023 ILOILO.pdf,7
2023-07-08,0.0,0.0,0.0,0.0,0.0,,SUMMARY OF DAILY PCPN 2023 ILOILO.pdf,7
2023-07-09,3.4,0.0,0.0,0.0,3.4,LIGHT RASH,SUMMARY OF DAILY PCPN 2023 ILOILO.pdf,7
2023-07-10,2.0,7.4,0.2,0.0,9.6,LIGHT RASH,SUMMARY OF DAILY PCPN 2023 ILOILO.pdf,7
2023-07-11,9.4,22.6,0.0,0.0,32.0,INTENSE,SUMMARY OF DAILY PCPN 2023 ILOILO.pdf,7
2023-07-12,0.0,0.0,0.0,3.8,3.8,LIGHT RASH,SUMMARY OF DAILY PCPN 2023 ILOILO.pdf,7
2023-07-13,0.4,12.0,2.6,28.0,43.0,LIGHT TO MODERATE W/ OCC HEAVY,SUMMARY OF DAILY PCPN 2023 ILOILO.pdf,7
2023-07-14,18.0,6.4,20.8,8.4,53.6,LIGHT TO MODERATE W/ OCC HEAVY,SUMMARY OF DAILY PCPN 2023 ILOILO.pdf,7
2023-07-15,16.0,14.6,22.0,30.2,82.8,MODERATE TO HEAVY W/ OCC INTENSE,SUMMARY OF DAILY PCPN 2023 ILOILO.pdf,7
2023-07-16,2.2,17.0,0.0,16.2,35.4,LIGHT TO MODERATE W/ OCC HEAVY,SUMMARY OF DAILY PCPN 2023 ILOILO.pdf,7
2023-07-17,8.6,2.6,0.2,0.0,11.4,LIGHT TO MODERATE W/ OCC HEAVY,SUMMARY OF DAILY PCPN 2023 ILOILO.pdf,7
2023-07-18,0.0,0.0,0.0,0.0,0.0,,SUMMARY OF DAILY PCPN 2023 ILOILO.pdf,7
2023-07-19,0.0,0.0,0.0,0.0,0.0,LIGHT RASH,SUMMARY OF DAILY PCPN 2023 ILOILO.pdf,7
2023-07-20,0.0,11.2,0.0,0.2,11.4,LIGHT TO MODERATE RASH,SUMMARY OF DAILY PCPN 2023 ILOILO.pdf,7
2023-07-21,0.0,29.2,1.2,0.2,30.6,INTENSE,SUMMARY OF DAILY PCPN 2023 ILOILO.pdf,7
2023-07-22,0.0,0.0,0.0,0.0,0.0,,SUMMARY OF DAILY PCPN 2023 ILOILO.pdf,7
2023-07-23,0.0,4.8,8.8,0.0,13.6,LIGHT TO MODERATE RASH,SUMMARY OF DAILY PCPN 2023 ILOILO.pdf,7
2023-07-24,6.8,2.4,0.0,32.2,41.4,LIGHT TO MODERATE W/ OCC HEAVY,SUMMARY OF DAILY PCPN 2023 ILOILO.pdf,7
2023-07-25,1.6,10.6,0.0,0.0,12.2,LIGHT TO MODERATE RASH,SUMMARY OF DAILY PCPN 2023 ILOILO.pdf,7
2023-07-26,30.6,33.0,23.0,64.2,150.8,MODERATE TO HEAVY W/ INTENSE TSTM,SUMMARY OF DAILY PCPN 2023 ILOILO.pdf,7
2023-07-27,5.6,3.0,0.0,0.2,8.8,LIGHT TO MODERATE RASH,SUMMARY OF DAILY PCPN 2023 ILOILO.pdf,7
2023-07-28,1.2,0.0,8.2,5.4,14.6,LIGHT TO MODERATE RASH,SUMMARY OF DAILY PCPN 2023 ILOILO.pdf,7
2023-07-29,0.0,0.0,0.0,0.0,0.0,LIGHT RASH,SUMMARY OF DAILY PCPN 2023 ILOILO.pdf,7
2023-07-30,3.2,0.0,0.0,0.4,3.6,LIGHT RASH,SUMMARY OF DAILY PCPN 2023 ILOILO.pdf,7
2023-07-31,5.0,4.0,4.4,0.0,13.4,LIGHT RASH,SUMMARY OF DAILY PCPN 2023 ILOILO.pdf,7
2023-08-01,0.0,0.6,0.0,0.0,0.6,LIGHT RASH,SUMMARY OF DAILY PCPN 2023 ILOILO.pdf,8
2023-08-02,0.0,0.0,0.0,1.4,1.4,LIGHT RASH,SUMMARY OF DAILY PCPN 2023 ILOILO.pdf,8
2023-08-03,7.0,0.0,0.0,0.0,7.0,LIGHT RASH,SUMMARY OF DAILY PCPN 2023 ILOILO.pdf,8
2023-08-04,0.0,0.0,0.0,0.0,0.0,,SUMMARY OF DAILY PCPN 2023 ILOILO.pdf,8
2023-08-05,0.0,0.0,0.0,0.0,0.0,,SUMMARY OF DAILY PCPN 2023 ILOILO.pdf,8
2023-08-06,0.0,0.0,0.0,0.0,0.0,,SUMMARY OF DAILY PCPN 2023 ILOILO.pdf,8
2023-08-07,0.0,0.0,0.0,0.0,0.0,,SUMMARY OF DAILY PCPN 2023 ILOILO.pdf,8
2023-08-08,0.0,0.0,0.0,0.0,0.0,,SUMMARY OF DAILY PCPN 2023 ILOILO.pdf,8
2023-08-09,0.0,0.0,0.0,0.0,0.0,LIGHT RASH,SUMMARY OF DAILY PCPN 2023 ILOILO.pdf,8
2023-08-10,0.0,0.0,0.0,0.0,0.0,LIGHT RASH,SUMMARY OF DAILY PCPN 2023 ILOILO.pdf,8
2023-08-11,0.0,0.0,0.0,0.0,0.0,LIGHT RASH,SUMMARY OF DAILY PCPN 2023 ILOILO.pdf,8
2023-08-12,0.0,2.0,0.0,0.0,2.0,LIGHT RASH,SUMMARY OF DAILY PCPN 2023 ILOILO.pdf,8
2023-08-13,0.0,0.0,0.0,0.0,0.0,,SUMMARY OF DAILY PCPN 2023 ILOILO.pdf,8
2023-08-14,0.0,0.0,0.0,0.0,0.0,,SUMMARY OF DAILY PCPN 2023 ILOILO.pdf,8
2023-08-15,0.0,0.0,0.0,0.0,0.0,,SUMMARY OF DAILY PCPN 2023 ILOILO.pdf,8
2023-08-16,0.0,2.5,4.5,0.0,7.0,LIGHT RASH,SUMMARY OF DAILY PCPN 2023 ILOILO.pdf,8
2023-08-17,0.0,0.0,0.0,0.0,0.0,,SUMMARY OF DAILY PCPN 2023 ILOILO.pdf,8
2023-08-18,0.0,0.0,0.0,3.3,3.3,LIGHT RASH,SUMMARY OF DAILY PCPN 2023 ILOILO.pdf,8
2023-08-19,0.0,0.0,8.4,0.0,8.4,LIGHT TO MODERATE RASH,SUMMARY OF DAILY PCPN 2023 ILOILO.pdf,8
2023-08-20,0.0,0.0,0.0,0.0,0.0,LIGHT TO MODERATE RASH,SUMMARY OF DAILY PCPN 2023 ILOILO.pdf,8
2023-08-21,0.0,2.6,0.0,0.0,2.6,LIGHT RASH,SUMMARY OF DAILY PCPN 2023 ILOILO.pdf,8
2023-08-22,3.4,0.0,0.0,0.0,3.4,LIGHT RASH,SUMMARY OF DAILY PCPN 2023 ILOILO.pdf,8
2023-08-23,0.0,0.0,0.0,0.0,0.0,,SUMMARY OF DAILY PCPN 2023 ILOILO.pdf,8
2023-08-24,0.0,0.0,0.0,0.0,4.6,LIGHT RASH,SUMMARY OF DAILY PCPN 2023 ILOILO.pdf,8
2023-08-25,0.0,0.0,0.0,0.0,0.0,,SUMMARY OF DAILY PCPN 2023 ILOILO.pdf,8
2023-08-26,0.0,0.0,0.0,3.4,3.4,LIGHT RASH,SUMMARY OF DAILY PCPN 2023 ILOILO.pdf,8
2023-08-27,4.4,2.0,16.4,8.4,31.2,LIGHT TO MODERATE RASH,SUMMARY OF DAILY PCPN 2023 ILOILO.pdf,8
2023-08-28,14.2,103.2,130.2,45.0,292.6,MODERATE TO HEAVY W/ OCC INTENSE RAINS,SUMMARY OF DAILY PCPN 2023 ILOILO.pdf,8
2023-08-29,14.2,0.2,14.2,14.2,0.2,MODERATE TO HEAVY W/ OCC INTENSE RAINS,SUMMARY OF DAILY PCPN 2023 ILOILO.pdf,8
2023-08-30,14.2,103.2,103.2,130.2,130.2,MODERATE TO HEAVY W/ OCC INTENSE RAINS,SUMMARY OF DAILY PCPN 2023 ILOILO.pdf,8
2023-08-31,2.0,4.4,29.0,2.2,37.6,MODERATE TO HEAVY RAINS,SUMMARY OF DAILY PCPN 2023 ILOILO.pdf,8
2023-09-01,5.8,0.0,8.0,2.4,16.2,LIGHT TO MODERATE RASH,SUMMARY OF DAILY PCPN 2023 ILOILO.pdf,9
2023-09-02,0.2,0.2,6.2,11.0,17.6,LIGHT-MODERATE RASH w/ OCC HVY RAINS,SUMMARY OF DAILY PCPN 2023 ILOILO.pdf,9
2023-09-03,0.0,0.0,13.2,0.0,13.2,MODERATE TO HEAVY RAINS,SUMMARY OF DAILY PCPN 2023 ILOILO.pdf,9
2023-09-04,1.0,0.0,0.0,0.0,1.0,LIGHT RASH,SUMMARY OF DAILY PCPN 2023 ILOILO.pdf,9
2023-09-05,0.0,0.0,0.0,0.0,0.0,,SUMMARY OF DAILY PCPN 2023 ILOILO.pdf,9
2023-09-06,0.0,0.0,8.0,0.0,8.0,LIGHT TO MODERATE RAIN,SUMMARY OF DAILY PCPN 2023 ILOILO.pdf,9
2023-09-07,0.0,0.0,16.8,0.0,16.8,LIGHT-MODERATE RASH W/ TSTM,SUMMARY OF DAILY PCPN 2023 ILOILO.pdf,9
2023-09-08,0.0,1.6,0.0,0.0,1.6,LIGHT RASH,SUMMARY OF DAILY PCPN 2023 ILOILO.pdf,9
2023-09-09,0.0,0.0,0.0,0.0,0.0,LIGHT RASH,SUMMARY OF DAILY PCPN 2023 ILOILO.pdf,9
2023-09-10,0.0,0.0,0.0,0.0,0.0,,SUMMARY OF DAILY PCPN 2023 ILOILO.pdf,9
2023-09-11,0.0,0.0,0.0,0.0,0.0,LIGHT RASH,SUMMARY OF DAILY PCPN 2023 ILOILO.pdf,9
2023-09-12,0.0,30.0,0.0,0.0,30.0,MODERATE TO HEAVY RASH,SUMMARY OF DAILY PCPN 2023 ILOILO.pdf,9
2023-09-13,0.4,0.0,0.0,0.0,0.4,LIGHT RASH,SUMMARY OF DAILY PCPN 2023 ILOILO.pdf,9
2023-09-14,0.0,0.0,0.0,2.4,2.4,LIGHT RASH,SUMMARY OF DAILY PCPN 2023 ILOILO.pdf,9
2023-09-15,0.0,0.4,1.0,0.0,1.4,LIGHT RASH,SUMMARY OF DAILY PCPN 2023 ILOILO.pdf,9
2023-09-16,0.0,0.0,0.0,0.0,0.0,,SUMMARY OF DAILY PCPN 2023 ILOILO.pdf,9
2023-09-17,0.0,0.0,0.0,9.0,9.0,LIGHT RASH,SUMMARY OF DAILY PCPN 2023 ILOILO.pdf,9
2023-09-18,0.0,0.0,0.0,1.0,1.0,LIGHT RASH,SUMMARY OF DAILY PCPN 2023 ILOILO.pdf,9
2023-09-19,0.0,0.0,0.0,0.0,0.0,,SUMMARY OF DAILY PCPN 2023 ILOILO.pdf,9
2023-09-20,0.0,1.2,0.5,0.0,1.7,LIGHT RASH,SUMMARY OF DAILY PCPN 2023 ILOILO.pdf,9
2023-09-21,0.0,0.0,0.0,3.2,3.2,LIGHT-MODERATE RAIN,SUMMARY OF DAILY PCPN 2023 ILOILO.pdf,9
2023-09-22,3.4,0.0,0.0,0.0,3.4,LIGHT RASH,SUMMARY OF DAILY PCPN 2023 ILOILO.pdf,9
2023-09-23,23.6,2.0,0.2,0.0,25.8,LIGHT-MODERATE RASH,SUMMARY OF DAILY PCPN 2023 ILOILO.pdf,9
2023-09-24,4.6,0.0,0.0,0.0,4.6,LIGHT RASH,SUMMARY OF DAILY PCPN 2023 ILOILO.pdf,9
2023-09-25,0.0,0.4,0.0,0.0,0.4,LIGHT RASH,SUMMARY OF DAILY PCPN 2023 ILOILO.pdf,9
2023-09-26,0.0,1.4,0.0,0.0,1.4,LIGHT RASH,SUMMARY OF DAILY PCPN 2023 ILOILO.pdf,9
2023-09-27,0.0,22.2,0.0,0.0,22.2,MODERATE TO HEAVY RAIN W/ TSTM,SUMMARY OF DAILY PCPN 2023 ILOILO.pdf,9
2023-09-28,0.0,0.0,0.0,0.0,0.0,LIGHT RASH,SUMMARY OF DAILY PCPN 2023 ILOILO.pdf,9
2023-09-29,0.0,0.0,0.6,0.0,0.6,LIGHT RASH,SUMMARY OF DAILY PCPN 2023 ILOILO.pdf,9
2023-09-30,5.0,0.8,0.0,2.4,8.2,LIGHT TO MODERATE RASH,SUMMARY OF DAILY PCPN 2023 ILOILO.pdf,9
2023-10-01,0.0,0.0,0.0,23.8,23.8,LIGHT-MODERATE W/OCC HEAVY RAINS,SUMMARY OF DAILY PCPN 2023 ILOILO.pdf,10
2023-10-02,0.0,0.0,0.0,0.0,0.0,LIGHT RASH,SUMMARY OF DAILY PCPN 2023 ILOILO.pdf,10
2023-10-03,0.0,0.0,0.0,0.0,0.0,,SUMMARY OF DAILY PCPN 2023 ILOILO.pdf,10
2023-10-04,0.6,0.0,0.0,0.0,0.6,LIGHT RASH,SUMMARY OF DAILY PCPN 2023 ILOILO.pdf,10
2023-10-05,0.0,0.0,0.0,0.0,0.0,,SUMMARY OF DAILY PCPN 2023 ILOILO.pdf,10
2023-10-06,0.0,7.4,0.0,0.0,7.4,LIGHT-MODERATE RAIN,SUMMARY OF DAILY PCPN 2023 ILOILO.pdf,10
2023-10-07,0.0,0.0,0.0,0.0,0.0,LIGHT RASH,SUMMARY OF DAILY PCPN 2023 ILOILO.pdf,10
2023-10-08,0.0,1.8,0.0,0.8,2.6,LIGHT RASH,SUMMARY OF DAILY PCPN 2023 ILOILO.pdf,10
2023-10-09,0.0,0.0,19.2,0.0,19.2,LIGHT-MODERATE RAIN,SUMMARY OF DAILY PCPN 2023 ILOILO.pdf,10
2023-10-10,4.2,15.4,4.8,0.0,24.4,LIGHT-MODERATE RASH,SUMMARY OF DAILY PCPN 2023 ILOILO.pdf,10
2023-10-11,1.2,0.0,0.0,0.0,1.2,LIGHT RASH,SUMMARY OF DAILY PCPN 2023 ILOILO.pdf,10
2023-10-12,0.0,0.0,0.0,0.0,0.0,,SUMMARY OF DAILY PCPN 2023 ILOILO.pdf,10
2023-10-13,0.0,0.0,0.0,0.0,0.0,LIGHT RASH,SUMMARY OF DAILY PCPN 2023 ILOILO.pdf,10
2023-10-14,0.0,0.0,1.0,0.0,0.0,LIGHT RASH,SUMMARY OF DAILY PCPN 2023 ILOILO.pdf,10
2023-10-15,0.0,0.0,0.0,0.0,0.0,,SUMMARY OF DAILY PCPN 2023 ILOILO.pdf,10
2023-10-16,0.0,8.0,0.0,0.0,8.0,LIGHT-MODERATE RAIN,SUMMARY OF DAILY PCPN 2023 ILOILO.pdf,10
2023-10-17,1.4,10.8,0.0,0.0,12.2,LIGHT-MODERATE RAIN,SUMMARY OF DAILY PCPN 2023 ILOILO.pdf,10
2023-10-18,0.0,0.0,0.0,0.0,0.0,,SUMMARY OF DAILY PCPN 2023 ILOILO.pdf,10
2023-10-19,0.0,0.0,0.0,0.0,0.0,,SUMMARY OF DAILY PCPN 2023 ILOILO.pdf,10
2023-10-20,0.0,0.0,0.0,0.0,0.0,,SUMMARY OF DAILY PCPN 2023 ILOILO.pdf,10
2023-10-21,0.0,24.0,0.0,0.0,24.0,MODERATE TO HEAVY RAIN W/ TSTM,SUMMARY OF DAILY PCPN 2023 ILOILO.pdf,10
2023-10-22,3.4,0.0,0.0,0.0,3.4,LIGHT RASH,SUMMARY OF DAILY PCPN 2023 ILOILO.pdf,10
2023-10-23,3.4,0.0,0.0,0.0,3.4,LIGHT RASH,SUMMARY OF DAILY PCPN 2023 ILOILO.pdf,10
2023-10-24,0.0,0.0,0.4,0.0,0.4,LIGHT RASH,SUMMARY OF DAILY PCPN 2023 ILOILO.pdf,10
2023-10-25,0.0,76.4,6.4,0.0,82.8,HEAVY TO INTENSE W/ TSTM,SUMMARY OF DAILY PCPN 2023 ILOILO.pdf,10
2023-10-26,0.0,0.4,0.0,0.0,0.4,LIGHT RASH,SUMMARY OF DAILY PCPN 2023 ILOILO.pdf,10
2023-10-27,0.0,22.2,0.0,0.0,22.2,MODERATE TO HEAVY RAIN W/ TSTM,SUMMARY OF DAILY PCPN 2023 ILOILO.pdf,10
2023-10-28,0.0,0.0,0.0,0.0,0.0,,SUMMARY OF DAILY PCPN 2023 ILOILO.pdf,10
2023-10-29,0.0,0.0,0.6,0.0,0.6,LIGHT RASH,SUMMARY OF DAILY PCPN 2023 ILOILO.pdf,10
2023-10-30,5.0,0.8,0.0,2.4,8.2,LIGHT TO MODERATE RASH,SUMMARY OF DAILY PCPN 2023 ILOILO.pdf,10
2023-10-31,2.8,0.0,0.0,0.0,2.8,LIGHT TO MODERATE RASH,SUMMARY OF DAILY PCPN 2023 ILOILO.pdf,10
2023-11-01,0.0,0.0,0.0,0.0,0.0,,SUMMARY OF DAILY PCPN 2023 ILOILO.pdf,11
2023-11-02,0.0,0.0,0.0,0.0,0.0,LIGHT RASH,SUMMARY OF DAILY PCPN 2023 ILOILO.pdf,11
2023-11-03,0.0,0.0,0.0,0.0,0.0,,SUMMARY OF DAILY PCPN 2023 ILOILO.pdf,11
2023-11-04,0.0,0.0,3.0,0.0,3.0,LIGHT RASH,SUMMARY OF DAILY PCPN 2023 ILOILO.pdf,11
2023-11-05,0.0,0.0,0.0,0.0,0.0,,SUMMARY OF DAILY PCPN 2023 ILOILO.pdf,11
2023-11-06,0.0,0.0,0.0,0.0,0.0,,SUMMARY OF DAILY PCPN 2023 ILOILO.pdf,11
2023-11-07,0.4,0.2,9.8,25.6,36.0,LIGHT TO MODERATE W/ OCC HEAVY RAINS,SUMMARY OF DAILY PCPN 2023 ILOILO.pdf,11
2023-11-08,36.2,0.0,0.0,0.0,36.2,HEAVY TO INTENSE RAIN W/ TSTM,SUMMARY OF DAILY PCPN 2023 ILOILO.pdf,11
2023-11-09,0.0,0.0,0.0,0.0,0.0,,SUMMARY OF DAILY PCPN 2023 ILOILO.pdf,11
2023-11-10,0.0,0.0,0.0,0.0,0.0,,SUMMARY OF DAILY PCPN 2023 ILOILO.pdf,11
2023-11-11,0.0,0.0,0.0,0.0,0.0,,SUMMARY OF DAILY PCPN 2023 ILOILO.pdf,11
2023-11-12,0.0,0.0,0.0,0.0,0.0,,SUMMARY OF DAILY PCPN 2023 ILOILO.pdf,11
2023-11-13,0.8,0.0,0.8,3.2,4.8,LIGHT TO MODERATE RASH,SUMMARY OF DAILY PCPN 2023 ILOILO.pdf,11
2023-11-14,4.2,0.0,0.0,0.0,4.2,LIGHT TO MOERATE RASH,SUMMARY OF DAILY PCPN 2023 ILOILO.pdf,11
2023-11-15,0.0,0.0,0.0,0.0,0.0,,SUMMARY OF DAILY PCPN 2023 ILOILO.pdf,11
2023-11-16,0.0,15.0,0.0,3.0,18.0,LIGHT TO MODERATE RASH,SUMMARY OF DAILY PCPN 2023 ILOILO.pdf,11
2023-11-17,1.0,0.2,0.0,0.0,1.2,LIGHT RASH,SUMMARY OF DAILY PCPN 2023 ILOILO.pdf,11
2023-11-18,2.0,0.0,0.0,0.0,2.0,LIGHT TO MODERATE RASH,SUMMARY OF DAILY PCPN 2023 ILOILO.pdf,11
2023-11-19,0.0,0.6,0.0,0.0,0.6,LIGHT RASH,SUMMARY OF DAILY PCPN 2023 ILOILO.pdf,11
2023-11-20,0.0,1.6,1.0,0.0,1.6,LIGHT RASH,SUMMARY OF DAILY PCPN 2023 ILOILO.pdf,11
2023-11-21,0.4,0.0,0.0,0.0,0.4,LIGHT RASH,SUMMARY OF DAILY PCPN 2023 ILOILO.pdf,11
2023-11-22,3.4,0.0,0.0,0.0,3.4,LIGHT RASH,SUMMARY OF DAILY PCPN 2023 ILOILO.pdf,11
2023-11-23,0.0,0.0,0.0,0.0,0.0,,SUMMARY OF DAILY PCPN 2023 ILOILO.pdf,11
2023-11-24,0.0,0.0,0.0,0.0,0.0,,SUMMARY OF DAILY PCPN 2023 ILOILO.pdf,11
2023-11-25,0.0,0.0,0.0,0.0,0.0,,SUMMARY OF DAILY PCPN 2023 ILOILO.pdf,11
2023-11-26,0.0,0.0,0.0,0.0,0.0,,SUMMARY OF DAILY PCPN 2023 ILOILO.pdf,11
2023-11-27,0.0,0.0,0.0,0.0,0.0,,SUMMARY OF DAILY PCPN 2023 ILOILO.pdf,11
2023-11-28,0.0,0.0,0.0,0.2,0.2,LIGHT RASH,SUMMARY OF DAILY PCPN 2023 ILOILO.pdf,11
2023-11-29,0.0,0.0,0.0,0.0,0.0,,SUMMARY OF DAILY PCPN 2023 ILOILO.pdf,11
2023-11-30,0.0,0.0,0.4,0.0,0.4,LIGHT RASH,SUMMARY OF DAILY PCPN 2023 ILOILO.pdf,11
2023-12-01,0.0,0.0,0.0,0.0,0.0,,SUMMARY OF DAILY PCPN 2023 ILOILO.pdf,12
2023-12-02,0.0,0.0,42.5,0.0,42.5,HEAVY TO INTENSE W/ TSTM,SUMMARY OF DAILY PCPN 2023 ILOILO.pdf,12
2023-12-03,0.0,0.0,0.0,0.0,0.0,LIGHT RASH,SUMMARY OF DAILY PCPN 2023 ILOILO.pdf,12
2023-12-04,0.0,0.0,0.0,0.0,0.0,,SUMMARY OF DAILY PCPN 2023 ILOILO.pdf,12
2023-12-05,0.0,0.0,0.0,0.0,0.0,,SUMMARY OF DAILY PCPN 2023 ILOILO.pdf,12
2023-12-06,1.0,0.0,0.0,0.0,1.0,LIGHT RASH,SUMMARY OF DAILY PCPN 2023 ILOILO.pdf,12
2023-12-07,0.0,0.0,0.0,0.0,0.0,,SUMMARY OF DAILY PCPN 2023 ILOILO.pdf,12
2023-12-08,0.0,0.0,0.0,23.0,23.0,MODERATE AND HEAVY RAINS,SUMMARY OF DAILY PCPN 2023 ILOILO.pdf,12
2023-12-09,0.0,0.0,0.0,0.0,0.0,LIGHT RASH,SUMMARY OF DAILY PCPN 2023 ILOILO.pdf,12
2023-12-10,0.0,0.0,0.0,0.0,0.0,,SUMMARY OF DAILY PCPN 2023 ILOILO.pdf,12
2023-12-11,0.0,0.0,0.0,0.0,0.0,,SUMMARY OF DAILY PCPN 2023 ILOILO.pdf,12
2023-12-12,0.0,0.0,0.0,0.0,0.0,,SUMMARY OF DAILY PCPN 2023 ILOILO.pdf,12
2023-12-13,0.0,0.0,0.0,0.0,0.0,,SUMMARY OF DAILY PCPN 2023 ILOILO.pdf,12
2023-12-14,0.0,0.0,0.0,0.0,0.0,,SUMMARY OF DAILY PCPN 2023 ILOILO.pdf,12
2023-12-15,0.0,0.0,0.0,0.0,0.0,,SUMMARY OF DAILY PCPN 2023 ILOILO.pdf,12
2023-12-16,0.0,0.0,0.0,0.0,0.0,,SUMMARY OF DAILY PCPN 2023 ILOILO.pdf,12
2023-12-17,0.0,0.0,0.0,0.6,0.6,LIGHT RASH,SUMMARY OF DAILY PCPN 2023 ILOILO.pdf,12
2023-12-18,2.4,0.6,0.0,0.0,3.0,LIGHT RASH,SUMMARY OF DAILY PCPN 2023 ILOILO.pdf,12
2023-12-19,0.0,0.0,0.0,0.0,0.0,,SUMMARY OF DAILY PCPN 2023 ILOILO.pdf,12
2023-12-20,0.0,0.0,0.0,0.0,0.0,,SUMMARY OF DAILY PCPN 2023 ILOILO.pdf,12
2023-12-21,0.0,0.0,0.0,0.0,0.0,,SUMMARY OF DAILY PCPN 2023 ILOILO.pdf,12
2023-12-22,0.0,0.0,0.0,0.0,0.0,,SUMMARY OF DAILY PCPN 2023 ILOILO.pdf,12
2023-12-23,0.0,0.0,0.0,0.0,0.0,,SUMMARY OF DAILY PCPN 2023 ILOILO.pdf,12
2023-12-24,0.2,14.8,22.6,0.0,37.6,MODERATE TO HEAVY RAINS,SUMMARY OF DAILY PCPN 2023 ILOILO.pdf,12
2023-12-25,0.0,0.0,0.0,0.0,0.0,LIGHT RASH,SUMMARY OF DAILY PCPN 2023 ILOILO.pdf,12
2023-12-26,0.0,0.2,0.0,0.0,0.2,LIGHT RASH,SUMMARY OF DAILY PCPN 2023 ILOILO.pdf,12
2023-12-27,0.0,0.0,0.0,0.0,0.0,,SUMMARY OF DAILY PCPN 2023 ILOILO.pdf,12
2023-12-28,0.0,0.0,0.0,,0.0,LIGHT RASH,SUMMARY OF DAILY PCPN 2023 ILOILO.pdf,12
2023-12-29,0.0,0.8,0.0,0.0,0.8,LIGHT RASH,SUMMARY OF DAILY PCPN 2023 ILOILO.pdf,12
2023-12-30,0.0,0.0,0.0,0.0,0.0,,SUMMARY OF DAILY PCPN 2023 ILOILO.pdf,12
2023-12-31,0.0,0.0,0.0,0.0,0.0,,SUMMARY OF DAILY PCPN 2023 ILOILO.pdf,12
2024-01-01,0.0,0.0,0.0,0.0,0.0,,SUMMARY OF DAILY PCPN 2024 ILOILO.pdf,1
2024-01-02,0.0,0.0,0.0,0.0,0.0,,SUMMARY OF DAILY PCPN 2024 ILOILO.pdf,1
2024-01-03,0.0,0.0,0.0,0.0,0.0,,SUMMARY OF DAILY PCPN 2024 ILOILO.pdf,1
2024-01-04,0.0,0.0,0.0,0.0,0.0,,SUMMARY OF DAILY PCPN 2024 ILOILO.pdf,1
2024-01-05,0.0,0.0,0.0,0.6,0.6,LIGTH RASH,SUMMARY OF DAILY PCPN 2024 ILOILO.pdf,1
2024-01-06,0.0,0.0,0.0,0.0,0.0,,SUMMARY OF DAILY PCPN 2024 ILOILO.pdf,1
2024-01-07,0.0,0.0,0.0,0.0,0.0,LIGTH RASH,SUMMARY OF DAILY PCPN 2024 ILOILO.pdf,1
2024-01-08,0.0,0.0,0.0,0.0,0.0,,SUMMARY OF DAILY PCPN 2024 ILOILO.pdf,1
2024-01-09,0.0,0.0,0.0,0.0,0.0,,SUMMARY OF DAILY PCPN 2024 ILOILO.pdf,1
2024-01-10,0.0,0.0,0.0,0.0,0.0,,SUMMARY OF DAILY PCPN 2024 ILOILO.pdf,1
2024-01-11,1.8,1.6,0.0,0.0,3.4,LIGTH RASH,SUMMARY OF DAILY PCPN 2024 ILOILO.pdf,1
2024-01-12,0.4,0.4,0.4,0.4,1.6,LIGTH RASH,SUMMARY OF DAILY PCPN 2024 ILOILO.pdf,1
2024-01-13,0.0,0.0,0.0,0.0,0.0,LIGTH RASH,SUMMARY OF DAILY PCPN 2024 ILOILO.pdf,1
2024-01-14,0.0,0.0,0.0,0.0,0.0,,SUMMARY OF DAILY PCPN 2024 ILOILO.pdf,1
2024-01-15,0.0,0.0,0.0,0.0,0.0,,SUMMARY OF DAILY PCPN 2024 ILOILO.pdf,1
2024-01-16,0.0,0.0,0.0,0.0,0.0,,SUMMARY OF DAILY PCPN 2024 ILOILO.pdf,1
2024-01-17,0.0,0.0,0.0,0.0,0.0,,SUMMARY OF DAILY PCPN 2024 ILOILO.pdf,1
2024-01-18,0.0,0.0,0.0,0.0,0.0,,SUMMARY OF DAILY PCPN 2024 ILOILO.pdf,1
2024-01-19,0.0,0.0,0.0,0.0,0.0,,SUMMARY OF DAILY PCPN 2024 ILOILO.pdf,1
2024-01-20,0.0,0.0,0.0,0.0,0.0,,SUMMARY OF DAILY PCPN 2024 ILOILO.pdf,1
2024-01-21,0.0,0.0,0.0,0.0,0.0,,SUMMARY OF DAILY PCPN 2024 ILOILO.pdf,1
2024-01-22,0.0,0.0,0.0,0.0,0.0,,SUMMARY OF DAILY PCPN 2024 ILOILO.pdf,1
2024-01-23,0.0,0.0,0.0,0.0,0.0,,SUMMARY OF DAILY PCPN 2024 ILOILO.pdf,1
2024-01-24,0.0,0.0,0.0,0.0,0.0,,SUMMARY OF DAILY PCPN 2024 ILOILO.pdf,1
2024-01-25,0.0,0.0,0.0,0.0,0.0,LIGTH RASH,SUMMARY OF DAILY PCPN 2024 ILOILO.pdf,1
2024-01-26,0.0,2.6,0.0,0.0,2.6,LIGTH RASH,SUMMARY OF DAILY PCPN 2024 ILOILO.pdf,1
2024-01-27,0.0,0.0,0.0,0.0,0.0,,SUMMARY OF DAILY PCPN 2024 ILOILO.pdf,1
2024-01-28,0.0,3.0,0.0,0.0,3.0,,SUMMARY OF DAILY PCPN 2024 ILOILO.pdf,1
2024-01-29,0.0,0.0,0.0,0.0,0.0,,SUMMARY OF DAILY PCPN 2024 ILOILO.pdf,1
2024-01-30,0.0,0.0,0.0,0.0,0.0,LIGTH RASH,SUMMARY OF DAILY PCPN 2024 ILOILO.pdf,1
2024-01-31,1.4,0.0,0.0,0.0,1.4,LIGTH RASH,SUMMARY OF DAILY PCPN 2024 ILOILO.pdf,1
2024-02-01,0.0,,,,,,SUMMARY OF DAILY PCPN 2024 ILOILO.pdf,2
2024-02-02,0.0,0.0,0.0,0.0,0.0,,SUMMARY OF DAILY PCPN 2024 ILOILO.pdf,2
2024-02-03,0.0,0.0,0.0,0.0,0.0,,SUMMARY OF DAILY PCPN 2024 ILOILO.pdf,2
2024-02-04,0.0,0.0,0.0,0.0,0.0,,SUMMARY OF DAILY PCPN 2024 ILOILO.pdf,2
2024-02-05,0.0,0.0,0.0,0.0,0.0,,SUMMARY OF DAILY PCPN 2024 ILOILO.pdf,2
2024-02-06,0.8,0.0,1.2,0.2,2.2,LGT -RASH,SUMMARY OF DAILY PCPN 2024 ILOILO.pdf,2
2024-02-07,0.0,0.0,0.0,0.0,0.0,,SUMMARY OF DAILY PCPN 2024 ILOILO.pdf,2
2024-02-08,0.0,0.0,0.0,0.0,0.0,,SUMMARY OF DAILY PCPN 2024 ILOILO.pdf,2
2024-02-09,0.0,0.0,0.0,0.0,0.0,,SUMMARY OF DAILY PCPN 2024 ILOILO.pdf,2
2024-02-10,0.0,0.0,0.0,0.0,0.0,,SUMMARY OF DAILY PCPN 2024 ILOILO.pdf,2
2024-02-11,0.0,0.0,0.0,0.0,0.0,LGT-RASH,SUMMARY OF DAILY PCPN 2024 ILOILO.pdf,2
2024-02-12,0.2,0.0,0.0,0.0,0.2,,SUMMARY OF DAILY PCPN 2024 ILOILO.pdf,2
2024-02-13,0.0,0.2,0.0,0.0,0.2,,SUMMARY OF DAILY PCPN 2024 ILOILO.pdf,2
2024-02-14,0.0,0.0,0.0,0.0,0.0,,SUMMARY OF DAILY PCPN 2024 ILOILO.pdf,2
2024-02-15,0.0,0.0,0.0,0.0,0.0,LGT-RASH,SUMMARY OF DAILY PCPN 2024 ILOILO.pdf,2
2024-02-16,0.0,0.0,0.0,0.0,0.0,,SUMMARY OF DAILY PCPN 2024 ILOILO.pdf,2
2024-02-17,0.0,0.0,0.0,0.0,0.0,,SUMMARY OF DAILY PCPN 2024 ILOILO.pdf,2
2024-02-18,0.0,0.0,0.0,0.0,0.0,LGT -RASH,SUMMARY OF DAILY PCPN 2024 ILOILO.pdf,2
2024-02-19,0.0,0.0,0.0,0.0,0.0,,SUMMARY OF DAILY PCPN 2024 ILOILO.pdf,2
2024-02-20,0.0,0.0,0.0,0.0,0.0,,SUMMARY OF DAILY PCPN 2024 ILOILO.pdf,2
2024-02-21,0.0,0.0,0.0,0.0,0.0,,SUMMARY OF DAILY PCPN 2024 ILOILO.pdf,2
2024-02-22,0.0,0.0,0.0,0.0,0.0,,SUMMARY OF DAILY PCPN 2024 ILOILO.pdf,2
2024-02-23,0.0,0.0,0.0,0.0,0.0,,SUMMARY OF DAILY PCPN 2024 ILOILO.pdf,2
2024-02-24,0.0,0.0,0.0,0.0,0.0,,SUMMARY OF DAILY PCPN 2024 ILOILO.pdf,2
2024-02-25,0.0,0.0,0.0,0.0,0.0,LGT -RASH,SUMMARY OF DAILY PCPN 2024 ILOILO.pdf,2
2024-02-26,0.0,0.0,0.0,0.0,0.0,,SUMMARY OF DAILY PCPN 2024 ILOILO.pdf,2
2024-02-27,0.0,0.0,0.0,0.0,0.0,LGT -RASH,SUMMARY OF DAILY PCPN 2024 ILOILO.pdf,2
2024-02-28,0.0,0.0,0.0,0.0,0.0,,SUMMARY OF DAILY PCPN 2024 ILOILO.pdf,2
2024-03-01,0.0,0.0,0.0,0.0,0.0,,SUMMARY OF DAILY PCPN 2024 ILOILO.pdf,3
2024-03-02,0.0,0.0,0.0,0.0,0.0,,SUMMARY OF DAILY PCPN 2024 ILOILO.pdf,3
2024-03-03,0.0,0.0,0.0,0.0,0.0,,SUMMARY OF DAILY PCPN 2024 ILOILO.pdf,3
2024-03-04,0.0,0.0,0.0,0.0,0.0,,SUMMARY OF DAILY PCPN 2024 ILOILO.pdf,3
2024-03-05,0.0,0.0,0.0,0.0,0.0,,SUMMARY OF DAILY PCPN 2024 ILOILO.pdf,3
2024-03-06,0.0,0.0,0.0,0.0,0.0,,SUMMARY OF DAILY PCPN 2024 ILOILO.pdf,3
2024-03-07,0.0,0.0,0.0,0.0,0.0,,SUMMARY OF DAILY PCPN 2024 ILOILO.pdf,3
2024-03-08,0.0,0.0,0.0,0.0,0.0,,SUMMARY OF DAILY PCPN 2024 ILOILO.pdf,3
2024-03-09,0.0,0.0,0.0,0.0,0.0,,SUMMARY OF DAILY PCPN 2024 ILOILO.pdf,3
2024-03-10,0.0,0.0,0.0,0.0,0.0,,SUMMARY OF DAILY PCPN 2024 ILOILO.pdf,3
2024-03-11,0.0,0.0,0.0,0.0,0.0,,SUMMARY OF DAILY PCPN 2024 ILOILO.pdf,3
2024-03-12,0.0,0.0,0.0,3.0,3.0,LGT-RASH,SUMMARY OF DAILY PCPN 2024 ILOILO.pdf,3
2024-03-13,0.0,0.0,0.0,0.0,0.0,,SUMMARY OF DAILY PCPN 2024 ILOILO.pdf,3
2024-03-14,0.0,0.0,0.0,0.0,0.0,,SUMMARY OF DAILY PCPN 2024 ILOILO.pdf,3
2024-03-15,0.0,0.0,0.0,0.0,0.0,,SUMMARY OF DAILY PCPN 2024 ILOILO.pdf,3
2024-03-16,0.0,0.0,0.0,0.0,0.0,,SUMMARY OF DAILY PCPN 2024 ILOILO.pdf,3
2024-03-17,0.0,0.0,0.0,0.0,0.0,,SUMMARY OF DAILY PCPN 2024 ILOILO.pdf,3
2024-03-18,0.0,0.0,0.0,0.0,0.0,,SUMMARY OF DAILY PCPN 2024 ILOILO.pdf,3
2024-03-19,0.0,0.0,0.0,0.0,0.0,,SUMMARY OF DAILY PCPN 2024 ILOILO.pdf,3
2024-03-20,0.0,0.0,0.0,0.0,0.0,,SUMMARY OF DAILY PCPN 2024 ILOILO.pdf,3
2024-03-21,0.0,0.0,0.0,0.0,0.0,,SUMMARY OF DAILY PCPN 2024 ILOILO.pdf,3
2024-03-22,0.0,0.0,0.0,0.0,0.0,,SUMMARY OF DAILY PCPN 2024 ILOILO.pdf,3
2024-03-23,0.0,0.0,0.0,0.0,0.0,,SUMMARY OF DAILY PCPN 2024 ILOILO.pdf,3
2024-03-24,0.0,0.0,0.8,0.0,0.8,LGT-RASH,SUMMARY OF DAILY PCPN 2024 ILOILO.pdf,3
2024-03-25,0.0,0.0,0.0,0.0,0.0,,SUMMARY OF DAILY PCPN 2024 ILOILO.pdf,3
2024-03-26,0.0,0.0,0.0,0.0,0.0,,SUMMARY OF DAILY PCPN 2024 ILOILO.pdf,3
2024-03-27,0.0,0.0,0.0,0.0,0.0,,SUMMARY OF DAILY PCPN 2024 ILOILO.pdf,3
2024-03-28,0.0,0.0,0.0,0.0,0.0,,SUMMARY OF DAILY PCPN 2024 ILOILO.pdf,3
2024-03-29,0.0,0.0,0.0,0.0,0.0,,SUMMARY OF DAILY PCPN 2024 ILOILO.pdf,3
2024-03-30,0.0,0.0,0.0,0.0,0.0,,SUMMARY OF DAILY PCPN 2024 ILOILO.pdf,3
2024-03-31,0.0,0.0,0.0,0.0,0.0,,SUMMARY OF DAILY PCPN 2024 ILOILO.pdf,3
2024-04-01,0.0,0.0,0.0,0.0,0.0,,SUMMARY OF DAILY PCPN 2024 ILOILO.pdf,4
2024-04-02,0.0,0.0,0.0,0.0,0.0,,SUMMARY OF DAILY PCPN 2024 ILOILO.pdf,4
2024-04-03,0.0,0.0,0.0,0.0,0.0,,SUMMARY OF DAILY PCPN 2024 ILOILO.pdf,4
2024-04-04,0.0,0.0,0.0,0.0,0.0,,SUMMARY OF DAILY PCPN 2024 ILOILO.pdf,4
2024-04-05,0.0,0.0,0.0,0.0,0.0,,SUMMARY OF DAILY PCPN 2024 ILOILO.pdf,4
2024-04-06,0.0,0.0,0.0,0.0,0.0,,SUMMARY OF DAILY PCPN 2024 ILOILO.pdf,4
2024-04-07,0.0,0.0,0.0,0.0,0.0,,SUMMARY OF DAILY PCPN 2024 ILOILO.pdf,4
2024-04-08,0.0,0.0,0.0,0.0,0.0,,SUMMARY OF DAILY PCPN 2024 ILOILO.pdf,4
2024-04-09,0.0,0.0,0.0,0.0,0.0,,SUMMARY OF DAILY PCPN 2024 ILOILO.pdf,4
2024-04-10,0.0,0.0,0.0,0.0,0.0,,SUMMARY OF DAILY PCPN 2024 ILOILO.pdf,4
2024-04-11,0.0,0.0,9.8,9.4,19.2,LGT-MOD RASH,SUMMARY OF DAILY PCPN 2024 ILOILO.pdf,4
2024-04-12,0.0,0.0,0.0,0.0,0.0,,SUMMARY OF DAILY PCPN 2024 ILOILO.pdf,4
2024-04-13,0.0,0.0,0.0,0.0,0.0,,SUMMARY OF DAILY PCPN 2024 ILOILO.pdf,4
2024-04-14,0.0,0.0,0.0,0.0,0.0,,SUMMARY OF DAILY PCPN 2024 ILOILO.pdf,4
2024-04-15,0.0,0.0,0.0,0.0,0.0,,SUMMARY OF DAILY PCPN 2024 ILOILO.pdf,4
2024-04-16,0.0,0.0,0.0,0.0,0.0,,SUMMARY OF DAILY PCPN 2024 ILOILO.pdf,4
2024-04-17,0.0,0.0,0.0,0.0,0.0,,SUMMARY OF DAILY PCPN 2024 ILOILO.pdf,4
2024-04-18,0.0,0.0,0.0,0.0,0.0,,SUMMARY OF DAILY PCPN 2024 ILOILO.pdf,4
2024-04-19,0.0,0.0,0.0,0.0,0.0,,SUMMARY OF DAILY PCPN 2024 ILOILO.pdf,4
2024-04-20,0.0,0.0,0.0,0.0,0.0,,SUMMARY OF DAILY PCPN 2024 ILOILO.pdf,4
2024-04-21,0.0,0.0,0.0,0.0,0.0,,SUMMARY OF DAILY PCPN 2024 ILOILO.pdf,4
2024-04-22,0.0,0.0,0.0,0.0,0.0,,SUMMARY OF DAILY PCPN 2024 ILOILO.pdf,4
2024-04-23,0.0,0.0,0.0,0.0,0.0,,SUMMARY OF DAILY PCPN 2024 ILOILO.pdf,4
2024-04-24,0.0,0.0,0.0,0.0,0.0,,SUMMARY OF DAILY PCPN 2024 ILOILO.pdf,4
2024-04-25,0.0,0.0,0.0,0.0,0.0,,SUMMARY OF DAILY PCPN 2024 ILOILO.pdf,4
2024-04-26,0.0,1.5,0.5,0.0,2.0,LGT-RASH,SUMMARY OF DAILY PCPN 2024 ILOILO.pdf,4
2024-04-27,0.0,0.0,0.0,0.0,0.0,,SUMMARY OF DAILY PCPN 2024 ILOILO.pdf,4
2024-04-28,0.0,0.0,0.0,0.0,0.0,,SUMMARY OF DAILY PCPN 2024 ILOILO.pdf,4
2024-04-29,0.0,0.0,0.0,0.0,0.0,,SUMMARY OF DAILY PCPN 2024 ILOILO.pdf,4
2024-04-30,0.0,0.0,0.0,0.0,0.0,,SUMMARY OF DAILY PCPN 2024 ILOILO.pdf,4
2024-05-01,0.0,0.0,0.0,0.0,0.0,,SUMMARY OF DAILY PCPN 2024 ILOILO.pdf,5
2024-05-02,0.0,0.0,0.0,0.0,0.0,,SUMMARY OF DAILY PCPN 2024 ILOILO.pdf,5
2024-05-03,0.0,0.0,0.0,0.0,0.0,,SUMMARY OF DAILY PCPN 2024 ILOILO.pdf,5
2024-05-04,0.0,0.0,0.0,0.0,0.0,,SUMMARY OF DAILY PCPN 2024 ILOILO.pdf,5
2024-05-05,0.0,0.0,0.0,0.0,0.0,,SUMMARY OF DAILY PCPN 2024 ILOILO.pdf,5
2024-05-06,0.0,0.0,0.0,0.0,0.0,,SUMMARY OF DAILY PCPN 2024 ILOILO.pdf,5
2024-05-07,0.0,0.0,0.0,1.6,1.6,LIGHT RASH,SUMMARY OF DAILY PCPN 2024 ILOILO.pdf,5
2024-05-08,0.0,0.0,0.0,0.0,0.0,,SUMMARY OF DAILY PCPN 2024 ILOILO.pdf,5
2024-05-09,0.0,0.0,0.0,0.0,0.0,,SUMMARY OF DAILY PCPN 2024 ILOILO.pdf,5
2024-05-10,0.0,0.0,0.0,0.0,0.0,,SUMMARY OF DAILY PCPN 2024 ILOILO.pdf,5
2024-05-11,0.0,0.0,0.0,0.0,0.0,,SUMMARY OF DAILY PCPN 2024 ILOILO.pdf,5
2024-05-12,0.0,0.0,0.0,0.0,0.0,,SUMMARY OF DAILY PCPN 2024 ILOILO.pdf,5
2024-05-13,0.0,0.0,0.0,0.0,0.0,,SUMMARY OF DAILY PCPN 2024 ILOILO.pdf,5
2024-05-14,0.0,0.0,0.0,0.0,0.0,,SUMMARY OF DAILY PCPN 2024 ILOILO.pdf,5
2024-05-15,0.0,0.0,0.0,10.6,10.6,LIGHT MOD,SUMMARY OF DAILY PCPN 2024 ILOILO.pdf,5
2024-05-16,0.0,0.0,0.0,0.0,0.0,,SUMMARY OF DAILY PCPN 2024 ILOILO.pdf,5
2024-05-17,0.0,0.0,0.0,0.0,0.0,,SUMMARY OF DAILY PCPN 2024 ILOILO.pdf,5
2024-05-18,0.0,0.0,0.0,0.8,0.8,LGT RASH,SUMMARY OF DAILY PCPN 2024 ILOILO.pdf,5
2024-05-19,0.0,0.0,0.0,0.0,0.0,,SUMMARY OF DAILY PCPN 2024 ILOILO.pdf,5
2024-05-20,0.0,0.0,1.2,0.0,1.2,LGT RASH,SUMMARY OF DAILY PCPN 2024 ILOILO.pdf,5
2024-05-21,0.0,0.0,0.0,0.0,0.0,,SUMMARY OF DAILY PCPN 2024 ILOILO.pdf,5
2024-05-22,0.0,0.0,0.0,5.8,5.8,LGT RASH,SUMMARY OF DAILY PCPN 2024 ILOILO.pdf,5
2024-05-23,0.0,0.0,0.0,0.0,0.0,,SUMMARY OF DAILY PCPN 2024 ILOILO.pdf,5
2024-05-24,7.6,0.0,0.4,1.6,9.6,LGT-MOD RASH,SUMMARY OF DAILY PCPN 2024 ILOILO.pdf,5
2024-05-25,0.0,0.0,0.0,7.6,7.6,LGT-MOD RASH,SUMMARY OF DAILY PCPN 2024 ILOILO.pdf,5
2024-05-26,0.0,3.4,31.2,2.0,36.6,LGT-MOD W/ OCC HVY RASH,SUMMARY OF DAILY PCPN 2024 ILOILO.pdf,5
2024-05-27,6.6,7.4,0.0,0.8,14.8,LGT-MOD RASH,SUMMARY OF DAILY PCPN 2024 ILOILO.pdf,5
2024-05-28,16.4,2.0,0.0,0.8,19.2,LGT-MOD RASH,SUMMARY OF DAILY PCPN 2024 ILOILO.pdf,5
2024-05-29,0.2,0.0,0.0,0.0,0.2,LGT RASH,SUMMARY OF DAILY PCPN 2024 ILOILO.pdf,5
2024-05-30,0.0,19.8,0.0,0.0,19.8,MOD-HVY RAIN,SUMMARY OF DAILY PCPN 2024 ILOILO.pdf,5
2024-05-31,0.0,0.0,0.0,0.0,0.0,,SUMMARY OF DAILY PCPN 2024 ILOILO.pdf,5
2024-06-01,0.0,0.0,0.0,0.0,0.0,,SUMMARY OF DAILY PCPN 2024 ILOILO.pdf,6
2024-06-02,0.0,0.0,0.0,0.0,0.0,,SUMMARY OF DAILY PCPN 2024 ILOILO.pdf,6
2024-06-03,0.0,0.0,0.0,0.0,0.0,,SUMMARY OF DAILY PCPN 2024 ILOILO.pdf,6
2024-06-04,0.0,0.0,0.0,0.0,0.0,,SUMMARY OF DAILY PCPN 2024 ILOILO.pdf,6
2024-06-05,0.0,0.0,0.0,0.0,0.0,,SUMMARY OF DAILY PCPN 2024 ILOILO.pdf,6
2024-06-06,0.0,10.4,0.0,0.0,10.4,LIGHT - MODERATE,SUMMARY OF DAILY PCPN 2024 ILOILO.pdf,6
2024-06-07,0.0,0.0,0.0,0.0,0.0,LIGHT RASH,SUMMARY OF DAILY PCPN 2024 ILOILO.pdf,6
2024-06-08,0.0,0.0,0.0,0.0,0.0,LIGHT RASH,SUMMARY OF DAILY PCPN 2024 ILOILO.pdf,6
2024-06-09,0.0,0.6,0.0,0.0,0.6,LIGHT RASH,SUMMARY OF DAILY PCPN 2024 ILOILO.pdf,6
2024-06-10,0.0,7.4,0.0,0.0,7.4,LIGHT - MODERATE RASH,SUMMARY OF DAILY PCPN 2024 ILOILO.pdf,6
2024-06-11,0.0,38.4,0.0,0.0,38.4,LIGHT - MODERATE W/ INTENSE TSTM,SUMMARY OF DAILY PCPN 2024 ILOILO.pdf,6
2024-06-12,0.0,0.0,0.0,0.0,0.0,,SUMMARY OF DAILY PCPN 2024 ILOILO.pdf,6
2024-06-13,0.0,0.0,0.0,0.0,0.0,,SUMMARY OF DAILY PCPN 2024 ILOILO.pdf,6
2024-06-14,2.0,1.8,8.2,0.0,12.0,LIGHT - MODERATE RASH,SUMMARY OF DAILY PCPN 2024 ILOILO.pdf,6
2024-06-15,0.0,0.0,0.0,0.0,0.0,,SUMMARY OF DAILY PCPN 2024 ILOILO.pdf,6
2024-06-16,0.0,0.0,0.0,2.0,2.0,LIGHT RASH,SUMMARY OF DAILY PCPN 2024 ILOILO.pdf,6
2024-06-17,2.8,5.8,0.0,0.0,8.6,LIGHT RASH,SUMMARY OF DAILY PCPN 2024 ILOILO.pdf,6
2024-06-18,0.0,0.0,0.0,1.2,1.2,LIGHT RASH,SUMMARY OF DAILY PCPN 2024 ILOILO.pdf,6
2024-06-19,2.0,0.0,31.2,4.8,38.0,LIGHT TO MODERATE RASH,SUMMARY OF DAILY PCPN 2024 ILOILO.pdf,6
2024-06-20,0.0,9.8,11.6,3.4,24.8,LIGHT - MODERATE,SUMMARY OF DAILY PCPN 2024 ILOILO.pdf,6
2024-06-21,5.2,0.0,0.0,0.0,5.2,LIGHT TO MODERATE RASH,SUMMARY OF DAILY PCPN 2024 ILOILO.pdf,6
2024-06-22,0.0,3.2,0.0,0.0,3.2,LIGHT TO MODERATE RASH,SUMMARY OF DAILY PCPN 2024 ILOILO.pdf,6
2024-06-23,0.0,0.4,0.0,0.4,0.8,LIGHT RASH,SUMMARY OF DAILY PCPN 2024 ILOILO.pdf,6
2024-06-24,0.0,27.4,0.6,0.0,28.0,MODERATE-HEAVY W/ TSTM,SUMMARY OF DAILY PCPN 2024 ILOILO.pdf,6
2024-06-25,0.0,0.0,0.0,0.0,0.0,,SUMMARY OF DAILY PCPN 2024 ILOILO.pdf,6
2024-06-26,0.0,0.0,0.0,1.6,1.6,LGT-RASH,SUMMARY OF DAILY PCPN 2024 ILOILO.pdf,6
2024-06-27,0.0,5.0,0.0,0.0,5.0,LGT-RASH,SUMMARY OF DAILY PCPN 2024 ILOILO.pdf,6
2024-06-28,0.0,0.0,0.0,14.6,14.6,LIGHT TO MODERATE RASH,SUMMARY OF DAILY PCPN 2024 ILOILO.pdf,6
2024-06-29,0.0,0.0,0.0,0.0,0.0,,SUMMARY OF DAILY PCPN 2024 ILOILO.pdf,6
2024-06-30,0.0,0.0,0.0,27.8,27.8,LIGHT TO MODERATE W/OCC HEAVY RASH,SUMMARY OF DAILY PCPN 2024 ILOILO.pdf,6
2024-07-01,0.0,0.0,0.0,1.8,1.8,LGT RASH,SUMMARY OF DAILY PCPN 2024 ILOILO.pdf,7
2024-07-02,0.0,74.2,0.0,0.0,74.2,TORRENTIAL,SUMMARY OF DAILY PCPN 2024 ILOILO.pdf,7
2024-07-03,0.0,0.0,0.0,2.2,2.2,LGT RASH,SUMMARY OF DAILY PCPN 2024 ILOILO.pdf,7
2024-07-04,0.0,0.0,0.0,0.0,0.0,,SUMMARY OF DAILY PCPN 2024 ILOILO.pdf,7
2024-07-05,0.0,4.8,7.2,0.0,12.0,LGT RASH,SUMMARY OF DAILY PCPN 2024 ILOILO.pdf,7
2024-07-06,0.0,0.2,0.0,0.0,0.2,LGT RASH,SUMMARY OF DAILY PCPN 2024 ILOILO.pdf,7
2024-07-07,0.0,31.0,2.2,0.0,33.2,MOD-HVY,SUMMARY OF DAILY PCPN 2024 ILOILO.pdf,7
2024-07-08,0.0,42.6,4.0,0.0,46.6,MOD-HVY,SUMMARY OF DAILY PCPN 2024 ILOILO.pdf,7
2024-07-09,0.0,46.0,0.8,2.0,48.8,INTENSE,SUMMARY OF DAILY PCPN 2024 ILOILO.pdf,7
2024-07-10,0.0,0.0,13.6,0.0,13.6,HEAVY RASH,SUMMARY OF DAILY PCPN 2024 ILOILO.pdf,7
2024-07-11,0.0,20.8,0.4,0.0,21.2,LGT-MOD W/ OCC HVY,SUMMARY OF DAILY PCPN 2024 ILOILO.pdf,7
2024-07-12,0.0,0.2,0.0,0.0,0.2,LGT RASH,SUMMARY OF DAILY PCPN 2024 ILOILO.pdf,7
2024-07-13,0.0,17.0,3.0,8.8,28.8,LGT-MOD RASH W/ OCC HVY,SUMMARY OF DAILY PCPN 2024 ILOILO.pdf,7
2024-07-14,1.6,0.0,11.6,0.0,13.2,LGT -MOD,SUMMARY OF DAILY PCPN 2024 ILOILO.pdf,7
2024-07-15,19.1,68.0,0.0,0.0,87.1,TORRENTIAL,SUMMARY OF DAILY PCPN 2024 ILOILO.pdf,7
2024-07-16,0.0,3.1,0.0,0.6,3.7,LGT RASH,SUMMARY OF DAILY PCPN 2024 ILOILO.pdf,7
2024-07-17,0.0,18.6,12.6,3.4,34.6,LGT-MOD W/ OCC HVY,SUMMARY OF DAILY PCPN 2024 ILOILO.pdf,7
2024-07-18,0.0,4.0,10.0,12.6,26.6,LGT-MOD W/ OCC HVY,SUMMARY OF DAILY PCPN 2024 ILOILO.pdf,7
2024-07-19,6.0,0.0,0.0,1.4,7.4,LGT-MOD RASH,SUMMARY OF DAILY PCPN 2024 ILOILO.pdf,7
2024-07-20,0.0,0.0,1.0,1.8,2.8,LGT RASH,SUMMARY OF DAILY PCPN 2024 ILOILO.pdf,7
2024-07-21,1.0,0.0,1.0,56.0,58.0,HVY RASH,SUMMARY OF DAILY PCPN 2024 ILOILO.pdf,7
2024-07-22,14.0,1.0,51.6,0.8,67.4,INTENSE RASH,SUMMARY OF DAILY PCPN 2024 ILOILO.pdf,7
2024-07-23,9.8,8.6,11.0,1.6,31.0,LGT-MOD W/ OCC HVY,SUMMARY OF DAILY PCPN 2024 ILOILO.pdf,7
2024-07-24,5.0,8.0,1.0,7.0,21.0,LGT-MOD W/ OCC HVY,SUMMARY OF DAILY PCPN 2024 ILOILO.pdf,7
2024-07-25,7.8,2.2,0.0,0.0,10.0,LGT-MOD W/ INTERMITENT RASH,SUMMARY OF DAILY PCPN 2024 ILOILO.pdf,7
2024-07-26,0.0,0.0,0.0,0.0,0.0,,SUMMARY OF DAILY PCPN 2024 ILOILO.pdf,7
2024-07-27,0.0,1.6,0.2,1.0,2.8,LGT RASH,SUMMARY OF DAILY PCPN 2024 ILOILO.pdf,7
2024-07-28,0.0,62.8,0.0,0.0,62.8,TORRENTIAL RASH,SUMMARY OF DAILY PCPN 2024 ILOILO.pdf,7
2024-07-29,0.0,0.0,0.0,0.0,0.0,,SUMMARY OF DAILY PCPN 2024 ILOILO.pdf,7
2024-07-30,0.0,0.0,0.0,0.0,0.0,,SUMMARY OF DAILY PCPN 2024 ILOILO.pdf,7
2024-07-31,0.0,1.0,0.0,0.0,1.0,LGT RASH,SUMMARY OF DAILY PCPN 2024 ILOILO.pdf,7
2024-08-01,0.0,0.0,0.0,0.0,0.0,LIGHT RASH,SUMMARY OF DAILY PCPN 2024 ILOILO.pdf,8
2024-08-02,0.0,0.0,0.0,0.0,0.0,LIGHT RASH,SUMMARY OF DAILY PCPN 2024 ILOILO.pdf,8
2024-08-03,0.8,0.0,0.0,0.0,0.8,LIGHT RASH,SUMMARY OF DAILY PCPN 2024 ILOILO.pdf,8
2024-08-04,0.0,0.0,0.0,0.0,0.0,,SUMMARY OF DAILY PCPN 2024 ILOILO.pdf,8
2024-08-05,0.0,0.0,16.0,1.6,17.7,LIGHT TO MOD RASH,SUMMARY OF DAILY PCPN 2024 ILOILO.pdf,8
2024-08-06,0.0,0.0,0.0,0.0,0.0,,SUMMARY OF DAILY PCPN 2024 ILOILO.pdf,8
2024-08-07,0.0,19.6,0.0,0.0,19.6,LIGHT TO MOD RASH,SUMMARY OF DAILY PCPN 2024 ILOILO.pdf,8
2024-08-08,0.0,0.0,0.0,0.0,0.0,,SUMMARY OF DAILY PCPN 2024 ILOILO.pdf,8
2024-08-09,0.0,0.0,0.0,0.0,0.0,,SUMMARY OF DAILY PCPN 2024 ILOILO.pdf,8
2024-08-10,0.0,0.0,0.0,0.0,0.0,,SUMMARY OF DAILY PCPN 2024 ILOILO.pdf,8
2024-08-11,0.0,0.0,0.0,0.0,0.0,,SUMMARY OF DAILY PCPN 2024 ILOILO.pdf,8
2024-08-12,0.0,0.0,0.0,0.0,0.0,,SUMMARY OF DAILY PCPN 2024 ILOILO.pdf,8
2024-08-13,0.0,0.0,0.0,0.0,0.0,,SUMMARY OF DAILY PCPN 2024 ILOILO.pdf,8
2024-08-14,0.0,0.0,0.0,0.0,0.0,,SUMMARY OF DAILY PCPN 2024 ILOILO.pdf,8
2024-08-15,0.0,0.0,0.0,0.0,0.0,,SUMMARY OF DAILY PCPN 2024 ILOILO.pdf,8
2024-08-16,0.0,0.0,0.0,0.0,0.0,,SUMMARY OF DAILY PCPN 2024 ILOILO.pdf,8
2024-08-17,0.0,0.0,0.0,0.0,0.0,,SUMMARY OF DAILY PCPN 2024 ILOILO.pdf,8
2024-08-18,0.0,0.0,0.0,0.0,0.0,,SUMMARY OF DAILY PCPN 2024 ILOILO.pdf,8
2024-08-19,0.0,0.0,0.0,0.0,0.0,,SUMMARY OF DAILY PCPN 2024 ILOILO.pdf,8
2024-08-20,0.0,0.0,0.0,3.8,3.8,LIGHT RASH W/ TSTM,SUMMARY OF DAILY PCPN 2024 ILOILO.pdf,8
2024-08-21,0.0,0.0,0.0,0.0,0.0,,SUMMARY OF DAILY PCPN 2024 ILOILO.pdf,8
2024-08-22,5.0,0.0,2.6,0.0,7.6,LIGHT TO MOD RASH,SUMMARY OF DAILY PCPN 2024 ILOILO.pdf,8
2024-08-23,0.0,0.2,0.0,0.0,0.2,LIGHT RASH,SUMMARY OF DAILY PCPN 2024 ILOILO.pdf,8
2024-08-24,0.0,0.0,0.4,0.6,1.0,LIGHT RASH,SUMMARY OF DAILY PCPN 2024 ILOILO.pdf,8
2024-08-25,2.0,2.2,0.6,6.8,11.6,LIGHT TO MOD RASH,SUMMARY OF DAILY PCPN 2024 ILOILO.pdf,8
2024-08-26,0.2,37.2,15.2,0.0,52.4,LIGHT TO MOD W/OCC HVY RASH,SUMMARY OF DAILY PCPN 2024 ILOILO.pdf,8
2024-08-27,1.6,0.0,1.2,0.0,2.8,LIGHT RASH,SUMMARY OF DAILY PCPN 2024 ILOILO.pdf,8
2024-08-28,0.0,0.8,0.0,0.4,1.2,LIGHT RASH,SUMMARY OF DAILY PCPN 2024 ILOILO.pdf,8
2024-08-29,0.0,0.0,0.0,0.0,0.0,,SUMMARY OF DAILY PCPN 2024 ILOILO.pdf,8
2024-08-30,4.4,0.0,0.0,0.0,4.4,LGT-MOD RASH,SUMMARY OF DAILY PCPN 2024 ILOILO.pdf,8
2024-08-31,0.0,0.0,0.8,28.0,28.8,LGT-MOD RASH,SUMMARY OF DAILY PCPN 2024 ILOILO.pdf,8
2024-09-01,0.0,0.2,0.8,0.4,1.4,LIGHT RASH,SUMMARY OF DAILY PCPN 2024 ILOILO.pdf,9
2024-09-02,12.0,0.3,0.0,9.7,22.0,LGT-MOD W/ OCC HVY RASH,SUMMARY OF DAILY PCPN 2024 ILOILO.pdf,9
2024-09-03,0.0,0.0,3.6,7.4,11.0,LIGHT - MODERATE RASH,SUMMARY OF DAILY PCPN 2024 ILOILO.pdf,9
2024-09-04,0.0,0.2,0.0,0.0,0.2,LIGHT RASH,SUMMARY OF DAILY PCPN 2024 ILOILO.pdf,9
2024-09-05,0.0,0.0,0.0,0.0,0.0,,SUMMARY OF DAILY PCPN 2024 ILOILO.pdf,9
2024-09-06,0.0,0.0,0.0,0.0,0.0,,SUMMARY OF DAILY PCPN 2024 ILOILO.pdf,9
2024-09-07,0.0,0.0,0.0,0.0,0.0,,SUMMARY OF DAILY PCPN 2024 ILOILO.pdf,9
2024-09-08,0.0,0.0,0.0,0.0,0.0,,SUMMARY OF DAILY PCPN 2024 ILOILO.pdf,9
2024-09-09,0.0,0.0,0.0,0.0,0.0,,SUMMARY OF DAILY PCPN 2024 ILOILO.pdf,9
2024-09-10,0.0,0.0,0.0,0.0,0.0,,SUMMARY OF DAILY PCPN 2024 ILOILO.pdf,9
2024-09-11,0.2,0.0,0.0,0.0,0.2,LGT-RASH,SUMMARY OF DAILY PCPN 2024 ILOILO.pdf,9
2024-09-12,0.0,3.4,3.0,8.4,14.8,LIGHT - MODERATE RASH,SUMMARY OF DAILY PCPN 2024 ILOILO.pdf,9
2024-09-13,5.4,32.0,8.0,1.4,46.8,LIGHT - MODERATE W/ OCC HVY,SUMMARY OF DAILY PCPN 2024 ILOILO.pdf,9
2024-09-14,19.0,1.0,0.0,3.0,23.0,LGT-MOD W/ OCC HVY,SUMMARY OF DAILY PCPN 2024 ILOILO.pdf,9
2024-09-15,4.0,3.4,0.2,0.6,8.2,LGT-RASH,SUMMARY OF DAILY PCPN 2024 ILOILO.pdf,9
2024-09-16,20.8,1.2,1.0,4.6,27.6,LIGHT - MODERATE W/ OCC HVY,SUMMARY OF DAILY PCPN 2024 ILOILO.pdf,9
2024-09-17,11.4,0.4,10.2,12.0,34.0,LIGHT - MODERATE W/ OCC HVY,SUMMARY OF DAILY PCPN 2024 ILOILO.pdf,9
2024-09-18,0.0,11.4,0.0,4.0,15.4,LIGHT - MODERATE RASH,SUMMARY OF DAILY PCPN 2024 ILOILO.pdf,9
2024-09-19,0.0,0.0,0.0,0.0,0.0,,SUMMARY OF DAILY PCPN 2024 ILOILO.pdf,9
2024-09-20,0.0,0.0,0.0,0.0,0.0,,SUMMARY OF DAILY PCPN 2024 ILOILO.pdf,9
2024-09-21,0.0,0.0,0.0,0.0,0.0,,SUMMARY OF DAILY PCPN 2024 ILOILO.pdf,9
2024-09-22,0.0,0.0,0.0,0.0,0.0,,SUMMARY OF DAILY PCPN 2024 ILOILO.pdf,9
2024-09-23,0.0,0.0,0.0,0.0,0.0,,SUMMARY OF DAILY PCPN 2024 ILOILO.pdf,9
2024-09-24,0.0,0.0,2.8,0.0,2.8,LGT-RASH,SUMMARY OF DAILY PCPN 2024 ILOILO.pdf,9
2024-09-25,0.0,0.0,0.0,0.0,0.0,,SUMMARY OF DAILY PCPN 2024 ILOILO.pdf,9
2024-09-26,0.0,0.2,0.0,0.0,0.2,LGT-RASH,SUMMARY OF DAILY PCPN 2024 ILOILO.pdf,9
2024-09-27,0.0,0.0,0.0,0.0,0.0,,SUMMARY OF DAILY PCPN 2024 ILOILO.pdf,9
2024-09-28,0.0,0.0,0.0,0.0,0.0,,SUMMARY OF DAILY PCPN 2024 ILOILO.pdf,9
2024-09-29,1.8,0.0,0.0,0.0,1.8,LGT-RASH,SUMMARY OF DAILY PCPN 2024 ILOILO.pdf,9
2024-09-30,0.0,0.0,0.0,0.0,0.0,LGT-RASH,SUMMARY OF DAILY PCPN 2024 ILOILO.pdf,9
2024-10-01,0.0,1.8,0.0,0.0,1.8,LIGHT RASH,SUMMARY OF DAILY PCPN 2024 ILOILO.pdf,10
2024-10-02,0.0,0.0,0.0,0.0,0.0,,SUMMARY OF DAILY PCPN 2024 ILOILO.pdf,10
2024-10-03,0.0,0.0,0.0,0.8,0.8,LIGHT RASH,SUMMARY OF DAILY PCPN 2024 ILOILO.pdf,10
2024-10-04,0.0,28.0,0.0,0.0,28.0,MODERATE-HVY RASH W/ TSTM,SUMMARY OF DAILY PCPN 2024 ILOILO.pdf,10
2024-10-05,3.4,1.5,0.0,0.5,5.4,LIGHT RASH,SUMMARY OF DAILY PCPN 2024 ILOILO.pdf,10
2024-10-06,0.0,15.4,0.0,0.0,15.4,LIGHT - MODERATE RASH,SUMMARY OF DAILY PCPN 2024 ILOILO.pdf,10
2024-10-07,0.0,0.0,0.0,0.0,0.0,,SUMMARY OF DAILY PCPN 2024 ILOILO.pdf,10
2024-10-08,0.0,0.0,0.0,0.0,0.0,,SUMMARY OF DAILY PCPN 2024 ILOILO.pdf,10
2024-10-09,0.0,0.0,0.0,0.0,0.0,,SUMMARY OF DAILY PCPN 2024 ILOILO.pdf,10
2024-10-10,0.0,0.0,0.0,0.0,0.0,,SUMMARY OF DAILY PCPN 2024 ILOILO.pdf,10
2024-10-11,0.0,32.0,0.0,0.0,32.0,MODERATE-HVY RASH W/ TSTM,SUMMARY OF DAILY PCPN 2024 ILOILO.pdf,10
2024-10-12,0.0,32.0,0.0,0.0,32.0,LIGHT - MODERATE W/ OCC HVY RASH,SUMMARY OF DAILY PCPN 2024 ILOILO.pdf,10
2024-10-13,0.0,0.0,0.0,0.0,0.0,,SUMMARY OF DAILY PCPN 2024 ILOILO.pdf,10
2024-10-14,0.0,0.0,0.0,0.0,0.0,,SUMMARY OF DAILY PCPN 2024 ILOILO.pdf,10
2024-10-15,0.0,52.0,10.0,0.0,62.0,INTENSE TORRENTIAL RAIN W/ TSTM,SUMMARY OF DAILY PCPN 2024 ILOILO.pdf,10
2024-10-16,0.0,0.0,0.0,0.0,0.0,LIGHT RASH,SUMMARY OF DAILY PCPN 2024 ILOILO.pdf,10
2024-10-17,0.0,1.8,0.0,0.0,1.8,LIGHT RASH,SUMMARY OF DAILY PCPN 2024 ILOILO.pdf,10
2024-10-18,0.0,0.0,0.0,0.0,0.0,,SUMMARY OF DAILY PCPN 2024 ILOILO.pdf,10
2024-10-19,0.0,0.0,0.0,0.0,0.0,,SUMMARY OF DAILY PCPN 2024 ILOILO.pdf,10
2024-10-20,25.2,0.4,0.0,1.0,26.6,MODERATE-HVY RASH W/ TSTM,SUMMARY OF DAILY PCPN 2024 ILOILO.pdf,10
2024-10-21,1.8,0.2,0.2,4.6,6.8,LIGHT RASH,SUMMARY OF DAILY PCPN 2024 ILOILO.pdf,10
2024-10-22,6.6,0.7,0.2,0.3,7.8,LIGHT RASH,SUMMARY OF DAILY PCPN 2024 ILOILO.pdf,10
2024-10-23,21.6,0.2,0.2,2.4,24.4,LIGHT - MODERATE W/ OCC HVY RASH,SUMMARY OF DAILY PCPN 2024 ILOILO.pdf,10
2024-10-24,3.0,1.8,3.6,16.6,25.0,LIGHT - MODERATE W/ OCC HVY RASH,SUMMARY OF DAILY PCPN 2024 ILOILO.pdf,10
2024-10-25,51.2,19.0,0.4,9.4,80.0,LIGHT - MODERATE W/ OCC HVY RASH,SUMMARY OF DAILY PCPN 2024 ILOILO.pdf,10
2024-10-26,51.2,19.0,0.4,9.4,80.0,MODERATE-HVY RASH,SUMMARY OF DAILY PCPN 2024 ILOILO.pdf,10
2024-10-27,0.2,0.0,0.0,0.2,0.4,LIGHT RASH,SUMMARY OF DAILY PCPN 2024 ILOILO.pdf,10
2024-10-28,0.6,2.0,0.0,2.4,5.0,LIGHT RASH,SUMMARY OF DAILY PCPN 2024 ILOILO.pdf,10
2024-10-29,6.4,0.4,1.0,10.0,1.8,LIGHT - MODERATE RASH,SUMMARY OF DAILY PCPN 2024 ILOILO.pdf,10
2024-10-30,0.0,0.0,0.0,0.0,0.0,LIGHT RASH,SUMMARY OF DAILY PCPN 2024 ILOILO.pdf,10
2024-11-01,0.0,0.0,0.0,0.0,0.0,,SUMMARY OF DAILY PCPN 2024 ILOILO.pdf,11
2024-11-02,0.0,0.0,0.0,0.0,0.0,,SUMMARY OF DAILY PCPN 2024 ILOILO.pdf,11
2024-11-03,0.0,1.4,1.2,0.0,2.6,LIGHT RASH,SUMMARY OF DAILY PCPN 2024 ILOILO.pdf,11
2024-11-04,0.0,5.6,0.0,0.0,5.6,LIGHT - MODERATE RASH,SUMMARY OF DAILY PCPN 2024 ILOILO.pdf,11
2024-11-05,2.8,0.0,0.0,0.0,2.8,LIGHT RASH,SUMMARY OF DAILY PCPN 2024 ILOILO.pdf,11
2024-11-06,0.0,0.0,0.0,0.0,0.0,,SUMMARY OF DAILY PCPN 2024 ILOILO.pdf,11
2024-11-07,0.0,0.0,0.0,0.0,0.0,,SUMMARY OF DAILY PCPN 2024 ILOILO.pdf,11
2024-11-08,0.0,0.0,0.0,0.0,0.0,,SUMMARY OF DAILY PCPN 2024 ILOILO.pdf,11
2024-11-09,0.0,0.0,0.0,0.0,0.0,,SUMMARY OF DAILY PCPN 2024 ILOILO.pdf,11
2024-11-10,0.0,0.0,0.0,0.0,0.0,,SUMMARY OF DAILY PCPN 2024 ILOILO.pdf,11
2024-11-11,0.0,0.0,0.0,0.0,0.0,,SUMMARY OF DAILY PCPN 2024 ILOILO.pdf,11
2024-11-12,0.0,0.0,0.0,0.0,0.0,LIGHT RASH,SUMMARY OF DAILY PCPN 2024 ILOILO.pdf,11
2024-11-13,0.0,0.0,0.0,0.0,0.0,,SUMMARY OF DAILY PCPN 2024 ILOILO.pdf,11
2024-11-14,0.0,0.0,0.0,0.0,0.0,,SUMMARY OF DAILY PCPN 2024 ILOILO.pdf,11
2024-11-15,0.0,0.0,0.0,0.0,0.0,,SUMMARY OF DAILY PCPN 2024 ILOILO.pdf,11
2024-11-16,0.0,0.4,0.0,0.0,0.4,LIGHT RASH,SUMMARY OF DAILY PCPN 2024 ILOILO.pdf,11
2024-11-17,0.0,0.0,0.0,0.0,0.0,,SUMMARY OF DAILY PCPN 2024 ILOILO.pdf,11
2024-11-18,0.0,0.0,0.0,0.0,0.0,,SUMMARY OF DAILY PCPN 2024 ILOILO.pdf,11
2024-11-19,0.0,0.0,0.0,0.0,0.0,,SUMMARY OF DAILY PCPN 2024 ILOILO.pdf,11
2024-11-20,0.0,0.0,0.0,0.0,0.0,,SUMMARY OF DAILY PCPN 2024 ILOILO.pdf,11
2024-11-21,0.0,0.0,0.0,2.4,2.4,LIGHT RASH,SUMMARY OF DAILY PCPN 2024 ILOILO.pdf,11
2024-11-22,0.0,0.0,0.0,0.0,0.0,,SUMMARY OF DAILY PCPN 2024 ILOILO.pdf,11
2024-11-23,0.0,0.0,0.0,0.0,0.0,,SUMMARY OF DAILY PCPN 2024 ILOILO.pdf,11
2024-11-24,0.0,0.0,0.0,0.0,0.0,,SUMMARY OF DAILY PCPN 2024 ILOILO.pdf,11
2024-11-25,0.0,0.0,0.0,0.0,0.0,,SUMMARY OF DAILY PCPN 2024 ILOILO.pdf,11
2024-11-26,0.0,0.0,0.0,0.0,0.0,,SUMMARY OF DAILY PCPN 2024 ILOILO.pdf,11
2024-11-27,0.0,0.0,0.0,0.0,0.0,LIGHT RASH,SUMMARY OF DAILY PCPN 2024 ILOILO.pdf,11
2024-11-28,0.0,0.0,18.4,13.2,31.6,LIGHT-MODERATE W/OCC HEAVY RASH,SUMMARY OF DAILY PCPN 2024 ILOILO.pdf,11
2024-11-29,0.0,0.0,0.0,0.0,0.0,LIGHT RASH,SUMMARY OF DAILY PCPN 2024 ILOILO.pdf,11
2024-11-30,0.8,13.4,0.0,0.0,14.2,LIGHT-MODERATE RASH,SUMMARY OF DAILY PCPN 2024 ILOILO.pdf,11
2024-12-01,0.0,0.0,0.2,0.0,0.2,LIGHT RASH,SUMMARY OF DAILY PCPN 2024 ILOILO.pdf,12
2024-12-02,0.0,0.0,0.0,0.0,0.0,,SUMMARY OF DAILY PCPN 2024 ILOILO.pdf,12
2024-12-03,0.0,0.0,0.0,0.0,0.0,,SUMMARY OF DAILY PCPN 2024 ILOILO.pdf,12
2024-12-04,0.0,0.0,0.0,0.0,0.0,,SUMMARY OF DAILY PCPN 2024 ILOILO.pdf,12
2024-12-05,0.0,0.0,0.0,0.6,0.6,LIGHT RASH,SUMMARY OF DAILY PCPN 2024 ILOILO.pdf,12
2024-12-06,0.0,0.0,0.0,0.0,0.0,LIGHT RASH,SUMMARY OF DAILY PCPN 2024 ILOILO.pdf,12
2024-12-07,0.0,0.0,0.0,0.4,0.4,LIGHT RASH,SUMMARY OF DAILY PCPN 2024 ILOILO.pdf,12
2024-12-08,0.0,0.0,0.4,0.0,0.4,LIGHT RASH,SUMMARY OF DAILY PCPN 2024 ILOILO.pdf,12
2024-12-09,0.0,0.0,0.0,0.0,0.0,,SUMMARY OF DAILY PCPN 2024 ILOILO.pdf,12
2024-12-10,0.0,0.0,0.0,0.0,0.0,LIGHT RASH,SUMMARY OF DAILY PCPN 2024 ILOILO.pdf,12
2024-12-11,0.0,0.0,0.0,0.0,0.0,,SUMMARY OF DAILY PCPN 2024 ILOILO.pdf,12
2024-12-12,0.0,0.0,0.0,0.0,0.0,,SUMMARY OF DAILY PCPN 2024 ILOILO.pdf,12
2024-12-13,1.0,0.0,0.0,0.0,1.0,LIGHT RASH,SUMMARY OF DAILY PCPN 2024 ILOILO.pdf,12
2024-12-14,0.0,0.0,0.0,0.0,0.0,LIGHT RASH,SUMMARY OF DAILY PCPN 2024 ILOILO.pdf,12
2024-12-15,0.8,0.0,0.0,0.0,0.8,LIGHT RASH,SUMMARY OF DAILY PCPN 2024 ILOILO.pdf,12
2024-12-16,1.0,0.0,0.0,2.4,3.4,LIGHT RASH,SUMMARY OF DAILY PCPN 2024 ILOILO.pdf,12
2024-12-17,3.4,0.0,0.0,0.0,3.4,LIGHT RASH,SUMMARY OF DAILY PCPN 2024 ILOILO.pdf,12
2024-12-18,0.0,3.2,0.0,0.0,3.2,LIGHT RASH,SUMMARY OF DAILY PCPN 2024 ILOILO.pdf,12
2024-12-19,0.0,2.0,0.0,0.0,2.0,LIGHT RASH,SUMMARY OF DAILY PCPN 2024 ILOILO.pdf,12
2024-12-20,0.0,1.4,0.0,3.0,4.4,LIGHT RASH,SUMMARY OF DAILY PCPN 2024 ILOILO.pdf,12
2024-12-21,7.0,4.8,0.0,0.0,11.8,LIGHT-MOD RASH,SUMMARY OF DAILY PCPN 2024 ILOILO.pdf,12
2024-12-22,0.0,3.4,23.2,0.0,26.6,INTENSE RASH W/ TSTM,SUMMARY OF DAILY PCPN 2024 ILOILO.pdf,12
2024-12-23,0.0,0.0,0.0,0.0,0.0,,SUMMARY OF DAILY PCPN 2024 ILOILO.pdf,12
2024-12-24,0.0,0.0,0.0,0.0,0.0,LIGHT RASH,SUMMARY OF DAILY PCPN 2024 ILOILO.pdf,12
2024-12-25,0.0,0.0,0.0,0.0,0.0,,SUMMARY OF DAILY PCPN 2024 ILOILO.pdf,12
2024-12-26,0.0,0.0,0.0,0.4,0.4,LIGHT RASH,SUMMARY OF DAILY PCPN 2024 ILOILO.pdf,12
2024-12-27,0.2,0.2,0.0,0.0,0.4,LIGHT RASH,SUMMARY OF DAILY PCPN 2024 ILOILO.pdf,12
2024-12-28,0.0,4.0,0.0,0.0,4.0,LIGHT RASH,SUMMARY OF DAILY PCPN 2024 ILOILO.pdf,12
2024-12-29,0.2,3.2,0.0,0.2,3.6,LIGHT RASH,SUMMARY OF DAILY PCPN 2024 ILOILO.pdf,12
2024-12-30,0.0,0.0,0.0,0.0,0.0,,SUMMARY OF DAILY PCPN 2024 ILOILO.pdf,12
2024-12-31,0.0,0.0,0.0,0.2,0.2,LIGHT RASH,SUMMARY OF DAILY PCPN 2024 ILOILO.pdf,12
2025-01-01,0.0,0.0,0.0,0.0,0.0,,SUMMARY OF DAILY PCPN 2025 ILOILO.pdf,1
2025-01-02,0.0,0.0,0.0,0.0,0.0,,SUMMARY OF DAILY PCPN 2025 ILOILO.pdf,1
2025-01-03,0.0,0.8,0.0,0.0,0.8,LIGHT RASH,SUMMARY OF DAILY PCPN 2025 ILOILO.pdf,1
2025-01-04,0.0,0.0,31.0,0.0,31.0,MOD-HEAVY RASH,SUMMARY OF DAILY PCPN 2025 ILOILO.pdf,1
2025-01-05,0.0,0.0,0.0,0.0,0.0,LIGHT RASH,SUMMARY OF DAILY PCPN 2025 ILOILO.pdf,1
2025-01-06,0.0,0.0,0.0,0.0,0.0,,SUMMARY OF DAILY PCPN 2025 ILOILO.pdf,1
2025-01-07,0.0,0.0,0.0,0.0,0.0,LGT RASH,SUMMARY OF DAILY PCPN 2025 ILOILO.pdf,1
2025-01-08,8.4,0.0,0.0,0.0,8.4,LGT RASH,SUMMARY OF DAILY PCPN 2025 ILOILO.pdf,1
2025-01-09,0.0,0.0,0.0,0.0,0.0,LGT RASH,SUMMARY OF DAILY PCPN 2025 ILOILO.pdf,1
2025-01-10,14.8,1.2,0.0,0.0,16.0,LGT-MOD RASH,SUMMARY OF DAILY PCPN 2025 ILOILO.pdf,1
2025-01-11,0.0,0.0,0.0,0.0,0.0,LGT RASH,SUMMARY OF DAILY PCPN 2025 ILOILO.pdf,1
2025-01-12,0.0,0.0,0.0,0.0,0.0,LGT RASH,SUMMARY OF DAILY PCPN 2025 ILOILO.pdf,1
2025-01-13,3.0,0.0,15.0,0.0,18.0,MOD-HEAVY RASH,SUMMARY OF DAILY PCPN 2025 ILOILO.pdf,1
2025-01-14,0.0,0.0,0.0,0.0,0.0,,SUMMARY OF DAILY PCPN 2025 ILOILO.pdf,1
2025-01-15,0.0,0.0,0.0,0.0,0.0,,SUMMARY OF DAILY PCPN 2025 ILOILO.pdf,1
2025-01-16,0.0,0.0,0.0,0.2,0.2,LGT RASH,SUMMARY OF DAILY PCPN 2025 ILOILO.pdf,1
2025-01-17,0.0,0.0,0.0,0.0,0.0,,SUMMARY OF DAILY PCPN 2025 ILOILO.pdf,1
2025-01-18,0.0,0.0,0.0,0.0,0.0,,SUMMARY OF DAILY PCPN 2025 ILOILO.pdf,1
2025-01-19,0.0,0.0,0.0,0.0,0.0,,SUMMARY OF DAILY PCPN 2025 ILOILO.pdf,1
2025-01-20,0.0,0.0,0.0,0.0,0.0,,SUMMARY OF DAILY PCPN 2025 ILOILO.pdf,1
2025-01-21,0.0,0.0,0.0,0.0,0.0,,SUMMARY OF DAILY PCPN 2025 ILOILO.pdf,1
2025-01-22,0.0,0.0,0.0,0.0,0.0,,SUMMARY OF DAILY PCPN 2025 ILOILO.pdf,1
2025-01-23,0.0,0.0,0.0,0.0,0.0,LGT RASH,SUMMARY OF DAILY PCPN 2025 ILOILO.pdf,1
2025-01-24,0.0,0.0,0.0,0.0,0.0,,SUMMARY OF DAILY PCPN 2025 ILOILO.pdf,1
2025-01-25,0.0,0.0,0.0,0.0,0.0,,SUMMARY OF DAILY PCPN 2025 ILOILO.pdf,1
2025-01-26,0.0,0.0,0.0,0.0,0.0,,SUMMARY OF DAILY PCPN 2025 ILOILO.pdf,1
2025-01-27,0.0,0.0,0.0,0.0,0.0,,SUMMARY OF DAILY PCPN 2025 ILOILO.pdf,1
2025-01-28,0.0,0.0,0.0,0.0,0.0,,SUMMARY OF DAILY PCPN 2025 ILOILO.pdf,1
2025-01-29,1.4,0.0,0.0,0.0,1.4,LGT RASH,SUMMARY OF DAILY PCPN 2025 ILOILO.pdf,1
2025-01-30,0.0,0.0,0.0,0.0,0.0,,SUMMARY OF DAILY PCPN 2025 ILOILO.pdf,1
2025-01-31,0.0,0.0,0.0,0.0,0.0,,SUMMARY OF DAILY PCPN 2025 ILOILO.pdf,1
2025-02-01,0.0,0.0,0.0,0.0,0.0,,SUMMARY OF DAILY PCPN 2025 ILOILO.pdf,2
2025-02-02,0.0,0.0,0.0,0.0,0.0,,SUMMARY OF DAILY PCPN 2025 ILOILO.pdf,2
2025-02-03,0.0,0.0,0.0,0.0,0.0,,SUMMARY OF DAILY PCPN 2025 ILOILO.pdf,2
2025-02-04,0.0,0.0,0.0,0.0,0.0,,SUMMARY OF DAILY PCPN 2025 ILOILO.pdf,2
2025-02-05,0.0,0.0,0.0,0.0,0.0,,SUMMARY OF DAILY PCPN 2025 ILOILO.pdf,2
2025-02-06,0.0,9.0,0.2,0.0,9.2,LGT-MOD RAINSHOWER,SUMMARY OF DAILY PCPN 2025 ILOILO.pdf,2
2025-02-07,44.6,1.0,0.6,0.0,46.2,MOD-HVY RASH,SUMMARY OF DAILY PCPN 2025 ILOILO.pdf,2
2025-02-08,0.0,0.0,0.0,0.0,0.0,,SUMMARY OF DAILY PCPN 2025 ILOILO.pdf,2
2025-02-09,0.0,0.0,18.2,0.0,18.2,LGT-MOD RASH,SUMMARY OF DAILY PCPN 2025 ILOILO.pdf,2
2025-02-10,0.0,0.0,0.0,0.0,0.0,,SUMMARY OF DAILY PCPN 2025 ILOILO.pdf,2
2025-02-11,0.0,0.0,0.0,0.0,0.0,,SUMMARY OF DAILY PCPN 2025 ILOILO.pdf,2
2025-02-12,0.0,0.0,0.0,0.0,0.0,,SUMMARY OF DAILY PCPN 2025 ILOILO.pdf,2
2025-02-13,0.0,0.0,0.0,0.0,0.0,,SUMMARY OF DAILY PCPN 2025 ILOILO.pdf,2
2025-02-14,0.0,0.0,0.0,0.0,0.0,,SUMMARY OF DAILY PCPN 2025 ILOILO.pdf,2
2025-02-15,0.0,0.0,0.0,0.0,0.0,,SUMMARY OF DAILY PCPN 2025 ILOILO.pdf,2
2025-02-16,0.0,0.0,0.0,0.0,0.0,,SUMMARY OF DAILY PCPN 2025 ILOILO.pdf,2
2025-02-17,0.0,0.0,0.0,0.0,0.0,,SUMMARY OF DAILY PCPN 2025 ILOILO.pdf,2
2025-02-18,0.0,0.0,0.0,0.0,0.0,,SUMMARY OF DAILY PCPN 2025 ILOILO.pdf,2
2025-02-19,0.0,11.6,0.0,0.0,11.6,LGT-MOD RASH,SUMMARY OF DAILY PCPN 2025 ILOILO.pdf,2
2025-02-20,0.0,0.0,0.6,0.0,0.6,LGT RASH,SUMMARY OF DAILY PCPN 2025 ILOILO.pdf,2
2025-02-21,0.0,0.0,0.0,10.0,10.0,LGT-MOD RASH,SUMMARY OF DAILY PCPN 2025 ILOILO.pdf,2
2025-02-22,7.0,6.8,2.2,1.6,17.6,LGT-MOD RASH,SUMMARY OF DAILY PCPN 2025 ILOILO.pdf,2
2025-02-23,0.0,0.0,0.0,5.6,5.6,LGT-MOD RASH,SUMMARY OF DAILY PCPN 2025 ILOILO.pdf,2
2025-02-24,0.8,0.0,0.0,0.0,0.8,LGT RASH,SUMMARY OF DAILY PCPN 2025 ILOILO.pdf,2
2025-02-25,0.0,0.0,0.0,0.0,0.0,,SUMMARY OF DAILY PCPN 2025 ILOILO.pdf,2
2025-02-26,0.0,0.0,0.0,0.0,0.0,,SUMMARY OF DAILY PCPN 2025 ILOILO.pdf,2
2025-02-27,0.0,0.0,0.0,0.0,0.0,,SUMMARY OF DAILY PCPN 2025 ILOILO.pdf,2
2025-02-28,0.0,0.0,0.0,0.0,0.0,,SUMMARY OF DAILY PCPN 2025 ILOILO.pdf,2
2025-03-01,0.0,0.0,0.0,0.0,0.0,,SUMMARY OF DAILY PCPN 2025 ILOILO.pdf,3
2025-03-02,0.0,0.0,0.0,0.0,0.0,,SUMMARY OF DAILY PCPN 2025 ILOILO.pdf,3
2025-03-03,0.0,0.0,0.0,0.0,0.0,,SUMMARY OF DAILY PCPN 2025 ILOILO.pdf,3
2025-03-04,0.0,0.0,0.0,0.0,0.0,,SUMMARY OF DAILY PCPN 2025 ILOILO.pdf,3
2025-03-05,0.0,0.0,0.0,0.0,0.0,,SUMMARY OF DAILY PCPN 2025 ILOILO.pdf,3
2025-03-06,0.0,0.0,0.0,0.0,0.0,,SUMMARY OF DAILY PCPN 2025 ILOILO.pdf,3
2025-03-07,0.0,0.0,0.0,0.0,0.0,,SUMMARY OF DAILY PCPN 2025 ILOILO.pdf,3
2025-03-08,0.6,0.0,0.0,0.0,0.6,LGT RASH,SUMMARY OF DAILY PCPN 2025 ILOILO.pdf,3
2025-03-09,0.0,0.0,0.0,0.0,0.0,,SUMMARY OF DAILY PCPN 2025 ILOILO.pdf,3
2025-03-10,0.0,0.0,0.0,0.0,0.0,,SUMMARY OF DAILY PCPN 2025 ILOILO.pdf,3
2025-03-11,0.0,0.0,1.5,1.0,2.5,LGT-MOD RASH,SUMMARY OF DAILY PCPN 2025 ILOILO.pdf,3
2025-03-12,0.0,0.0,0.0,0.0,0.0,,SUMMARY OF DAILY PCPN 2025 ILOILO.pdf,3
2025-03-13,0.0,0.0,0.0,4.8,4.8,LGT RASH,SUMMARY OF DAILY PCPN 2025 ILOILO.pdf,3
2025-03-14,0.0,0.0,0.0,0.0,0.0,,SUMMARY OF DAILY PCPN 2025 ILOILO.pdf,3
2025-03-15,0.0,0.0,0.0,0.0,0.0,,SUMMARY OF DAILY PCPN 2025 ILOILO.pdf,3
2025-03-16,9.0,0.0,0.0,0.0,9.0,LGT-MOD RASH,SUMMARY OF DAILY PCPN 2025 ILOILO.pdf,3
2025-03-17,0.4,0.0,0.0,0.0,0.4,LGT RASH,SUMMARY OF DAILY PCPN 2025 ILOILO.pdf,3
2025-03-18,2.0,2.8,0.0,3.4,8.2,LGT RASH,SUMMARY OF DAILY PCPN 2025 ILOILO.pdf,3
2025-03-19,0.6,1.2,9.0,1.2,12.0,LGT-MOD RASH,SUMMARY OF DAILY PCPN 2025 ILOILO.pdf,3
2025-03-20,0.6,0.8,0.0,0.0,1.4,LGT RASH,SUMMARY OF DAILY PCPN 2025 ILOILO.pdf,3
2025-03-21,0.4,0.0,0.0,0.0,0.4,LGT RASH,SUMMARY OF DAILY PCPN 2025 ILOILO.pdf,3
2025-03-22,0.0,0.0,0.0,0.0,0.0,,SUMMARY OF DAILY PCPN 2025 ILOILO.pdf,3
2025-03-23,0.0,3.2,0.0,0.0,3.2,LGT RASH,SUMMARY OF DAILY PCPN 2025 ILOILO.pdf,3
2025-03-24,0.0,0.0,0.0,0.0,0.0,,SUMMARY OF DAILY PCPN 2025 ILOILO.pdf,3
2025-03-25,0.0,0.0,0.0,0.0,0.0,,SUMMARY OF DAILY PCPN 2025 ILOILO.pdf,3
2025-03-26,0.0,0.0,0.0,0.0,0.0,,SUMMARY OF DAILY PCPN 2025 ILOILO.pdf,3
2025-03-27,0.0,0.0,0.0,0.0,0.0,LGT RASH,SUMMARY OF DAILY PCPN 2025 ILOILO.pdf,3
2025-03-28,0.0,11.0,1.2,8.0,20.2,LGT-MOD RASH,SUMMARY OF DAILY PCPN 2025 ILOILO.pdf,3
2025-03-29,7.4,1.2,0.0,0.0,8.6,LGT RASH,SUMMARY OF DAILY PCPN 2025 ILOILO.pdf,3
2025-03-30,0.0,0.0,0.0,0.0,0.0,,SUMMARY OF DAILY PCPN 2025 ILOILO.pdf,3
2025-03-31,0.0,0.0,0.0,0.0,0.0,,SUMMARY OF DAILY PCPN 2025 ILOILO.pdf,3
2025-04-01,0.0,0.0,0.0,0.0,0.0,,SUMMARY OF DAILY PCPN 2025 ILOILO.pdf,4
2025-04-02,0.0,0.0,0.0,0.0,0.0,,SUMMARY OF DAILY PCPN 2025 ILOILO.pdf,4
2025-04-03,0.0,0.0,0.0,0.0,0.0,,SUMMARY OF DAILY PCPN 2025 ILOILO.pdf,4
2025-04-04,0.0,0.0,0.0,0.0,0.0,,SUMMARY OF DAILY PCPN 2025 ILOILO.pdf,4
2025-04-05,0.0,0.0,0.0,0.0,0.0,,SUMMARY OF DAILY PCPN 2025 ILOILO.pdf,4
2025-04-06,0.0,0.0,0.0,0.0,0.0,,SUMMARY OF DAILY PCPN 2025 ILOILO.pdf,4
2025-04-07,0.0,0.0,0.0,0.0,0.0,,SUMMARY OF DAILY PCPN 2025 ILOILO.pdf,4
2025-04-08,0.0,0.0,0.0,1.0,1.0,LGT RASH,SUMMARY OF DAILY PCPN 2025 ILOILO.pdf,4
2025-04-09,0.0,0.0,0.0,0.0,0.0,,SUMMARY OF DAILY PCPN 2025 ILOILO.pdf,4
2025-04-10,0.0,0.0,0.0,0.0,0.0,,SUMMARY OF DAILY PCPN 2025 ILOILO.pdf,4
2025-04-11,0.0,0.0,0.0,0.0,0.0,,SUMMARY OF DAILY PCPN 2025 ILOILO.pdf,4
2025-04-12,0.0,0.0,0.0,0.0,0.0,,SUMMARY OF DAILY PCPN 2025 ILOILO.pdf,4
2025-04-13,0.0,0.0,0.0,0.0,0.0,,SUMMARY OF DAILY PCPN 2025 ILOILO.pdf,4
2025-04-14,0.0,0.0,0.0,0.0,0.0,,SUMMARY OF DAILY PCPN 2025 ILOILO.pdf,4
2025-04-15,0.0,0.0,0.0,0.0,0.0,,SUMMARY OF DAILY PCPN 2025 ILOILO.pdf,4
2025-04-16,0.0,0.0,0.0,0.0,0.0,,SUMMARY OF DAILY PCPN 2025 ILOILO.pdf,4
2025-04-17,0.0,0.0,0.0,0.0,0.0,,SUMMARY OF DAILY PCPN 2025 ILOILO.pdf,4
2025-04-18,0.0,0.0,0.0,0.0,0.0,,SUMMARY OF DAILY PCPN 2025 ILOILO.pdf,4
2025-04-19,0.0,0.0,0.0,0.0,0.0,,SUMMARY OF DAILY PCPN 2025 ILOILO.pdf,4
2025-04-20,0.0,0.0,0.0,0.0,0.0,,SUMMARY OF DAILY PCPN 2025 ILOILO.pdf,4
2025-04-21,0.0,0.0,0.0,0.0,0.0,,SUMMARY OF DAILY PCPN 2025 ILOILO.pdf,4
2025-04-22,0.0,0.0,0.0,0.0,0.0,,SUMMARY OF DAILY PCPN 2025 ILOILO.pdf,4
2025-04-23,0.0,0.0,0.0,0.0,0.0,,SUMMARY OF DAILY PCPN 2025 ILOILO.pdf,4
2025-04-24,0.0,0.0,0.0,0.2,0.2,LGT RASH,SUMMARY OF DAILY PCPN 2025 ILOILO.pdf,4
2025-04-25,0.0,0.0,0.0,0.0,0.0,,SUMMARY OF DAILY PCPN 2025 ILOILO.pdf,4
2025-04-26,0.0,0.0,0.0,0.0,0.0,,SUMMARY OF DAILY PCPN 2025 ILOILO.pdf,4
2025-04-27,0.0,0.0,3.0,0.0,3.0,MOD RASH,SUMMARY OF DAILY PCPN 2025 ILOILO.pdf,4
2025-04-28,0.0,10.4,0.0,0.0,10.4,MOD RASH,SUMMARY OF DAILY PCPN 2025 ILOILO.pdf,4
2025-04-29,0.0,0.0,19.4,3.4,22.8,INTENSE RAIN,SUMMARY OF DAILY PCPN 2025 ILOILO.pdf,4
2025-04-30,0.0,0.0,0.0,0.0,0.0,,SUMMARY OF DAILY PCPN 2025 ILOILO.pdf,4
2025-05-01,0.0,0.0,0.0,0.0,0.0,,SUMMARY OF DAILY PCPN 2025 ILOILO.pdf,5
2025-05-02,10.2,0.0,10.0,1.6,21.8,Light to Moderate,SUMMARY OF DAILY PCPN 2025 ILOILO.pdf,5
2025-05-03,0.1,23.4,1.0,0.8,25.3,Light to Moderate,SUMMARY OF DAILY PCPN 2025 ILOILO.pdf,5
2025-05-04,0.0,0.0,0.0,0.0,0.0,,SUMMARY OF DAILY PCPN 2025 ILOILO.pdf,5
2025-05-05,0.0,0.0,0.0,0.0,0.0,,SUMMARY OF DAILY PCPN 2025 ILOILO.pdf,5
2025-05-06,0.0,0.0,0.0,0.0,0.0,,SUMMARY OF DAILY PCPN 2025 ILOILO.pdf,5
2025-05-07,0.0,0.0,0.6,1.4,2.0,LGT RASH,SUMMARY OF DAILY PCPN 2025 ILOILO.pdf,5
2025-05-08,0.0,18.0,0.4,0.0,18.4,Intense Rain,SUMMARY OF DAILY PCPN 2025 ILOILO.pdf,5
2025-05-09,0.0,0.0,0.0,0.0,0.0,LGT RASH,SUMMARY OF DAILY PCPN 2025 ILOILO.pdf,5
2025-05-10,0.0,0.0,71.5,0.5,72.0,TORRENTIAL RASH W/ TSTM,SUMMARY OF DAILY PCPN 2025 ILOILO.pdf,5
2025-05-11,0.0,0.0,0.0,0.0,0.0,,SUMMARY OF DAILY PCPN 2025 ILOILO.pdf,5
2025-05-12,0.0,0.0,0.0,22.4,22.4,MOD RAIN,SUMMARY OF DAILY PCPN 2025 ILOILO.pdf,5
2025-05-13,0.0,0.0,0.0,0.0,0.0,,SUMMARY OF DAILY PCPN 2025 ILOILO.pdf,5
2025-05-14,0.0,0.0,0.0,0.0,0.0,,SUMMARY OF DAILY PCPN 2025 ILOILO.pdf,5
2025-05-15,0.0,0.0,8.6,0.0,8.6,Light to Moderate,SUMMARY OF DAILY PCPN 2025 ILOILO.pdf,5
2025-05-16,0.0,0.0,0.0,0.0,0.0,LGT RASH,SUMMARY OF DAILY PCPN 2025 ILOILO.pdf,5
2025-05-17,0.0,0.0,0.0,0.0,0.0,,SUMMARY OF DAILY PCPN 2025 ILOILO.pdf,5
2025-05-18,0.0,0.0,0.0,0.0,0.0,,SUMMARY OF DAILY PCPN 2025 ILOILO.pdf,5
2025-05-19,0.0,0.0,0.0,0.0,0.0,,SUMMARY OF DAILY PCPN 2025 ILOILO.pdf,5
2025-05-20,0.0,31.2,0.0,0.0,31.2,MOD-HVY W/TSTM,SUMMARY OF DAILY PCPN 2025 ILOILO.pdf,5
2025-05-21,0.0,0.0,0.0,0.0,0.0,,SUMMARY OF DAILY PCPN 2025 ILOILO.pdf,5
2025-05-22,0.0,0.0,0.0,0.0,0.0,,SUMMARY OF DAILY PCPN 2025 ILOILO.pdf,5
2025-05-23,0.0,20.5,0.0,0.0,20.5,INTENSE RAIN,SUMMARY OF DAILY PCPN 2025 ILOILO.pdf,5
2025-05-24,0.0,28.2,1.0,0.0,29.2,MOD-HVY W/TSTM,SUMMARY OF DAILY PCPN 2025 ILOILO.pdf,5
2025-05-25,0.0,13.0,4.0,0.0,17.0,Light to Moderate,SUMMARY OF DAILY PCPN 2025 ILOILO.pdf,5
2025-05-26,0.0,0.0,124.5,0.5,125.0,TORRENTIAL RASH,SUMMARY OF DAILY PCPN 2025 ILOILO.pdf,5
2025-05-27,0.0,0.4,7.2,1.2,8.8,LGT RASH,SUMMARY OF DAILY PCPN 2025 ILOILO.pdf,5
2025-05-28,0.0,0.0,0.0,1.0,1.0,LGT RASH,SUMMARY OF DAILY PCPN 2025 ILOILO.pdf,5
2025-05-29,0.0,0.0,0.0,0.0,0.0,,SUMMARY OF DAILY PCPN 2025 ILOILO.pdf,5
2025-05-30,0.0,0.0,0.0,0.0,0.0,,SUMMARY OF DAILY PCPN 2025 ILOILO.pdf,5
2025-05-31,0.0,7.8,1.6,0.0,9.4,LGT-MOD W/ OCC HVY TSTM,SUMMARY OF DAILY PCPN 2025 ILOILO.pdf,5
2025-06-01,0.0,0.0,0.0,0.0,0.0,,SUMMARY OF DAILY PCPN 2025 ILOILO.pdf,6
2025-06-02,0.0,0.0,0.0,0.0,0.0,,SUMMARY OF DAILY PCPN 2025 ILOILO.pdf,6
2025-06-03,0.0,0.0,0.0,0.0,0.0,,SUMMARY OF DAILY PCPN 2025 ILOILO.pdf,6
2025-06-04,0.0,0.2,0.0,0.0,0.2,LGT RASH,SUMMARY OF DAILY PCPN 2025 ILOILO.pdf,6
2025-06-05,0.0,0.0,0.0,0.0,0.0,LGT RASH,SUMMARY OF DAILY PCPN 2025 ILOILO.pdf,6
2025-06-06,16.0,20.0,0.0,0.0,36.0,MOD RASH,SUMMARY OF DAILY PCPN 2025 ILOILO.pdf,6
2025-06-07,0.0,0.5,0.0,0.0,0.5,LGT RASH,SUMMARY OF DAILY PCPN 2025 ILOILO.pdf,6
2025-06-08,0.0,3.8,0.0,0.0,3.8,LGT RASH,SUMMARY OF DAILY PCPN 2025 ILOILO.pdf,6
2025-06-09,0.0,0.0,0.4,0.0,0.4,LGT RASH,SUMMARY OF DAILY PCPN 2025 ILOILO.pdf,6
2025-06-10,19.5,3.0,1.0,1.0,24.5,LGT - MOD RASH,SUMMARY OF DAILY PCPN 2025 ILOILO.pdf,6
2025-06-11,0.0,4.0,24.0,1.5,29.5,LGT - MOD RASH,SUMMARY OF DAILY PCPN 2025 ILOILO.pdf,6
2025-06-12,0.5,0.0,0.0,0.0,0.5,LGT RASH,SUMMARY OF DAILY PCPN 2025 ILOILO.pdf,6
2025-06-13,0.0,0.0,0.0,0.0,0.0,,SUMMARY OF DAILY PCPN 2025 ILOILO.pdf,6
2025-06-14,0.0,0.0,0.0,0.0,0.0,,SUMMARY OF DAILY PCPN 2025 ILOILO.pdf,6
2025-06-15,0.0,24.5,6.0,0.0,30.5,MOD - HVY RASH,SUMMARY OF DAILY PCPN 2025 ILOILO.pdf,6
2025-06-16,0.0,0.0,0.0,0.0,0.0,,SUMMARY OF DAILY PCPN 2025 ILOILO.pdf,6
2025-06-17,0.0,0.0,2.6,0.0,2.6,LGT RASH,SUMMARY OF DAILY PCPN 2025 ILOILO.pdf,6
2025-06-18,0.0,0.0,0.0,0.0,0.0,,SUMMARY OF DAILY PCPN 2025 ILOILO.pdf,6
2025-06-19,0.0,0.0,0.0,0.0,0.0,,SUMMARY OF DAILY PCPN 2025 ILOILO.pdf,6
2025-06-20,0.0,5.8,104.0,6.2,116.0,TORRENTIAL RAIN W/ TSTM,SUMMARY OF DAILY PCPN 2025 ILOILO.pdf,6
2025-06-21,0.0,0.4,0.0,0.0,0.4,LGT RASH,SUMMARY OF DAILY PCPN 2025 ILOILO.pdf,6
2025-06-22,0.0,0.0,0.5,0.0,0.5,LGT RASH,SUMMARY OF DAILY PCPN 2025 ILOILO.pdf,6
2025-06-23,0.0,0.0,0.0,0.0,0.0,,SUMMARY OF DAILY PCPN 2025 ILOILO.pdf,6
2025-06-24,0.0,0.0,0.0,0.0,0.0,,SUMMARY OF DAILY PCPN 2025 ILOILO.pdf,6
2025-06-25,0.0,0.0,0.0,0.0,0.0,LGT RASH,SUMMARY OF DAILY PCPN 2025 ILOILO.pdf,6
2025-06-26,0.0,16.2,0.0,0.0,16.2,LGT - MOD RASH,SUMMARY OF DAILY PCPN 2025 ILOILO.pdf,6
2025-06-27,0.0,0.0,0.0,0.0,0.0,LGT RASH,SUMMARY OF DAILY PCPN 2025 ILOILO.pdf,6
2025-06-28,0.0,0.0,0.0,0.0,0.0,,SUMMARY OF DAILY PCPN 2025 ILOILO.pdf,6
2025-06-29,0.0,0.0,0.0,0.0,0.0,LGT RASH,SUMMARY OF DAILY PCPN 2025 ILOILO.pdf,6
2025-06-30,0.0,0.0,0.0,0.0,0.0,,SUMMARY OF DAILY PCPN 2025 ILOILO.pdf,6
2025-07-01,4.5,0.0,0.0,27.0,31.5,HEAVY RASH,SUMMARY OF DAILY PCPN 2025 ILOILO.pdf,7
2025-07-02,0.0,0.0,0.0,21.4,21.4,INTENSE RAIN,SUMMARY OF DAILY PCPN 2025 ILOILO.pdf,7
2025-07-03,0.0,0.5,0.0,0.0,0.5,LGT RASH,SUMMARY OF DAILY PCPN 2025 ILOILO.pdf,7
2025-07-04,0.0,0.0,0.0,8.0,8.0,LGT RASH,SUMMARY OF DAILY PCPN 2025 ILOILO.pdf,7
2025-07-05,8.5,16.0,2.0,3.0,29.5,LGT - MOD RASH,SUMMARY OF DAILY PCPN 2025 ILOILO.pdf,7
2025-07-06,0.0,0.0,0.0,0.0,0.0,,SUMMARY OF DAILY PCPN 2025 ILOILO.pdf,7
2025-07-07,0.0,0.0,0.0,0.0,0.0,,SUMMARY OF DAILY PCPN 2025 ILOILO.pdf,7
2025-07-08,0.0,0.5,0.0,0.0,0.5,LGT RASH,SUMMARY OF DAILY PCPN 2025 ILOILO.pdf,7
2025-07-09,0.0,0.0,0.0,0.0,0.0,,SUMMARY OF DAILY PCPN 2025 ILOILO.pdf,7
2025-07-10,0.0,0.0,0.0,0.0,0.0,,SUMMARY OF DAILY PCPN 2025 ILOILO.pdf,7
2025-07-11,0.0,15.0,141.5,2.5,159.0,TORRENTIAL,SUMMARY OF DAILY PCPN 2025 ILOILO.pdf,7
2025-07-12,0.0,0.0,0.0,0.0,0.0,,SUMMARY OF DAILY PCPN 2025 ILOILO.pdf,7
2025-07-13,0.0,0.0,0.0,0.0,0.0,,SUMMARY OF DAILY PCPN 2025 ILOILO.pdf,7
2025-07-14,0.0,0.0,0.0,0.0,0.0,LGT RASH,SUMMARY OF DAILY PCPN 2025 ILOILO.pdf,7
2025-07-15,0.0,0.0,0.0,0.0,0.0,,SUMMARY OF DAILY PCPN 2025 ILOILO.pdf,7
2025-07-16,0.0,3.2,0.2,6.8,10.2,LGT - MOD RASH,SUMMARY OF DAILY PCPN 2025 ILOILO.pdf,7
2025-07-17,5.2,8.0,19.2,4.5,36.9,LGT - MOD RASH,SUMMARY OF DAILY PCPN 2025 ILOILO.pdf,7
2025-07-18,3.0,1.3,4.2,4.8,13.3,LGT - MOD RASH,SUMMARY OF DAILY PCPN 2025 ILOILO.pdf,7
2025-07-19,6.4,10.6,41.0,13.8,71.8,LGT - MOD W/ OCC HVY RAINS,SUMMARY OF DAILY PCPN 2025 ILOILO.pdf,7
2025-07-20,56.8,49.6,75.0,1.2,182.6,TORRENTIAL RAIN,SUMMARY OF DAILY PCPN 2025 ILOILO.pdf,7
2025-07-21,0.0,0.0,13.0,0.0,13.0,LGT - MOD RASH,SUMMARY OF DAILY PCPN 2025 ILOILO.pdf,7
2025-07-22,0.0,2.6,11.0,26.2,39.8,LGT - MOD RASH,SUMMARY OF DAILY PCPN 2025 ILOILO.pdf,7
2025-07-23,13.4,45.0,3.0,0.0,61.4,LGT - MOD RASH,SUMMARY OF DAILY PCPN 2025 ILOILO.pdf,7
2025-07-24,8.8,6.0,2.4,6.4,23.6,LGT - MOD RASH,SUMMARY OF DAILY PCPN 2025 ILOILO.pdf,7
2025-07-25,4.5,11.2,4.4,0.0,20.1,LGT - MOD RASH,SUMMARY OF DAILY PCPN 2025 ILOILO.pdf,7
2025-07-26,0.0,0.0,0.6,3.0,3.6,LGT RASH,SUMMARY OF DAILY PCPN 2025 ILOILO.pdf,7
2025-07-27,1.8,5.6,1.6,0.0,9.0,LGT RASH,SUMMARY OF DAILY PCPN 2025 ILOILO.pdf,7
2025-07-28,0.0,0.0,0.0,0.4,0.4,LGT RASH,SUMMARY OF DAILY PCPN 2025 ILOILO.pdf,7
2025-07-29,0.0,0.0,0.0,0.0,0.0,,SUMMARY OF DAILY PCPN 2025 ILOILO.pdf,7
2025-07-30,0.0,0.0,0.0,0.0,0.0,,SUMMARY OF DAILY PCPN 2025 ILOILO.pdf,7
2025-07-31,0.0,0.0,0.0,0.0,0.0,,SUMMARY OF DAILY PCPN 2025 ILOILO.pdf,7
2025-08-01,0.0,0.0,0.0,0.0,0.0,,SUMMARY OF DAILY PCPN 2025 ILOILO.pdf,8
2025-08-02,0.0,0.0,0.0,0.0,0.0,,SUMMARY OF DAILY PCPN 2025 ILOILO.pdf,8
2025-08-03,0.0,0.0,0.0,0.0,0.0,,SUMMARY OF DAILY PCPN 2025 ILOILO.pdf,8
2025-08-04,0.0,0.0,0.0,0.0,0.0,,SUMMARY OF DAILY PCPN 2025 ILOILO.pdf,8
2025-08-05,0.0,0.0,0.0,0.0,0.0,LGT RASH,SUMMARY OF DAILY PCPN 2025 ILOILO.pdf,8
2025-08-06,0.0,0.0,0.0,0.0,0.0,LGT RASH,SUMMARY OF DAILY PCPN 2025 ILOILO.pdf,8
2025-08-07,0.0,0.4,0.0,0.0,0.4,LGT RASH,SUMMARY OF DAILY PCPN 2025 ILOILO.pdf,8
2025-08-08,0.0,29.0,0.0,0.0,29.0,MOD-HVY RASH,SUMMARY OF DAILY PCPN 2025 ILOILO.pdf,8
2025-08-09,0.0,0.0,0.0,0.0,0.0,,SUMMARY OF DAILY PCPN 2025 ILOILO.pdf,8
2025-08-10,0.0,0.0,0.0,0.0,0.0,LGT RASH,SUMMARY OF DAILY PCPN 2025 ILOILO.pdf,8
2025-08-11,0.0,3.4,0.0,0.0,3.4,LGT RASH,SUMMARY OF DAILY PCPN 2025 ILOILO.pdf,8
2025-08-12,0.0,0.0,0.0,0.0,0.0,LGT RASH,SUMMARY OF DAILY PCPN 2025 ILOILO.pdf,8
2025-08-13,2.6,6.0,0.6,0.2,9.4,LGT RASH,SUMMARY OF DAILY PCPN 2025 ILOILO.pdf,8
2025-08-14,3.4,7.8,1.0,0.0,12.2,LGT - MOD RASH,SUMMARY OF DAILY PCPN 2025 ILOILO.pdf,8
2025-08-15,0.0,0.0,0.0,0.0,0.0,LGT RASH,SUMMARY OF DAILY PCPN 2025 ILOILO.pdf,8
2025-08-16,0.0,0.0,0.0,0.0,0.0,,SUMMARY OF DAILY PCPN 2025 ILOILO.pdf,8
2025-08-17,0.6,1.0,0.0,0.0,1.6,LGT RASH,SUMMARY OF DAILY PCPN 2025 ILOILO.pdf,8
2025-08-18,0.0,0.0,0.0,2.4,2.4,LGT RASH,SUMMARY OF DAILY PCPN 2025 ILOILO.pdf,8
2025-08-19,0.0,0.0,0.0,0.0,0.0,,SUMMARY OF DAILY PCPN 2025 ILOILO.pdf,8
2025-08-20,0.0,9.4,1.6,0.0,11.0,LGT RASH,SUMMARY OF DAILY PCPN 2025 ILOILO.pdf,8
2025-08-21,0.0,5.6,0.0,0.0,5.6,LGT - MOD RASH,SUMMARY OF DAILY PCPN 2025 ILOILO.pdf,8
2025-08-22,0.0,10.8,2.0,0.2,13.0,LGT - MOD RASH,SUMMARY OF DAILY PCPN 2025 ILOILO.pdf,8
2025-08-23,0.0,0.0,0.0,0.0,0.0,HVY W/ OCC TSTM,SUMMARY OF DAILY PCPN 2025 ILOILO.pdf,8
2025-08-24,0.0,0.0,0.0,0.2,0.2,LGT RASH,SUMMARY OF DAILY PCPN 2025 ILOILO.pdf,8
2025-08-25,0.0,0.6,0.0,0.0,0.6,LGT RASH,SUMMARY OF DAILY PCPN 2025 ILOILO.pdf,8
2025-08-26,0.0,3.4,4.2,0.8,8.4,LGT RASH,SUMMARY OF DAILY PCPN 2025 ILOILO.pdf,8
2025-08-27,0.0,0.0,2.6,4.8,7.4,LGT RASH,SUMMARY OF DAILY PCPN 2025 ILOILO.pdf,8
2025-08-28,0.0,2.6,23.4,1.0,27.0,LGT - MOD W/ OCC HVY RASH,SUMMARY OF DAILY PCPN 2025 ILOILO.pdf,8
2025-08-29,0.0,0.0,0.0,0.6,0.6,LGT - MOD RASH,SUMMARY OF DAILY PCPN 2025 ILOILO.pdf,8
2025-08-30,0.0,1.8,0.0,0.0,1.8,LGT RASH,SUMMARY OF DAILY PCPN 2025 ILOILO.pdf,8
2025-08-31,0.0,4.8,0.0,0.0,4.8,LGT RASH,SUMMARY OF DAILY PCPN 2025 ILOILO.pdf,8
2025-09-01,0.0,0.2,16.4,0.1,16.7,LGT RASH,SUMMARY OF DAILY PCPN 2025 ILOILO.pdf,9
2025-09-02,27.2,0.0,0.0,0.0,27.2,MOD RASH,SUMMARY OF DAILY PCPN 2025 ILOILO.pdf,9
2025-09-03,10.0,0.0,0.0,0.0,10.0,LGT - MOD RASH,SUMMARY OF DAILY PCPN 2025 ILOILO.pdf,9
2025-09-04,0.0,0.0,0.0,0.0,0.0,,SUMMARY OF DAILY PCPN 2025 ILOILO.pdf,9
2025-09-05,0.0,0.0,0.0,0.0,0.0,LGT RASH,SUMMARY OF DAILY PCPN 2025 ILOILO.pdf,9
2025-09-06,0.0,0.8,0.4,0.0,1.2,LGT RASH,SUMMARY OF DAILY PCPN 2025 ILOILO.pdf,9
2025-09-07,0.0,0.0,48.0,0.0,48.0,MOD - HVY RASH,SUMMARY OF DAILY PCPN 2025 ILOILO.pdf,9
2025-09-08,5.4,0.0,0.0,0.0,5.4,LGT RASH,SUMMARY OF DAILY PCPN 2025 ILOILO.pdf,9
2025-09-09,0.0,0.0,0.0,0.0,0.0,LGT RASH,SUMMARY OF DAILY PCPN 2025 ILOILO.pdf,9
2025-09-10,0.0,0.0,0.0,0.0,0.0,,SUMMARY OF DAILY PCPN 2025 ILOILO.pdf,9
2025-09-11,0.0,0.0,0.0,0.0,0.0,,SUMMARY OF DAILY PCPN 2025 ILOILO.pdf,9
2025-09-12,0.0,0.0,0.0,0.0,0.0,,SUMMARY OF DAILY PCPN 2025 ILOILO.pdf,9
2025-09-13,0.0,0.0,0.0,0.0,0.0,,SUMMARY OF DAILY PCPN 2025 ILOILO.pdf,9
2025-09-14,0.0,0.0,0.0,0.0,0.0,,SUMMARY OF DAILY PCPN 2025 ILOILO.pdf,9
2025-09-15,0.0,0.0,5.0,13.6,18.6,LGT - MOD RASH,SUMMARY OF DAILY PCPN 2025 ILOILO.pdf,9
2025-09-16,0.1,18.0,42.2,5.8,66.1,LGT - MOD/ OCC HVY RASH,SUMMARY OF DAILY PCPN 2025 ILOILO.pdf,9
2025-09-17,5.2,0.0,0.0,0.0,5.2,LGT RASH,SUMMARY OF DAILY PCPN 2025 ILOILO.pdf,9
2025-09-18,0.0,0.8,6.8,0.0,7.6,LGT RASH,SUMMARY OF DAILY PCPN 2025 ILOILO.pdf,9
2025-09-19,0.0,2.0,0.0,0.0,2.0,LGT RASH,SUMMARY OF DAILY PCPN 2025 ILOILO.pdf,9
2025-09-20,0.0,0.4,0.0,0.0,0.4,LGT RASH,SUMMARY OF DAILY PCPN 2025 ILOILO.pdf,9
2025-09-21,9.0,1.6,0.0,33.4,44.0,MOD - HVY RASH W/ TSTM,SUMMARY OF DAILY PCPN 2025 ILOILO.pdf,9
2025-09-22,0.6,4.0,52.2,0.6,57.4,LGT - MOD RASH,SUMMARY OF DAILY PCPN 2025 ILOILO.pdf,9
2025-09-23,0.0,0.0,4.0,1.2,5.2,HVY W/ OCC TSTM,SUMMARY OF DAILY PCPN 2025 ILOILO.pdf,9
2025-09-24,0.0,0.6,0.0,0.0,0.6,LGT RASH,SUMMARY OF DAILY PCPN 2025 ILOILO.pdf,9
2025-09-25,0.0,14.8,9.0,42.6,66.4,LGT - MOD/ OCC HVY RASH,SUMMARY OF DAILY PCPN 2025 ILOILO.pdf,9
2025-09-26,53.6,3.6,2.2,0.0,59.4,LGT - MOD RASH,SUMMARY OF DAILY PCPN 2025 ILOILO.pdf,9
2025-09-27,0.0,0.0,0.0,0.0,0.0,LGT - MOD RASH,SUMMARY OF DAILY PCPN 2025 ILOILO.pdf,9
2025-09-28,0.0,0.0,0.0,0.0,0.0,,SUMMARY OF DAILY PCPN 2025 ILOILO.pdf,9
2025-09-29,0.0,0.0,0.0,0.0,0.0,MOD - HVY RASH W/ TSTM,SUMMARY OF DAILY PCPN 2025 ILOILO.pdf,9
2025-09-30,1.0,3.6,0.0,24.6,29.2,LGT - MOD RASH,SUMMARY OF DAILY PCPN 2025 ILOILO.pdf,9
2025-10-01,0.0,0.0,0.0,0.0,0.0,,SUMMARY OF DAILY PCPN 2025 ILOILO.pdf,10
2025-10-02,0.0,21.8,0.0,0.0,21.8,MOD RASH,SUMMARY OF DAILY PCPN 2025 ILOILO.pdf,10
2025-10-03,7.6,0.0,0.0,0.0,7.6,LGT - MOD RASH,SUMMARY OF DAILY PCPN 2025 ILOILO.pdf,10
2025-10-04,0.0,0.4,3.6,0.0,4.0,LGT RASH,SUMMARY OF DAILY PCPN 2025 ILOILO.pdf,10
2025-10-05,0.0,8.0,3.2,3.8,15.0,LGT - MOD RASH,SUMMARY OF DAILY PCPN 2025 ILOILO.pdf,10
2025-10-06,0.0,0.1,0.0,1.2,1.3,LGT RASH,SUMMARY OF DAILY PCPN 2025 ILOILO.pdf,10
2025-10-07,0.8,61.6,3.8,0.7,66.9,MOD - HVY W/ TSTM,SUMMARY OF DAILY PCPN 2025 ILOILO.pdf,10
2025-10-08,0.0,9.4,8.0,10.2,27.6,LGT - MOD RASH,SUMMARY OF DAILY PCPN 2025 ILOILO.pdf,10
2025-10-09,0.0,12.2,0.6,0.0,12.8,LGT - MOD RASH,SUMMARY OF DAILY PCPN 2025 ILOILO.pdf,10
2025-10-10,0.0,0.0,1.2,3.2,4.4,LGT RASH,SUMMARY OF DAILY PCPN 2025 ILOILO.pdf,10
2025-10-11,0.0,0.0,0.0,0.0,0.0,LGT RASH,SUMMARY OF DAILY PCPN 2025 ILOILO.pdf,10
2025-10-12,0.0,0.0,0.0,0.0,0.0,,SUMMARY OF DAILY PCPN 2025 ILOILO.pdf,10
2025-10-13,0.0,0.0,0.0,0.0,0.0,LGT RASH,SUMMARY OF DAILY PCPN 2025 ILOILO.pdf,10
2025-10-14,2.8,1.0,0.0,0.0,3.8,LGT RASH,SUMMARY OF DAILY PCPN 2025 ILOILO.pdf,10
2025-10-15,0.0,0.0,6.2,0.0,6.2,LGT RASH,SUMMARY OF DAILY PCPN 2025 ILOILO.pdf,10
2025-10-16,0.0,0.0,0.0,0.0,0.0,,SUMMARY OF DAILY PCPN 2025 ILOILO.pdf,10
2025-10-17,0.0,0.0,0.0,0.0,0.0,,SUMMARY OF DAILY PCPN 2025 ILOILO.pdf,10
2025-10-18,4.2,11.6,4.0,2.0,21.8,LGT - MOD RASH,SUMMARY OF DAILY PCPN 2025 ILOILO.pdf,10
2025-10-19,1.0,0.0,0.0,0.0,1.0,LGT RASH,SUMMARY OF DAILY PCPN 2025 ILOILO.pdf,10
2025-10-20,0.0,0.0,0.0,0.0,0.0,,SUMMARY OF DAILY PCPN 2025 ILOILO.pdf,10
2025-10-21,0.0,3.0,0.8,0.0,3.8,LGT - MOD RASH,SUMMARY OF DAILY PCPN 2025 ILOILO.pdf,10
2025-10-22,0.0,3.8,4.8,0.4,9.0,LGT - MOD RASH,SUMMARY OF DAILY PCPN 2025 ILOILO.pdf,10
2025-10-23,0.6,1.0,35.2,0.0,36.8,HVY W/ OCC TSTM,SUMMARY OF DAILY PCPN 2025 ILOILO.pdf,10
2025-10-24,0.0,94.6,4.0,13.6,112.2,HEAVY-TORRENTIAL W/ TSTM,SUMMARY OF DAILY PCPN 2025 ILOILO.pdf,10
2025-10-25,0.0,0.0,0.0,1.8,1.8,LGT RASH,SUMMARY OF DAILY PCPN 2025 ILOILO.pdf,10
2025-10-26,0.6,0.0,3.2,0.0,3.8,LGT RASH,SUMMARY OF DAILY PCPN 2025 ILOILO.pdf,10
2025-10-27,0.0,0.0,0.0,0.0,0.0,LGT RASH,SUMMARY OF DAILY PCPN 2025 ILOILO.pdf,10
2025-10-28,0.0,54.6,9.8,1.2,65.6,TORRENTIAL RAIN,SUMMARY OF DAILY PCPN 2025 ILOILO.pdf,10
2025-10-29,3.0,1.8,1.0,0.0,5.8,LGT - MOD RASH,SUMMARY OF DAILY PCPN 2025 ILOILO.pdf,10
2025-10-30,0.0,1.0,0.0,0.6,1.6,LGT RASH,SUMMARY OF DAILY PCPN 2025 ILOILO.pdf,10
2025-10-31,3.0,1.0,1.8,0.0,5.8,LGT RASH,SUMMARY OF DAILY PCPN 2025 ILOILO.pdf,10
2025-11-01,0.0,0.0,39.6,0.0,39.6,MOD-HVY RASH W/ TSTM,SUMMARY OF DAILY PCPN 2025 ILOILO.pdf,11
2025-11-02,0.0,0.0,0.0,0.0,0.0,,SUMMARY OF DAILY PCPN 2025 ILOILO.pdf,11
2025-11-03,5.2,4.6,9.0,8.0,26.8,LGT - MOD RASH,SUMMARY OF DAILY PCPN 2025 ILOILO.pdf,11
2025-11-04,23.4,9.2,20.0,3.2,55.8,LGT - MOD RAIN,SUMMARY OF DAILY PCPN 2025 ILOILO.pdf,11
2025-11-05,0.0,0.6,0.0,0.0,0.6,LGT RASH,SUMMARY OF DAILY PCPN 2025 ILOILO.pdf,11
2025-11-06,0.0,62.0,0.8,0.0,62.8,TORRENTIAL RASH W/ TSTM,SUMMARY OF DAILY PCPN 2025 ILOILO.pdf,11
2025-11-07,0.0,0.0,0.0,1.4,1.4,LIGHT RASH,SUMMARY OF DAILY PCPN 2025 ILOILO.pdf,11
2025-11-08,0.0,0.0,0.0,1.4,1.4,LGT RASH,SUMMARY OF DAILY PCPN 2025 ILOILO.pdf,11
2025-11-09,0.0,0.0,0.0,0.0,0.0,,SUMMARY OF DAILY PCPN 2025 ILOILO.pdf,11
2025-11-10,0.6,0.0,0.0,9.0,9.6,LGT - MOD RASH,SUMMARY OF DAILY PCPN 2025 ILOILO.pdf,11
2025-11-11,0.0,0.0,0.0,0.0,0.0,,SUMMARY OF DAILY PCPN 2025 ILOILO.pdf,11
2025-11-12,0.0,0.0,0.0,0.0,0.0,,SUMMARY OF DAILY PCPN 2025 ILOILO.pdf,11
2025-11-13,0.0,20.0,0.2,4.8,25.0,LGT - MOD RASH,SUMMARY OF DAILY PCPN 2025 ILOILO.pdf,11
2025-11-14,6.8,0.0,0.0,1.0,7.8,LGT - MOD RASH,SUMMARY OF DAILY PCPN 2025 ILOILO.pdf,11
2025-11-15,0.8,0.0,0.4,0.0,1.2,LGT RASH,SUMMARY OF DAILY PCPN 2025 ILOILO.pdf,11
2025-11-16,0.0,0.0,0.0,0.0,0.0,,SUMMARY OF DAILY PCPN 2025 ILOILO.pdf,11
2025-11-17,0.0,0.0,0.0,0.0,0.0,,SUMMARY OF DAILY PCPN 2025 ILOILO.pdf,11
2025-11-18,5.4,0.0,3.5,8.5,17.4,LGT - MOD RASH,SUMMARY OF DAILY PCPN 2025 ILOILO.pdf,11
2025-11-19,0.8,0.0,0.0,0.0,0.8,LGT RASH,SUMMARY OF DAILY PCPN 2025 ILOILO.pdf,11
2025-11-20,0.0,0.0,0.0,0.0,0.0,,SUMMARY OF DAILY PCPN 2025 ILOILO.pdf,11
2025-11-21,0.0,7.4,0.0,0.0,7.4,MOD RASH,SUMMARY OF DAILY PCPN 2025 ILOILO.pdf,11
2025-11-22,0.0,0.0,3.0,0.8,3.8,LGT - MOD RASH,SUMMARY OF DAILY PCPN 2025 ILOILO.pdf,11
2025-11-23,0.2,1.0,0.0,0.0,1.2,LGT RASH,SUMMARY OF DAILY PCPN 2025 ILOILO.pdf,11
2025-11-24,7.4,6.0,0.0,62.4,75.8,TORRENTIAL RASH,SUMMARY OF DAILY PCPN 2025 ILOILO.pdf,11
2025-11-25,16.4,1.0,0.0,0.0,17.4,LGT - MOD RASH,SUMMARY OF DAILY PCPN 2025 ILOILO.pdf,11
2025-11-26,0.0,0.0,0.0,0.0,0.0,,SUMMARY OF DAILY PCPN 2025 ILOILO.pdf,11
2025-11-27,0.0,0.0,0.0,0.0,0.0,,SUMMARY OF DAILY PCPN 2025 ILOILO.pdf,11
2025-11-28,0.0,0.0,0.0,0.0,0.0,,SUMMARY OF DAILY PCPN 2025 ILOILO.pdf,11
2025-11-29,0.0,5.0,0.0,0.0,5.0,LGT - MOD RASH,SUMMARY OF DAILY PCPN 2025 ILOILO.pdf,11
2025-11-30,0.0,0.0,0.0,0.0,0.0,,SUMMARY OF DAILY PCPN 2025 ILOILO.pdf,11
2025-12-01,0.0,0.0,0.0,0.0,0.0,LGT RASH,SUMMARY OF DAILY PCPN 2025 ILOILO.pdf,12
2025-12-02,0.0,0.0,0.0,0.0,0.0,,SUMMARY OF DAILY PCPN 2025 ILOILO.pdf,12
2025-12-03,0.0,0.0,0.0,0.0,0.0,,SUMMARY OF DAILY PCPN 2025 ILOILO.pdf,12
2025-12-04,6.8,4.6,0.0,0.0,11.4,LGT - MOD RASH,SUMMARY OF DAILY PCPN 2025 ILOILO.pdf,12
2025-12-05,0.0,0.0,0.0,0.2,0.2,LGT RASH,SUMMARY OF DAILY PCPN 2025 ILOILO.pdf,12
2025-12-06,0.4,3.0,0.6,1.2,5.2,LGT - MOD RASH,SUMMARY OF DAILY PCPN 2025 ILOILO.pdf,12
2025-12-07,0.0,0.0,0.0,0.0,0.0,LGT RASH,SUMMARY OF DAILY PCPN 2025 ILOILO.pdf,12
2025-12-08,0.0,0.0,0.0,0.0,0.0,,SUMMARY OF DAILY PCPN 2025 ILOILO.pdf,12
2025-12-09,0.0,0.0,0.0,0.0,0.0,,SUMMARY OF DAILY PCPN 2025 ILOILO.pdf,12
2025-12-10,0.0,0.0,0.0,0.0,0.0,,SUMMARY OF DAILY PCPN 2025 ILOILO.pdf,12
2025-12-11,0.0,0.6,1.0,0.6,2.2,LGT RASH,SUMMARY OF DAILY PCPN 2025 ILOILO.pdf,12
2025-12-12,0.0,17.0,1.0,0.0,18.0,LGT - MOD RASH,SUMMARY OF DAILY PCPN 2025 ILOILO.pdf,12
2025-12-13,0.0,0.0,0.0,0.0,0.0,,SUMMARY OF DAILY PCPN 2025 ILOILO.pdf,12
2025-12-14,0.0,0.0,0.6,0.0,0.6,LGT RASH,SUMMARY OF DAILY PCPN 2025 ILOILO.pdf,12
2025-12-15,0.0,0.0,0.0,0.0,0.0,,SUMMARY OF DAILY PCPN 2025 ILOILO.pdf,12
2025-12-16,0.0,0.0,0.0,0.0,0.0,,SUMMARY OF DAILY PCPN 2025 ILOILO.pdf,12
2025-12-17,1.0,1.8,0.0,0.0,2.8,LGT RASH,SUMMARY OF DAILY PCPN 2025 ILOILO.pdf,12
2025-12-18,0.0,0.0,0.0,0.0,0.0,,SUMMARY OF DAILY PCPN 2025 ILOILO.pdf,12
2025-12-19,0.0,0.0,0.0,0.0,0.0,,SUMMARY OF DAILY PCPN 2025 ILOILO.pdf,12
2025-12-20,1.2,0.0,0.0,0.0,1.2,LGT RASH,SUMMARY OF DAILY PCPN 2025 ILOILO.pdf,12
2025-12-21,0.0,0.0,0.0,0.0,0.0,,SUMMARY OF DAILY PCPN 2025 ILOILO.pdf,12
2025-12-22,0.0,0.0,0.0,0.0,0.0,,SUMMARY OF DAILY PCPN 2025 ILOILO.pdf,12
2025-12-23,0.0,0.0,0.0,0.0,0.0,,SUMMARY OF DAILY PCPN 2025 ILOILO.pdf,12
2025-12-24,0.0,0.0,0.0,0.0,0.0,,SUMMARY OF DAILY PCPN 2025 ILOILO.pdf,12
2025-12-25,0.0,0.0,0.0,0.0,0.0,,SUMMARY OF DAILY PCPN 2025 ILOILO.pdf,12
2025-12-26,0.0,0.0,4.0,0.0,4.0,LGT - MOD RASH,SUMMARY OF DAILY PCPN 2025 ILOILO.pdf,12
2025-12-27,0.0,0.0,0.0,0.2,0.2,LGT RASH,SUMMARY OF DAILY PCPN 2025 ILOILO.pdf,12
2025-12-28,0.0,0.0,0.0,0.0,0.0,,SUMMARY OF DAILY PCPN 2025 ILOILO.pdf,12
2025-12-29,0.0,0.0,0.0,0.0,0.0,,SUMMARY OF DAILY PCPN 2025 ILOILO.pdf,12
2025-12-30,0.0,0.0,0.0,0.0,0.0,,SUMMARY OF DAILY PCPN 2025 ILOILO.pdf,12
2025-12-31,0.0,0.0,0.0,0.0,0.0,,SUMMARY OF DAILY PCPN 2025 ILOILO.pdf,12
2026-01-01,0.0,0.0,0.0,0.0,0.0,,SUMMARY OF DAILY PCPN 2026 ILOILO.pdf,1
2026-01-02,0.0,52.2,3.2,0.0,55.4,TORRENTIAL RASH,SUMMARY OF DAILY PCPN 2026 ILOILO.pdf,1
2026-01-03,0.0,9.2,26.0,3.4,38.6,MOD-HEAVY RASH,SUMMARY OF DAILY PCPN 2026 ILOILO.pdf,1
2026-01-04,0.0,0.0,0.0,0.0,0.0,LIGHT RASH,SUMMARY OF DAILY PCPN 2026 ILOILO.pdf,1
2026-01-05,0.0,0.0,0.0,0.0,0.0,,SUMMARY OF DAILY PCPN 2026 ILOILO.pdf,1
2026-01-06,0.0,0.0,0.0,0.0,0.0,,SUMMARY OF DAILY PCPN 2026 ILOILO.pdf,1
2026-01-07,0.0,0.0,0.0,0.0,0.0,LGT RASH,SUMMARY OF DAILY PCPN 2026 ILOILO.pdf,1
2026-01-08,0.0,0.0,0.0,0.0,0.0,,SUMMARY OF DAILY PCPN 2026 ILOILO.pdf,1
2026-01-09,0.0,0.0,0.0,0.0,0.0,LGT RASH,SUMMARY OF DAILY PCPN 2026 ILOILO.pdf,1
2026-01-10,0.0,7.2,0.0,0.0,7.2,LGT-MOD RASH,SUMMARY OF DAILY PCPN 2026 ILOILO.pdf,1
2026-01-11,0.0,0.0,0.0,0.0,0.0,,SUMMARY OF DAILY PCPN 2026 ILOILO.pdf,1
2026-01-12,0.0,0.0,0.0,0.0,0.0,,SUMMARY OF DAILY PCPN 2026 ILOILO.pdf,1
2026-01-13,0.0,0.0,0.0,0.0,0.0,,SUMMARY OF DAILY PCPN 2026 ILOILO.pdf,1
2026-01-14,0.1,0.0,0.0,0.0,0.1,LGT RASH,SUMMARY OF DAILY PCPN 2026 ILOILO.pdf,1
2026-01-15,0.0,0.0,0.0,0.0,0.0,,SUMMARY OF DAILY PCPN 2026 ILOILO.pdf,1
2026-01-16,7.8,6.0,0.0,0.0,13.8,LGT - MOD RASH,SUMMARY OF DAILY PCPN 2026 ILOILO.pdf,1
2026-01-17,0.0,0.0,0.0,0.0,0.0,LGT RASH,SUMMARY OF DAILY PCPN 2026 ILOILO.pdf,1
2026-01-18,0.0,0.0,0.0,0.0,0.0,LGT RASH,SUMMARY OF DAILY PCPN 2026 ILOILO.pdf,1
2026-01-19,0.0,0.0,0.0,0.0,0.0,,SUMMARY OF DAILY PCPN 2026 ILOILO.pdf,1
2026-01-20,0.0,8.0,0.0,0.0,8.0,LGT-MOD RASH,SUMMARY OF DAILY PCPN 2026 ILOILO.pdf,1
2026-01-21,0.0,0.0,0.0,0.0,0.0,,SUMMARY OF DAILY PCPN 2026 ILOILO.pdf,1
2026-01-22,0.0,0.0,0.0,0.0,0.0,,SUMMARY OF DAILY PCPN 2026 ILOILO.pdf,1
2026-01-23,0.0,0.0,0.0,0.0,0.0,,SUMMARY OF DAILY PCPN 2026 ILOILO.pdf,1
2026-01-24,0.0,0.0,0.0,0.0,0.0,,SUMMARY OF DAILY PCPN 2026 ILOILO.pdf,1
2026-01-25,0.0,0.0,0.0,0.0,0.0,,SUMMARY OF DAILY PCPN 2026 ILOILO.pdf,1
2026-01-26,3.6,2.0,2.0,3.6,11.2,LGT RASH,SUMMARY OF DAILY PCPN 2026 ILOILO.pdf,1
2026-01-27,0.0,0.0,0.0,0.0,0.0,,SUMMARY OF DAILY PCPN 2026 ILOILO.pdf,1
2026-01-28,0.0,0.0,0.0,0.0,0.0,,SUMMARY OF DAILY PCPN 2026 ILOILO.pdf,1
2026-01-29,0.0,0.0,0.0,0.0,0.0,,SUMMARY OF DAILY PCPN 2026 ILOILO.pdf,1
2026-01-30,0.0,0.0,0.0,0.0,0.0,,SUMMARY OF DAILY PCPN 2026 ILOILO.pdf,1
2026-01-31,1.8,25.0,1.4,14.0,42.2,LGT-MOD RASH,SUMMARY OF DAILY PCPN 2026 ILOILO.pdf,1
2026-02-01,3.4,0.0,0.0,0.0,3.4,LGT RASH,SUMMARY OF DAILY PCPN 2026 ILOILO.pdf,2
2026-02-02,3.4,9.6,0.0,0.0,13.0,LGT - MOD RASH,SUMMARY OF DAILY PCPN 2026 ILOILO.pdf,2
2026-02-03,0.0,0.0,0.0,0.0,0.0,,SUMMARY OF DAILY PCPN 2026 ILOILO.pdf,2
2026-02-04,0.0,0.0,0.0,0.0,0.0,,SUMMARY OF DAILY PCPN 2026 ILOILO.pdf,2
2026-02-05,0.0,0.8,3.0,1.2,5.0,LGT - MOD RASH,SUMMARY OF DAILY PCPN 2026 ILOILO.pdf,2
2026-02-06,0.2,14.2,0.0,6.4,20.8,LGT - MOD RASH,SUMMARY OF DAILY PCPN 2026 ILOILO.pdf,2
2026-02-07,0.0,0.0,0.0,0.0,0.0,,SUMMARY OF DAILY PCPN 2026 ILOILO.pdf,2
2026-02-08,0.0,9.4,25.0,3.0,37.4,LGT - MOD RASH,SUMMARY OF DAILY PCPN 2026 ILOILO.pdf,2
2026-02-09,0.0,2.0,4.0,7.0,13.0,LGT - MOD RASH,SUMMARY OF DAILY PCPN 2026 ILOILO.pdf,2
2026-02-10,2.0,1.4,0.0,0.0,3.4,LGT RASH,SUMMARY OF DAILY PCPN 2026 ILOILO.pdf,2
2026-02-11,0.0,0.0,0.0,0.8,0.8,LGT RASH,SUMMARY OF DAILY PCPN 2026 ILOILO.pdf,2
2026-02-12,0.0,1.0,0.0,0.0,1.0,LGT RASH,SUMMARY OF DAILY PCPN 2026 ILOILO.pdf,2
2026-02-13,0.0,0.0,0.0,0.0,0.0,,SUMMARY OF DAILY PCPN 2026 ILOILO.pdf,2
2026-02-14,0.0,0.0,0.0,0.0,0.0,,SUMMARY OF DAILY PCPN 2026 ILOILO.pdf,2
2026-02-15,0.0,0.0,0.0,0.0,0.0,,SUMMARY OF DAILY PCPN 2026 ILOILO.pdf,2
2026-02-16,0.0,0.0,0.0,0.0,0.0,LGT RASH,SUMMARY OF DAILY PCPN 2026 ILOILO.pdf,2
2026-02-17,0.0,0.0,0.0,0.0,0.0,,SUMMARY OF DAILY PCPN 2026 ILOILO.pdf,2
2026-02-18,0.4,0.0,0.0,0.0,0.4,LGT RASH,SUMMARY OF DAILY PCPN 2026 ILOILO.pdf,2
2026-02-19,0.2,0.0,0.0,0.0,0.2,LGT RASH,SUMMARY OF DAILY PCPN 2026 ILOILO.pdf,2
2026-02-20,0.0,0.0,0.0,0.0,0.0,,SUMMARY OF DAILY PCPN 2026 ILOILO.pdf,2
2026-02-21,0.0,0.0,0.0,0.0,0.0,,SUMMARY OF DAILY PCPN 2026 ILOILO.pdf,2
2026-02-22,0.0,0.0,0.0,0.0,0.0,LGT RASH,SUMMARY OF DAILY PCPN 2026 ILOILO.pdf,2
2026-02-23,0.0,0.0,0.0,0.0,0.0,,SUMMARY OF DAILY PCPN 2026 ILOILO.pdf,2
2026-02-24,0.0,0.0,0.0,9.0,9.0,LGT - MOD RASH,SUMMARY OF DAILY PCPN 2026 ILOILO.pdf,2
2026-02-25,0.0,0.0,0.0,0.0,0.0,,SUMMARY OF DAILY PCPN 2026 ILOILO.pdf,2
2026-02-26,0.0,0.0,0.0,0.0,0.0,,SUMMARY OF DAILY PCPN 2026 ILOILO.pdf,2
2026-02-27,0.0,0.0,0.0,0.0,0.0,,SUMMARY OF DAILY PCPN 2026 ILOILO.pdf,2
2026-02-28,0.0,0.0,0.0,0.0,0.0,,SUMMARY OF DAILY PCPN 2026 ILOILO.pdf,2
2026-03-01,0.0,0.0,0.0,0.0,0.0,,SUMMARY OF DAILY PCPN 2026 ILOILO.pdf,3
2026-03-02,0.0,0.0,0.0,0.0,0.0,,SUMMARY OF DAILY PCPN 2026 ILOILO.pdf,3
2026-03-03,0.0,0.0,0.0,0.0,0.0,,SUMMARY OF DAILY PCPN 2026 ILOILO.pdf,3
2026-03-04,0.0,0.0,0.0,0.0,0.0,,SUMMARY OF DAILY PCPN 2026 ILOILO.pdf,3
2026-03-05,0.0,0.0,0.0,0.0,0.0,,SUMMARY OF DAILY PCPN 2026 ILOILO.pdf,3
2026-03-06,0.0,0.0,0.0,0.0,0.0,,SUMMARY OF DAILY PCPN 2026 ILOILO.pdf,3
2026-03-07,0.0,0.0,0.0,0.0,0.0,,SUMMARY OF DAILY PCPN 2026 ILOILO.pdf,3
2026-03-08,0.0,0.0,0.5,4.6,5.1,LGT - MOD RASH,SUMMARY OF DAILY PCPN 2026 ILOILO.pdf,3
2026-03-09,5.6,0.0,0.0,0.0,5.6,LGT - MOD RASH,SUMMARY OF DAILY PCPN 2026 ILOILO.pdf,3
2026-03-10,0.0,0.0,0.0,0.0,0.0,,SUMMARY OF DAILY PCPN 2026 ILOILO.pdf,3
2026-03-11,0.0,0.0,0.0,0.0,0.0,,SUMMARY OF DAILY PCPN 2026 ILOILO.pdf,3
2026-03-12,0.0,0.0,0.0,0.0,0.0,,SUMMARY OF DAILY PCPN 2026 ILOILO.pdf,3
2026-03-13,0.0,0.0,0.0,0.0,0.0,LGT RASH,SUMMARY OF DAILY PCPN 2026 ILOILO.pdf,3
2026-03-14,0.0,0.0,0.0,0.0,0.0,,SUMMARY OF DAILY PCPN 2026 ILOILO.pdf,3
2026-03-15,0.0,0.0,0.0,0.0,0.0,,SUMMARY OF DAILY PCPN 2026 ILOILO.pdf,3
2026-03-16,0.0,0.0,0.0,0.0,0.0,,SUMMARY OF DAILY PCPN 2026 ILOILO.pdf,3
2026-03-17,0.0,0.0,0.0,0.0,0.0,,SUMMARY OF DAILY PCPN 2026 ILOILO.pdf,3
2026-03-18,0.0,0.0,0.0,0.0,0.0,,SUMMARY OF DAILY PCPN 2026 ILOILO.pdf,3
2026-03-19,0.0,0.0,0.0,0.0,0.0,,SUMMARY OF DAILY PCPN 2026 ILOILO.pdf,3
2026-03-20,0.0,0.0,0.0,0.0,0.0,,SUMMARY OF DAILY PCPN 2026 ILOILO.pdf,3
2026-03-21,0.0,0.0,0.0,0.0,0.0,,SUMMARY OF DAILY PCPN 2026 ILOILO.pdf,3
2026-03-22,0.0,0.0,0.0,0.0,0.0,,SUMMARY OF DAILY PCPN 2026 ILOILO.pdf,3
2026-03-23,0.0,0.0,0.0,0.0,0.0,,SUMMARY OF DAILY PCPN 2026 ILOILO.pdf,3
2026-03-24,0.0,0.0,0.0,0.0,0.0,,SUMMARY OF DAILY PCPN 2026 ILOILO.pdf,3
2026-03-25,0.0,0.0,0.0,1.0,1.0,LGT RASH,SUMMARY OF DAILY PCPN 2026 ILOILO.pdf,3
2026-03-26,1.0,0.0,0.0,0.0,1.0,LGT RASH,SUMMARY OF DAILY PCPN 2026 ILOILO.pdf,3
2026-03-27,0.0,0.0,0.0,0.0,0.0,,SUMMARY OF DAILY PCPN 2026 ILOILO.pdf,3
2026-03-28,0.0,0.0,0.0,0.0,0.0,,SUMMARY OF DAILY PCPN 2026 ILOILO.pdf,3
2026-03-29,0.0,0.0,0.0,0.0,0.0,,SUMMARY OF DAILY PCPN 2026 ILOILO.pdf,3
2026-03-30,0.0,0.0,0.0,0.0,0.0,,SUMMARY OF DAILY PCPN 2026 ILOILO.pdf,3
2026-03-31,0.0,0.0,0.0,0.0,0.0,,SUMMARY OF DAILY PCPN 2026 ILOILO.pdf,3
2026-04-01,0.0,0.0,0.0,0.0,0.0,,SUMMARY OF DAILY PCPN 2026 ILOILO.pdf,4
2026-04-02,0.0,0.0,0.0,0.0,0.0,,SUMMARY OF DAILY PCPN 2026 ILOILO.pdf,4
2026-04-03,0.0,0.0,0.0,0.0,0.0,,SUMMARY OF DAILY PCPN 2026 ILOILO.pdf,4
2026-04-04,0.0,0.0,0.0,0.0,0.0,,SUMMARY OF DAILY PCPN 2026 ILOILO.pdf,4
2026-04-05,0.0,0.0,0.0,0.0,0.0,,SUMMARY OF DAILY PCPN 2026 ILOILO.pdf,4
2026-04-06,0.0,0.0,0.0,0.0,0.0,,SUMMARY OF DAILY PCPN 2026 ILOILO.pdf,4
2026-04-07,0.0,0.0,0.0,0.0,0.0,,SUMMARY OF DAILY PCPN 2026 ILOILO.pdf,4
2026-04-08,0.0,0.0,0.0,0.0,0.0,,SUMMARY OF DAILY PCPN 2026 ILOILO.pdf,4
2026-04-09,0.0,0.0,0.0,0.0,0.0,,SUMMARY OF DAILY PCPN 2026 ILOILO.pdf,4
2026-04-10,0.0,0.0,0.0,0.0,0.0,,SUMMARY OF DAILY PCPN 2026 ILOILO.pdf,4
2026-04-11,0.0,0.0,0.0,0.0,0.0,,SUMMARY OF DAILY PCPN 2026 ILOILO.pdf,4
2026-04-12,0.0,0.0,0.0,0.0,0.0,,SUMMARY OF DAILY PCPN 2026 ILOILO.pdf,4
2026-04-13,0.0,0.0,0.0,0.0,0.0,,SUMMARY OF DAILY PCPN 2026 ILOILO.pdf,4
2026-04-14,0.0,0.0,0.0,0.0,0.0,,SUMMARY OF DAILY PCPN 2026 ILOILO.pdf,4
2026-04-15,0.0,0.0,0.0,0.0,0.0,,SUMMARY OF DAILY PCPN 2026 ILOILO.pdf,4
2026-04-16,0.0,0.0,0.0,0.0,0.0,,SUMMARY OF DAILY PCPN 2026 ILOILO.pdf,4
2026-04-17,0.0,0.0,0.0,0.0,0.0,,SUMMARY OF DAILY PCPN 2026 ILOILO.pdf,4
2026-04-18,0.0,0.0,0.0,0.0,0.0,,SUMMARY OF DAILY PCPN 2026 ILOILO.pdf,4
2026-04-19,0.0,0.0,0.0,0.0,0.0,,SUMMARY OF DAILY PCPN 2026 ILOILO.pdf,4
2026-04-20,0.0,0.0,0.0,0.0,0.0,,SUMMARY OF DAILY PCPN 2026 ILOILO.pdf,4
2026-04-21,0.0,0.0,0.0,0.0,0.0,,SUMMARY OF DAILY PCPN 2026 ILOILO.pdf,4
2026-04-22,0.0,0.0,0.0,0.0,0.0,,SUMMARY OF DAILY PCPN 2026 ILOILO.pdf,4
2026-04-23,0.0,0.0,0.0,0.0,0.0,,SUMMARY OF DAILY PCPN 2026 ILOILO.pdf,4
2026-04-24,0.0,0.0,0.0,0.0,0.0,,SUMMARY OF DAILY PCPN 2026 ILOILO.pdf,4
2026-04-25,0.0,0.0,0.0,0.0,0.0,,SUMMARY OF DAILY PCPN 2026 ILOILO.pdf,4
2026-04-26,0.0,0.0,0.0,0.0,0.0,LGT RASH,SUMMARY OF DAILY PCPN 2026 ILOILO.pdf,4
2026-04-27,0.0,0.0,0.0,0.0,0.0,,SUMMARY OF DAILY PCPN 2026 ILOILO.pdf,4
2026-04-28,0.0,0.0,0.0,0.0,0.0,,SUMMARY OF DAILY PCPN 2026 ILOILO.pdf,4
2026-04-29,0.0,0.0,0.0,0.0,0.0,,SUMMARY OF DAILY PCPN 2026 ILOILO.pdf,4
2026-04-30,0.0,0.0,0.0,0.0,0.0,,SUMMARY OF DAILY PCPN 2026 ILOILO.pdf,4
2026-05-01,0.0,0.0,0.0,0.0,0.0,,SUMMARY OF DAILY PCPN 2026 ILOILO.pdf,5
2026-05-02,0.0,4.0,0.0,0.0,4.0,LGT RASH,SUMMARY OF DAILY PCPN 2026 ILOILO.pdf,5
2026-05-03,0.4,0.0,2.8,0.0,3.2,LGT RASH,SUMMARY OF DAILY PCPN 2026 ILOILO.pdf,5
2026-05-04,0.0,0.0,0.0,0.0,0.0,,SUMMARY OF DAILY PCPN 2026 ILOILO.pdf,5
2026-05-05,0.0,0.0,0.0,0.0,0.0,,SUMMARY OF DAILY PCPN 2026 ILOILO.pdf,5
2026-05-06,0.0,0.0,0.0,0.0,0.0,,SUMMARY OF DAILY PCPN 2026 ILOILO.pdf,5
2026-05-07,0.0,0.1,0.0,0.0,0.1,LGT RASH,SUMMARY OF DAILY PCPN 2026 ILOILO.pdf,5
2026-05-08,0.0,0.0,0.0,0.0,0.0,,SUMMARY OF DAILY PCPN 2026 ILOILO.pdf,5
2026-05-09,0.0,0.0,0.0,0.0,0.0,,SUMMARY OF DAILY PCPN 2026 ILOILO.pdf,5
2026-05-10,0.0,0.0,0.0,0.0,0.0,,SUMMARY OF DAILY PCPN 2026 ILOILO.pdf,5
2026-05-11,0.0,0.0,0.0,0.0,0.0,,SUMMARY OF DAILY PCPN 2026 ILOILO.pdf,5
2026-05-12,0.0,0.0,0.0,0.0,0.0,,SUMMARY OF DAILY PCPN 2026 ILOILO.pdf,5
2026-05-13,0.0,0.0,0.0,0.0,0.0,,SUMMARY OF DAILY PCPN 2026 ILOILO.pdf,5
2026-05-14,0.0,0.0,0.0,0.0,0.0,,SUMMARY OF DAILY PCPN 2026 ILOILO.pdf,5
2026-05-15,0.0,0.0,0.0,0.0,0.0,,SUMMARY OF DAILY PCPN 2026 ILOILO.pdf,5
2026-05-16,0.0,0.0,0.0,0.0,0.0,,SUMMARY OF DAILY PCPN 2026 ILOILO.pdf,5
2026-05-17,0.0,0.0,0.0,0.0,0.0,,SUMMARY OF DAILY PCPN 2026 ILOILO.pdf,5
2026-05-18,0.0,0.0,0.0,0.0,0.0,,SUMMARY OF DAILY PCPN 2026 ILOILO.pdf,5
2026-05-19,3.0,0.6,0.0,0.0,3.6,LGT - MOD,SUMMARY OF DAILY PCPN 2026 ILOILO.pdf,5
2026-05-20,0.0,0.0,0.0,0.0,0.0,,SUMMARY OF DAILY PCPN 2026 ILOILO.pdf,5
2026-05-21,0.0,0.0,3.0,0.0,3.0,LGT RASH,SUMMARY OF DAILY PCPN 2026 ILOILO.pdf,5
2026-05-22,0.0,0.0,0.0,0.0,0.0,,SUMMARY OF DAILY PCPN 2026 ILOILO.pdf,5
2026-05-23,0.0,0.2,0.0,0.0,0.2,LGT RASH,SUMMARY OF DAILY PCPN 2026 ILOILO.pdf,5
2026-05-24,0.0,0.0,27.6,0.0,27.6,HVY RAINS W/ TSTM,SUMMARY OF DAILY PCPN 2026 ILOILO.pdf,5
2026-05-25,0.0,0.0,43.4,0.0,43.4,HVY - INTENSE W/ TSTM,SUMMARY OF DAILY PCPN 2026 ILOILO.pdf,5
2026-05-26,0.0,,0.0,0.0,0.0,,SUMMARY OF DAILY PCPN 2026 ILOILO.pdf,5
2026-05-27,0.0,0.6,0.0,0.0,0.6,LGT RASH,SUMMARY OF DAILY PCPN 2026 ILOILO.pdf,5
2026-05-28,0.0,0.0,0.0,0.0,0.0,,SUMMARY OF DAILY PCPN 2026 ILOILO.pdf,5
2026-05-29,0.0,0.0,0.0,0.0,0.0,,SUMMARY OF DAILY PCPN 2026 ILOILO.pdf,5
2026-05-30,0.0,0.0,0.0,0.0,0.0,LGT RASH,SUMMARY OF DAILY PCPN 2026 ILOILO.pdf,5
2026-05-31,9.6,3.0,0.2,2.4,15.2,LGT-MOD W/ TSTM,SUMMARY OF DAILY PCPN 2026 ILOILO.pdf,5
2026-06-01,0.0,0.0,0.0,8.8,8.8,LGHT-MOD RASH,SUMMARY OF DAILY PCPN 2026 ILOILO.pdf,6
2026-06-02,0.2,0.0,0.0,0.0,0.2,LGT RASH,SUMMARY OF DAILY PCPN 2026 ILOILO.pdf,6
2026-06-03,0.9,0.8,0.2,0.0,1.9,LGT RASH,SUMMARY OF DAILY PCPN 2026 ILOILO.pdf,6
2026-06-04,0.0,0.0,0.0,0.0,0.0,,SUMMARY OF DAILY PCPN 2026 ILOILO.pdf,6
2026-06-05,0.0,0.0,0.0,0.0,0.0,,SUMMARY OF DAILY PCPN 2026 ILOILO.pdf,6
2026-06-06,0.0,0.6,0.0,0.0,0.6,LGT RASH,SUMMARY OF DAILY PCPN 2026 ILOILO.pdf,6
2026-06-07,0.0,0.0,0.0,0.0,0.0,,SUMMARY OF DAILY PCPN 2026 ILOILO.pdf,6
2026-06-08,0.0,0.0,0.0,0.0,0.0,LGT RASH,SUMMARY OF DAILY PCPN 2026 ILOILO.pdf,6
2026-06-09,0.0,0.0,0.0,0.0,0.0,,SUMMARY OF DAILY PCPN 2026 ILOILO.pdf,6
2026-06-10,0.0,0.0,0.0,0.0,0.0,,SUMMARY OF DAILY PCPN 2026 ILOILO.pdf,6
2026-06-11,8.2,0.0,0.0,5.0,13.2,MOD-HVY W/ TSTM,SUMMARY OF DAILY PCPN 2026 ILOILO.pdf,6
2026-06-12,0.0,0.0,0.0,0.0,0.0,,SUMMARY OF DAILY PCPN 2026 ILOILO.pdf,6
2026-06-13,0.0,0.0,13.0,1.4,14.4,LGT RASH,SUMMARY OF DAILY PCPN 2026 ILOILO.pdf,6
2026-06-14,0.0,0.0,0.0,0.0,0.0,,SUMMARY OF DAILY PCPN 2026 ILOILO.pdf,6
2026-06-15,0.0,0.0,0.0,0.0,0.0,,SUMMARY OF DAILY PCPN 2026 ILOILO.pdf,6
2026-06-16,0.0,0.0,0.0,0.0,0.0,,SUMMARY OF DAILY PCPN 2026 ILOILO.pdf,6
2026-06-17,0.0,0.2,21.0,0.0,21.2,MOD-HVY W/ TSTM,SUMMARY OF DAILY PCPN 2026 ILOILO.pdf,6
2026-06-18,0.0,0.0,0.0,0.0,0.0,,SUMMARY OF DAILY PCPN 2026 ILOILO.pdf,6
2026-06-19,0.0,0.0,0.0,0.0,0.0,,SUMMARY OF DAILY PCPN 2026 ILOILO.pdf,6
2026-06-20,0.0,10.8,0.0,0.0,10.8,MOD-HVY RASH,SUMMARY OF DAILY PCPN 2026 ILOILO.pdf,6
2026-06-21,0.0,7.4,0.0,0.0,7.4,LGT-MOD RASH,SUMMARY OF DAILY PCPN 2026 ILOILO.pdf,6
2026-06-22,0.0,0.0,1.6,0.0,1.6,LGT-MOD RASH,SUMMARY OF DAILY PCPN 2026 ILOILO.pdf,6
2026-06-23,0.4,0.0,2.6,22.4,25.4,MOD - HVY RASH,SUMMARY OF DAILY PCPN 2026 ILOILO.pdf,6
2026-06-24,16.6,0.0,0.0,0.0,16.6,LGT-MOD W/ OCC HVY W/ TSTM,SUMMARY OF DAILY PCPN 2026 ILOILO.pdf,6
2026-06-25,0.0,0.0,0.0,0.0,0.0,,SUMMARY OF DAILY PCPN 2026 ILOILO.pdf,6
2026-06-26,0.0,0.2,0.0,0.0,0.2,LGT RASH,SUMMARY OF DAILY PCPN 2026 ILOILO.pdf,6
2026-06-27,0.0,0.0,0.0,0.0,0.0,,SUMMARY OF DAILY PCPN 2026 ILOILO.pdf,6
2026-06-28,0.0,0.0,0.0,0.0,0.0,,SUMMARY OF DAILY PCPN 2026 ILOILO.pdf,6
2026-06-29,12.2,3.2,0.6,1.2,17.2,LGT - MOD RASH,SUMMARY OF DAILY PCPN 2026 ILOILO.pdf,6
2026-06-30,0.6,0.0,0.0,0.0,0.6,LGT RASH,SUMMARY OF DAILY PCPN 2026 ILOILO.pdf,6
2026-07-01,0.0,0.0,0.0,0.0,0.0,,SUMMARY OF DAILY PCPN 2026 ILOILO.pdf,7
2026-07-02,3.4,0.0,0.0,0.0,3.4,LGT RASH,SUMMARY OF DAILY PCPN 2026 ILOILO.pdf,7
2026-07-03,0.0,0.0,0.0,13.0,13.0,LGT-MOD RASH,SUMMARY OF DAILY PCPN 2026 ILOILO.pdf,7
2026-07-04,0.0,0.0,0.0,0.0,0.0,,SUMMARY OF DAILY PCPN 2026 ILOILO.pdf,7
2026-07-05,0.0,0.0,0.0,0.0,0.0,LGT RASH,SUMMARY OF DAILY PCPN 2026 ILOILO.pdf,7
2026-07-06,0.0,0.0,0.0,0.0,0.0,LGT RASH,SUMMARY OF DAILY PCPN 2026 ILOILO.pdf,7
2026-07-07,0.0,0.0,1.8,0.0,1.8,LGT RASH,SUMMARY OF DAILY PCPN 2026 ILOILO.pdf,7
2026-07-08,0.0,0.6,0.0,2.8,3.4,LGT RASH,SUMMARY OF DAILY PCPN 2026 ILOILO.pdf,7
2026-07-09,0.1,2.4,0.4,0.4,3.3,LGT RASH,SUMMARY OF DAILY PCPN 2026 ILOILO.pdf,7
2026-07-10,1.4,51.0,35.8,16.0,104.2,TORRENTIAL RAINS,SUMMARY OF DAILY PCPN 2026 ILOILO.pdf,7
2026-07-11,0.4,67.0,33.0,15.6,116.0,HVY W/ AT TIMES TORRENTIAL,SUMMARY OF DAILY PCPN 2026 ILOILO.pdf,7
2026-07-12,1.0,5.6,1.0,0.0,7.6,LGT-MOD RASH,SUMMARY OF DAILY PCPN 2026 ILOILO.pdf,7
2026-07-13,0.0,0.5,0.5,0.0,1.0,LGT RASH,SUMMARY OF DAILY PCPN 2026 ILOILO.pdf,7
2026-07-14,0.0,0.0,0.0,0.0,0.0,,SUMMARY OF DAILY PCPN 2026 ILOILO.pdf,7
2026-07-15,0.0,0.0,0.0,0.0,0.0,,SUMMARY OF DAILY PCPN 2026 ILOILO.pdf,7
2026-07-16,0.0,0.0,0.0,0.0,0.0,,SUMMARY OF DAILY PCPN 2026 ILOILO.pdf,7
2026-07-17,0.0,0.0,0.0,0.0,0.0,,SUMMARY OF DAILY PCPN 2026 ILOILO.pdf,7
2026-07-18,0.0,0.0,0.0,0.0,0.0,,SUMMARY OF DAILY PCPN 2026 ILOILO.pdf,7
2026-07-19,0.0,0.4,0.2,0.0,0.6,LGT RASH,SUMMARY OF DAILY PCPN 2026 ILOILO.pdf,7
2026-07-20,0.0,0.0,0.0,0.0,0.0,LGT RASH,SUMMARY OF DAILY PCPN 2026 ILOILO.pdf,7
2026-07-21,0.0,5.0,0.0,0.0,5.0,LGT-MOD RASH,SUMMARY OF DAILY PCPN 2026 ILOILO.pdf,7
2026-07-22,0.0,3.8,4.2,0.0,8.0,LGT-MOD RASH,SUMMARY OF DAILY PCPN 2026 ILOILO.pdf,7
2026-07-23,0.0,0.0,42.8,38.0,80.8,HVY - TORRENTIAL RAINS,SUMMARY OF DAILY PCPN 2026 ILOILO.pdf,7
2026-07-24,13.4,10.4,5.2,0.0,29.0,MOD-HVY RAINS,SUMMARY OF DAILY PCPN 2026 ILOILO.pdf,7
2026-07-25,0.0,0.0,0.0,0.0,0.0,LGT RASH,SUMMARY OF DAILY PCPN 2026 ILOILO.pdf,7
2026-07-26,2.0,0.0,0.0,0.0,2.0,LGT RASH,SUMMARY OF DAILY PCPN 2026 ILOILO.pdf,7
2026-07-27,0.0,0.0,0.0,0.0,0.0,,SUMMARY OF DAILY PCPN 2026 ILOILO.pdf,7
2026-07-28,0.0,2.0,0.0,0.0,2.0,LGT RASH,SUMMARY OF DAILY PCPN 2026 ILOILO.pdf,7
2026-07-29,0.0,1.8,0.0,0.0,1.8,LGT RASH,SUMMARY OF DAILY PCPN 2026 ILOILO.pdf,7
2026-07-30,0.0,0.0,0.0,0.0,0.0,LGT - MOD RASH,SUMMARY OF DAILY PCPN 2026 ILOILO.pdf,7
2026-07-31,1.2,9.0,1.0,0.0,11.2,LGT-MOD RASH,SUMMARY OF DAILY PCPN 2026 ILOILO.pdf,7
2026-08-01,0.0,0.0,0.0,0.0,0.0,LGT RASH,SUMMARY OF DAILY PCPN 2026 ILOILO.pdf,8
2026-08-02,0.0,0.0,0.0,0.0,0.0,,SUMMARY OF DAILY PCPN 2026 ILOILO.pdf,8
2026-08-03,1.0,0.2,4.0,0.0,5.2,LGT RASH,SUMMARY OF DAILY PCPN 2026 ILOILO.pdf,8
2026-08-04,0.0,11.0,0.6,0.0,11.6,LGT - MOD RASH,SUMMARY OF DAILY PCPN 2026 ILOILO.pdf,8
2026-08-05,4.6,4.2,0.0,8.2,17.0,MOD RASH,SUMMARY OF DAILY PCPN 2026 ILOILO.pdf,8
2026-08-06,3.6,0.0,3.8,13.4,20.2,MOD RASH,SUMMARY OF DAILY PCPN 2026 ILOILO.pdf,8
2026-08-07,1.4,0.0,1.0,15.6,18.0,LGT-MOD W/ OCC HVY,SUMMARY OF DAILY PCPN 2026 ILOILO.pdf,8
2026-08-08,30.0,0.4,4.0,0.4,34.8,LGT-MOD RASH,SUMMARY OF DAILY PCPN 2026 ILOILO.pdf,8
2026-08-09,0.4,10.8,17.4,22.4,51.0,MOD-HVY RASH,SUMMARY OF DAILY PCPN 2026 ILOILO.pdf,8
2026-08-10,4.6,5.4,20.4,2.0,32.4,MOD-HVY RASH,SUMMARY OF DAILY PCPN 2026 ILOILO.pdf,8
2026-08-11,0.0,7.6,0.0,24.6,32.2,MOD-HVY RASH,SUMMARY OF DAILY PCPN 2026 ILOILO.pdf,8
2026-08-12,0.0,0.0,0.0,0.0,0.0,,SUMMARY OF DAILY PCPN 2026 ILOILO.pdf,8
2026-08-13,0.0,0.0,0.0,0.0,0.0,,SUMMARY OF DAILY PCPN 2026 ILOILO.pdf,8
2026-08-14,0.8,0.6,0.0,0.0,1.4,LGT RASH,SUMMARY OF DAILY PCPN 2026 ILOILO.pdf,8
2026-08-15,0.4,0.0,0.0,0.0,0.4,LGT RASH,SUMMARY OF DAILY PCPN 2026 ILOILO.pdf,8
2026-08-16,0.0,0.0,0.0,3.6,3.6,LGT RASH,SUMMARY OF DAILY PCPN 2026 ILOILO.pdf,8
2026-08-17,1.2,0.2,103.6,5.4,110.4,HVY-TORRENTIAL W/ TSTM,SUMMARY OF DAILY PCPN 2026 ILOILO.pdf,8
2026-08-18,8.4,17.8,34.0,0.0,60.2,HVY - INTENSE W/ TSTM,SUMMARY OF DAILY PCPN 2026 ILOILO.pdf,8
2026-08-19,0.0,0.0,0.0,0.0,0.0,,SUMMARY OF DAILY PCPN 2026 ILOILO.pdf,8
2026-08-20,0.0,0.0,0.0,0.0,0.0,,SUMMARY OF DAILY PCPN 2026 ILOILO.pdf,8
2026-08-21,0.0,0.0,0.0,0.0,0.0,,SUMMARY OF DAILY PCPN 2026 ILOILO.pdf,8
2026-08-22,0.0,0.0,0.0,0.0,0.0,,SUMMARY OF DAILY PCPN 2026 ILOILO.pdf,8
2026-08-23,0.0,0.0,0.0,0.0,0.0,,SUMMARY OF DAILY PCPN 2026 ILOILO.pdf,8
2026-08-24,0.0,0.0,1.5,44.2,45.7,HVY-INTENSE W/ TSTM,SUMMARY OF DAILY PCPN 2026 ILOILO.pdf,8
2026-08-25,16.6,0.0,0.0,0.2,16.8,MOD RASH,SUMMARY OF DAILY PCPN 2026 ILOILO.pdf,8
2026-08-26,4.6,0.0,0.0,1.0,5.6,LGT - MOD RASH,SUMMARY OF DAILY PCPN 2026 ILOILO.pdf,8
2026-08-27,1.6,13.0,1.0,0.0,15.6,LGT - MOD RASH,SUMMARY OF DAILY PCPN 2026 ILOILO.pdf,8
2026-08-28,0.0,5.0,6.0,42.2,53.2,LGT - MOD W/ OCC HVY,SUMMARY OF DAILY PCPN 2026 ILOILO.pdf,8
2026-08-29,6.8,0.0,2.0,0.0,8.8,LGT - MOD RASH,SUMMARY OF DAILY PCPN 2026 ILOILO.pdf,8
2026-08-30,11.6,5.8,1.8,0.2,19.4,LGT - MOD RASH,SUMMARY OF DAILY PCPN 2026 ILOILO.pdf,8
2026-08-31,3.6,0.0,0.0,0.0,3.6,LGT RASH,SUMMARY OF DAILY PCPN 2026 ILOILO.pdf,8
2026-09-01,2.0,0.0,0.0,1.6,3.6,LGT RASH,SUMMARY OF DAILY PCPN 2026 ILOILO.pdf,9
2026-09-02,0.0,,0.6,2.8,3.4,LGT RASH,SUMMARY OF DAILY PCPN 2026 ILOILO.pdf,9
2026-09-03,7.0,2.0,12.6,7.4,29.0,MOD-HVY RASH,SUMMARY OF DAILY PCPN 2026 ILOILO.pdf,9
2026-09-04,17.0,35.8,35.4,0.0,88.2,LGT-MOD W/ OCC HVY W/ TSTM,SUMMARY OF DAILY PCPN 2026 ILOILO.pdf,9
2026-09-05,0.0,0.0,4.4,0.0,4.4,LGT RASH,SUMMARY OF DAILY PCPN 2026 ILOILO.pdf,9
2026-09-06,0.0,0.0,20.0,6.0,26.0,MOD W/ TSTM,SUMMARY OF DAILY PCPN 2026 ILOILO.pdf,9
2026-09-07,0.2,0.0,0.0,0.0,0.2,LGT RASH,SUMMARY OF DAILY PCPN 2026 ILOILO.pdf,9
2026-09-08,0.0,0.0,0.0,0.0,0.0,,SUMMARY OF DAILY PCPN 2026 ILOILO.pdf,9
2026-09-09,0.0,3.6,8.0,0.6,12.2,LGT-MOD RASH,SUMMARY OF DAILY PCPN 2026 ILOILO.pdf,9
2026-09-10,12.6,0.0,0.0,0.0,12.6,LGT-MOD RASH,SUMMARY OF DAILY PCPN 2026 ILOILO.pdf,9
2026-09-11,0.0,0.0,0.0,0.0,0.0,,SUMMARY OF DAILY PCPN 2026 ILOILO.pdf,9
2026-09-12,0.0,2.0,0.0,0.0,2.0,LGT RASH,SUMMARY OF DAILY PCPN 2026 ILOILO.pdf,9
2026-09-13,0.0,0.0,0.0,0.0,0.0,LGT RASH,SUMMARY OF DAILY PCPN 2026 ILOILO.pdf,9
2026-09-14,4.0,12.6,0.0,0.0,16.6,LGT-MOD W/ TSTM,SUMMARY OF DAILY PCPN 2026 ILOILO.pdf,9
2026-09-15,0.0,23.4,0.0,0.0,23.4,MOD-HVY RASH W/ TSTM,SUMMARY OF DAILY PCPN 2026 ILOILO.pdf,9
2026-09-16,26.6,7.0,0.0,14.6,48.2,LGT-MOD W/ TSTM,SUMMARY OF DAILY PCPN 2026 ILOILO.pdf,9
2026-09-17,0.0,0.0,2.6,1.2,3.8,LGT RASH,SUMMARY OF DAILY PCPN 2026 ILOILO.pdf,9
2026-09-18,2.0,0.0,0.0,0.0,0.0,LGT RASH,SUMMARY OF DAILY PCPN 2026 ILOILO.pdf,9
2026-09-19,0.0,0.0,0.0,0.0,0.0,,SUMMARY OF DAILY PCPN 2026 ILOILO.pdf,9
2026-09-20,0.0,0.0,0.0,0.0,0.0,,SUMMARY OF DAILY PCPN 2026 ILOILO.pdf,9
2026-09-21,0.0,0.0,0.0,0.0,0.0,,SUMMARY OF DAILY PCPN 2026 ILOILO.pdf,9
2026-09-22,0.0,0.0,0.0,0.0,0.0,LGT RASH,SUMMARY OF DAILY PCPN 2026 ILOILO.pdf,9
2026-09-23,,,,,,,SUMMARY OF DAILY PCPN 2026 ILOILO.pdf,9
2026-09-24,,,,,,,SUMMARY OF DAILY PCPN 2026 ILOILO.pdf,9
2026-09-25,,,,,,,SUMMARY OF DAILY PCPN 2026 ILOILO.pdf,9
2026-09-26,,,,,,,SUMMARY OF DAILY PCPN 2026 ILOILO.pdf,9
2026-09-27,,,,,,,SUMMARY OF DAILY PCPN 2026 ILOILO.pdf,9
2026-09-28,,,,,,,SUMMARY OF DAILY PCPN 2026 ILOILO.pdf,9
2026-09-29,,,,,,,SUMMARY OF DAILY PCPN 2026 ILOILO.pdf,9
2026-09-30,,,,,,,SUMMARY OF DAILY PCPN 2026 ILOILO.pdf,9
